"dimension","currentness_state","evidence_class_code","coverage_state","latest_yemen_evidence","period","evidence_description","master_basis","public_now","measurement_next","note","legacy_classification"
"Account ownership (access)","DATED","SURVEY","SUFFICIENT_FOR_QUESTION","11.9% of adults 15+ in covered areas (latest representative measure)","2021 Findex wave; Yemen fieldwork 2022-11-07 to 2023-01-09","Representative survey (coverage excludes ~23% of population)","25_FINDEX_BASELINE; CLM-001; CLM-025","/people/","MA-001","Latest representative is not current; reform clock runs ahead (CWR-004).","DATED-HISTORICAL"
"Active use / frequency of use","DATED","SURVEY; ANALYTICAL; PROGRAMME","PARTIAL","Survey variables specified but not computed; historical five-provider dormancy ~23% (2016–2019); FMIIP project baseline of 1,062,441 active bank and 375,252 active e-wallet accounts (Jan-2025, project-defined)","2016–2019; Jan-2025","Microdata (compute required); historical provider study; programme baseline","27_FINDEX_SUBGROUPS (CONTROLLED_MICRODATA_WEIGHTED_COMPUTE_REQUIRED); CLM-050; 31 FMIIP-RF-013/015","/payments/; /reforms/ (after PB-0340)","MA-002","Accounts are not people; no unique repeat-user measure.","PARTIAL"
"Savings","HISTORICAL","SURVEY","PARTIAL","2014 weighted country profile; 2021 microdata held but not estimated","2014","Representative survey (historical)","26_FINDEX_HISTORY; CLM-029; CLM-031","/people/","MA-001","Do not present 2014 as current.","DATED-HISTORICAL"
"Borrowing (people)","HISTORICAL","SURVEY","PARTIAL","65.9% borrowed any money; 51.7% from family or friends; 0.4% from a financial institution","2014","Representative survey (historical)","26 FHOBS-2014-030…036; CLM-028","/people/","MA-001","","DATED-HISTORICAL"
"Digital payments (people)","DATED","SURVEY","MEASUREMENT_GAP","'Made or received a digital payment' specified in the 2021 panel; weighted compute required","2021 wave","Microdata (compute required)","27_FINDEX_SUBGROUPS","— (withheld until computed)","MA-001; MA-002","System-side counts (POS, subscribers) are not people-side use.","PARTIAL"
"Payment infrastructure","CURRENT","ADMINISTRATIVE","SUFFICIENT_FOR_QUESTION","POS terminals 561→1,473; transactions 8,015→24,026; value YER 320m→1.262bn; e-wallet subscribers 414,631→581,075 (2024 Q1–Q3) then 2,102,484 (2025 H1, break)","Mar-2025–Jan-2026; 2024–2025","CBY-Aden administrative reports","19_PAYMENTS_DATA; CLM-003; CLM-017","/payments/","MA-002; MA-010","Infrastructure is not use; series breaks rendered.","ADMINISTRATIVE ONLY"
"Remittances — household receipt","HISTORICAL","SURVEY","PARTIAL","18.3% of adults received domestic remittances; international receipt not measured","2014","Representative survey (historical)","CLM-030; 26_FINDEX_HISTORY","/remittances/; /people/","MA-001 (extended by PB-0325–0330)","Macro series are not household distribution.","DATED-HISTORICAL"
"Remittances — macro flows","ESTIMATED; PROJECTED","ADMINISTRATIVE; ANALYTICAL","PARTIAL","IMF-reported history 2018–2024 (US$1,861.7m in 2024); 2025 estimate; 2026–2030 projections; CBY AR2024/AR2025 vintages","2018–2030","IMF staff calculations; CBY annual reports","23_REMITTANCES; CLM-007; CLM-032…043","/remittances/","—","Two vintages; line breaks 2024→2025 (PB-0170–0196).","ADMINISTRATIVE ONLY"
"Remittance cost (affordability)","CURRENT","OTHER","PARTIAL","Saudi Arabia–Yemen 2.70% at US$200, 1.26% at US$500; UAE–Yemen 7.53% and 5.62%","2025 Q3","Price quotes (corridor-bounded)","VIS-REMITTANCE-COST; 23_REMITTANCES","/remittances/","—","Quotes are not realised costs or household expenditure.","CURRENT OBSERVATION"
"Provider presence (formal status)","CURRENT","REGULATORY","SUFFICIENT_FOR_QUESTION","26 licensed banks (12 MFBs) on the CBY-Aden list; 2026 roster 98/225/106 by source category; 14 dated status events to Sep-2026 (+Decision 18)","2026","Official lists (CBY-Aden authority scope)","22_PROVIDERS_DATA; CLM-008; CLM-009; CLM-019","/providers/","MA-005","Listing is not operation; authority scope is CBY-Aden (PB-0216).","CURRENT OBSERVATION"
"Access points / operating geography","DATED","PROGRAMME","MEASUREMENT_GAP","No verified point-level operating register; FMIIP counts 817 access points (project definition, Jan-2025; target 1,021)","Jan-2025","Programme baseline only","31 FMIIP-RF-004; XW-FMIIP-005; VIS-ACCESS-EVIDENCE-LAYER","/access/ (existing claims); the list-and-baseline section PB-0522 is HELD (literal-closure rule)","MA-005","No operating-provider map may be drawn from lists.","MEASUREMENT GAP"
"Rural / urban (people)","HISTORICAL","ANALYTICAL","MEASUREMENT_GAP","Rurality breakdown on hold pending microdata and method review; historical provider concentration 93.8% urban (2016–2019, five providers)","2016–2019","Historical provider study","27_FINDEX_SUBGROUPS (HOLD__MICRODATA_PLUS_RURALITY_METHOD_REVIEW); CLM-052","/access/ (historical only)","MA-001; MA-005","Survey excludes ~23% of population geography.","MEASUREMENT GAP"
"Affordability of accounts and services","DATED","SURVEY","MEASUREMENT_GAP","'Too expensive' as a reason for no account specified in the 2021 panel; compute required","2021 wave","Microdata (compute required)","27_FINDEX_SUBGROUPS","—","MA-001","Fees and charges are not measured for users.","PARTIAL"
"Service reliability and quality","UNKNOWN","OTHER","NO_EVIDENCE","No uptime, failure, latency or cash-out availability evidence","—","—","10 MA-010 dimensions","/measurement/","MA-010","Missing is not failure (CWR-009).","MEASUREMENT GAP"
"Consumer protection and redress","CURRENT","REGULATORY","PARTIAL","Framework and complaint path documented (FCP instructions No. 589, 20-Aug-2023; 10/14 business-day windows); no complaint volumes or outcomes","2023–2024","Regulatory instruments","31 consumer protection block; CLM-011; DS-FCP-ARCH","/reforms/","MA-006","Rules are not experienced outcomes.","ADMINISTRATIVE ONLY"
"Financial literacy / capability","DATED","SURVEY; PROGRAMME","PARTIAL","OECD/INFE 2023 adult financial-literacy survey (verified against the report, acceptance correction A): overall financial-literacy score 42 out of 100 (Figure 2.1) and financial well-being score 15 out of 100 (Figure 4.1); Yemen sample 1,000; fieldwork 11 March–1 April 2023; telephone and face-to-face; the attitude score uses the two required attitude questions. Survey-scoped values, not population rates; no ranking adopted. Programme activity (Global Money Week 2023–2025) is activity, not capability.","2023","International survey (OECD/INFE 2023, Yemen sample) + programme activity","29_OECD_BENCHMARKS (PB-0108); CLM-013; VIS-FL-EVIDENCE-LADDER","/people/ (status only)","MA-001","PRIMARY_SOURCE_PENDING (U-02). Activity is not capability.","PARTIAL"
"Digital capability (phone, internet)","DATED","SURVEY","MEASUREMENT_GAP","'Owns a mobile phone' and 'internet access' specified in the 2021 panel; compute required","2021 wave","Microdata (compute required)","27_FINDEX_SUBGROUPS","—","MA-001; MA-007","","PARTIAL"
"Financial health / resilience","DATED","SURVEY","MEASUREMENT_GAP","Emergency funds in 7 and 30 days, and financial worry, specified in the 2021 panel; compute required","2021 wave","Microdata (compute required)","27_FINDEX_SUBGROUPS; VIS-FINDEX-RESILIENCE","— (table-only record)","MA-001","No composite resilience score. OECD/INFE 2023 records a Yemen financial well-being score of 15 out of 100 for its survey sample (a different construct from Findex resilience).","PARTIAL"
"Gender","DATED","SURVEY","SUFFICIENT_FOR_QUESTION","Women 5.44%, men 18.35%, 12.91-point gap (account ownership)","2021 wave","Representative survey","25_FINDEX_BASELINE; FSG-0004; CLM-002","/people/","MA-003","Levels first; causes not established.","DATED-HISTORICAL"
"Income","DATED","SURVEY","SUFFICIENT_FOR_QUESTION","Poorest 40% 6.5%, richest 60% 15.5%, about 9.0 points","2021 wave","Representative survey","25_FINDEX_BASELINE; FSG-0004; CLM-061 (new)","/people/ (after PB-0302)","MA-003","","DATED-HISTORICAL"
"Education","DATED","SURVEY","PARTIAL","Primary or less: 6.98% (level only; complementary group not held)","2021 wave","Representative survey (incomplete pair)","25_FINDEX_BASELINE; PARTIAL_HOLD_FOR_COMPLETE_PAIR","/people/ (after PB-0302)","MA-003","No education gap stated.","PARTIAL"
"Age","DATED","SURVEY","MEASUREMENT_GAP","Held for value control or microdata","2021 wave","Microdata (compute required)","27_FINDEX_SUBGROUPS (HOLD_FOR_VALUE_CONTROL_OR_MICRODATA)","—","MA-003","","PARTIAL"
"Displacement status","UNKNOWN","CONTEXT","MEASUREMENT_GAP","No comparable inclusion measure by displacement status","—","Humanitarian context only (not FI evidence)","MA-003; 35_OCHA_WB_CONTEXT","—","MA-003","Context is not a measure (ECONOMIC_CONTEXT_USAGE_POLICY.md).","MEASUREMENT GAP"
"Disability","UNKNOWN","OTHER","NO_EVIDENCE","None in the evidence base (only a 2004 World Bank narrative in context sheets)","—","—","35_OCHA_WB_CONTEXT (historical narrative)","—","MA-003 (candidate dimension)","Do not fill with global data.","NO CURRENT EVIDENCE"
"Identity / KYC / onboarding","CURRENT","REGULATORY; SURVEY","PARTIAL","KYC and e-money rules documented; 'lack of documentation' as a reason for no account specified in the 2021 panel; no journey-level evidence","2023–2025 rules; 2021 wave","Regulatory; microdata (compute required)","31 e-money block; CLM-012; 27_FINDEX_SUBGROUPS","/payments/ (rules)","MA-007","Rules are not onboarding outcomes.","PARTIAL"
"Digital safety / fraud","UNKNOWN","REGULATORY","NO_EVIDENCE","Only a dated negative list of unlicensed e-payment services (2024-06-26)","2024","Regulatory status event","CLM-015; PSE-001","/providers/","MA-006 (complaints)","A negative list is not a fraud-incidence measure.","NO CURRENT EVIDENCE"
"Firms / MSME finance","DATED","SURVEY","PARTIAL","2022 seven-governorate survey: 58.2% of formal firms hold an account; working capital 69.12% internal vs 0.56% banks; 22% cite finance as a challenge; 91.84% severity in a filtered base; informal firms 80.18% without an account","2022-09","Custom enterprise survey (sample-bounded, not national)","20_FIRM_FINANCE; CLM-005; CLM-006; VIS-FIRM-*","/firms/ (existing claims CLM-005/CLM-006); the account and working-capital section PB-0520 is HELD (literal-closure rule)","MA-004","Multi-response shares are not rankings.","DATED-HISTORICAL"
"MSME programme reach","DATED","PROGRAMME","PARTIAL","SMEPS: 8,217 MSMEs supported in 2024; 31,560 in 2021–2024; KPI 19% (2024), 15% (2021–2024) vs 40% target","2021–2024","Programme reporting","CLM-059; CLM-060","/firms/","MA-004","Programme universe, not national.","PROGRAMME ONLY"
"Microfinance outreach","HISTORICAL","ADMINISTRATIVE; ANALYTICAL","PARTIAL","Verified anchors 93,118 (end-2015) and 88,445 (end-2020) active borrowers; 2023 secondary values; nominal portfolio and saver measures not harmonised","2015–2023","Provider reporting panels; secondary source","21_MFI_DATA; CLM-053…058; VIS-MFI-*","/finance/","MA-004 (partly)","No USD or real change; separate anchors (LEAD-B01).","PARTIAL"
"Banking system (credit, deposits)","CURRENT","ADMINISTRATIVE","PARTIAL","Bank credit to the private sector YER 1,350.4bn (May 2026); monthly monetary series; valuation break Jan-2023","to May-2026","CBY-Aden statistics (authority-bounded)","18_CBY_MONETARY; CLM-033; CLM-038","/finance/ (context only; the May-2026 bank-credit magnitude PB-0160/0161 is HELD — no Evidence Record binds SRC-CBY-001)","MA-008 (credit use)","No soundness diagnosis; no ratio to microfinance.","CURRENT OBSERVATION"
"Insurance","UNKNOWN","OTHER","NO_EVIDENCE","None","—","—","—","—","— (not prioritised)","Do not fill with global data.","NO CURRENT EVIDENCE"
"Pensions","UNKNOWN","OTHER","NO_EVIDENCE","None beyond survey-codebook variables","—","—","24_FINDEX_CODEBOOK","—","— (not prioritised)","","NO CURRENT EVIDENCE"
"Regulatory implementation","CURRENT","REGULATORY","PARTIAL","E-money rules (2023, 2025 amendment); FCP 2023; FMIIP 2025; YPCC 2026; enforcement decisions 2026","2023–2026","Regulatory and institutional events","31_REFORMS_REGULATION; 14_SYSTEM_CHRONOLOGY; CLM-012; CLM-018","/reforms/","MA-010","Regulation is not implementation or outcome.","ADMINISTRATIVE ONLY"
"Humanitarian / G2P transfers → persistence","DATED","PROGRAMME","MEASUREMENT_GAP","G2Px Yemen UCT digital-payment pilot: 45,460 recipients in eight districts; no follow-up on persistence","2023–2026 (programme-specific)","Programme documentation","14 YSC-024; CLM-045; CWR-010","/payments/; /readings/after-transfer-persistence/","MA-009","Delivery is not durable use.","PROGRAMME ONLY"
