item,requirement,evidence,check,result,status
1,No unresolved public template token or stale inventory count,"content/public_inventory.json; validator P1-G01..G04, P4-G01",scan dist for template tokens; validator,template tokens in 0 pages; validator PASS,PASS
2,Flagship public pages have no material avoidable repetition,audit/P1_PUBLIC_TRUTH_EDITORIAL_CLOSURE.md §3; P2 closure §6,"exact repeated sentences (>= 8 words) on the eight domain pages, EN and AR",max repeats on a domain page = 1,PASS
3,Public/internal identifier treatment is coherent (PID-1),P1 closure §4; validator P1-G05,validator,validator PASS,PASS
4,Source lineage as complete as governed evidence honestly permits,sources/public_object_source_closure.json; audit/pre_tranche_c/SOURCE_LINEAGE_TRUTH_TEST.json; validator S04.2/S04.3,lineage states of Evidence Records; partial objects listed once; source-lineage truth test; publication firewall,"{'BOUND_EXACT': 93, 'COMPOSITE_OF_OBJECTS': 13, 'FRAMING_NO_FACT': 1, 'BOUND_PARTIAL': 3}; partial: CLM-039, CLM-046, CLM-056, RV-CWR-006; lineage truth test 'SOURCE LINEAGE TRUTH TEST PASS: 8/8'; validator PASS",PASS_WITH_RECORDED_LIMITS
5,Every high-value HELD public addition has a final disposition,P1 closure §7; FINDINGS_LEDGER.csv (session P1.6),each held-addition row is CLOSED (applied or rejected) or DEFERRED with a destination,"10 held additions: P1-X2 CLOSED (P1-C), P1-X3 CLOSED (P1-C), P1-H01 CLOSED (P1-C), P1-H02 CLOSED (P1-C), P1-H03 CLOSED (P1-C), P1-H04 CLOSED (P1-C), P1-H05 CLOSED (P1-C), P1-H06 CLOSED (rejected), P1-H07 CLOSED (rejected), P1-H08 DEFERRED (R8.5); other tracked open items (not held additions): ['P1-L11', 'P1-C06', 'P3-B01']",PASS
6,Reading verification paths are explicit,P1 closure §6; build reading_verification_links,each Reading page renders its proposition→record→source path,10 Readings × 2 languages; missing: none,PASS
7,Compare is shareable and reloadable through URL state,P2 closure §2; scripts/tests/test_public_tools.py,browser suite (11 Compare tests),"PUBLIC TOOL TESTS PASS: 25/26 passed, 1 not applicable to the current data",PASS
8,High-value search intents are strong; remaining weak intents are reasoned,scripts/search_canonical_probe.json; validator P2-G01; P2 closure §3,canonical probe (validator re-runs it),"after: {'PASS': 60}; legacy 28-term: {'PASS': 54, 'WEAK': 2}",PASS
9,The behavioural state of every core public tool is known,audit/P2_TOOL_DISCOVERY_CLOSURE.md §4; browser suite,browser suite,"PUBLIC TOOL TESTS PASS: 25/26 passed, 1 not applicable to the current data",PASS
10,All 36 visual contracts have a presentation-priority disposition,visuals/visual_design_contracts.json; P3 closure §2,tier per governed visual,"{'SIGNATURE': 3, 'CORE_ANALYTICAL': 12, 'SUPPORTING': 12, 'TABLE_TEXT_FIRST': 8, 'RETIRE_FROM_DESIGN': 1}",PASS
11,Every SIGNATURE/CORE visual is implementation-ready without reverse-engineering,data contracts; validator P3-G01; handoff/VISUAL_DESIGN_CONTRACT.md,complete data contract per SIGNATURE/CORE visual; release blockers recorded,release blockers: {},PASS
12,One canonical Reading-body authority exists,P4 closure §3; generator rule reading_sections; test_one_reading_truth,reading_sections.json is DERIVED from 08/03; 09 is a pure index and generation stops if text is written into it; generator tests,DERIVED / reading_sections; generator tests: OK,PASS
13,Limitations and prohibited inference have a deliberate final architecture,P4 closure §4; 06 limitations A | B; validator S04.1/P4-G02; test_boundary_parts_bilingual,both parts derived; bilingual parity,110 records; 38 with a recorded limit of the measure in both languages,PASS
14,All current-state control and handoff documents describe the actual repository,"P4 closure §2; validator P4-G01 (counts), P4-G03 (navigation), P4-G04 (hashes), P4-G05 (diagrams); rebind_authority.py",validator,validator PASS,PASS
15,Caches and temporary artefacts are absent,P4 closure §6,scan for __pycache__ and *.pyc (the gates run with PYTHONDONTWRITEBYTECODE=1),0 cache paths,PASS
16,The Master deterministically regenerates every controlled projection,scripts/generate_projections.py --check; scripts/tests/test_literal_audit_determinism.py,generator --check; literal audit identical across PYTHONHASHSEED values,"PROJECTION CHECK PASS; LITERAL AUDIT DETERMINISM PASS: 8 hash seeds, one SHA-256 320c3f01c8dd33ba8dab0b3a00fc13590043c9befbe26dcccaf6a87dfdf9f283",PASS
17,All validation gates remain green,generator check; generator tests; build; literal audit; validator; seed determinism; lineage truth test; diagram check; browser suite,exit codes,"check 0; tests 0; build 0; literal 'PUBLIC_LITERAL_CLOSURE records=8285 unresolved=0'; validator 'WEBSITE REPOSITORY VALIDATION PASS'; seed determinism 0; lineage truth 0; diagrams 0; browser PUBLIC TOOL TESTS PASS: 25/26 passed, 1 not applicable to the current data",PASS
18,"The resulting ZIP is one canonical repository state, not a parallel truth",SHA256SUMS.txt; single-root ZIP; AUTHORITY.json,Master hash equals AUTHORITY.json; checksum manifest verified at packaging,Master 397b330757de…; ZIP verification recorded in the P5 closure (audit/P5_INDEPENDENT_ACCEPTANCE_CORRECTIONS.md),PASS
