item_id,item,disposition,action,evidence,transaction_or_commit
R85-01,Duplicate reform events REF-PAY-006 / REF-PAY-010,MERGED,REF-PAY-010 deleted from 31; REF-PAY-006 kept (the visual contract draws it),Same date 2026-06-17 and same source item cby-ye.com/news/946; transaction R85-B D1 checks both before deleting,R85-B
R85-02,Duplicate reform events REF-PAY-007 / REF-PAY-013,MERGED,REF-PAY-007 deleted from 31; REF-PAY-013 kept,"Same date 2026-08-04 and source cby-ye.com/news/962; CLM-018 now lists REF-PAY-006, 011, 012, 013 by ID (the range REF-PAY-010..013 is gone); the visual-contract input no longer describes a de-duplication",R85-B
R85-03,page_contracts.json versus site_map.json,CONFIRMED GONE,No action,No tracked file named page_contracts*; the projection manifest has 39 outputs and site_map.json is the one route registry (titles of Evidence and Reading routes derive from 06/08),—
R85-04,audit/R6_…_CLOSURE(1).md,DELETED,git rm,Byte-identical to audit/R6_INFORMATION_DESIGN_AND_TECHNICAL_ARCHITECTURE_CLOSURE.md,R8.5 commit
R85-05,audit/R4_…_CLOSURE(1).md and audit/R8_3_…_CLOSURE(1).md,MOVED TO HISTORY,git mv to audit/prior-review-records/ as …__ALTERNATE_DRAFT(_AR).md with a README,"Both differ from the stage record; kept as lineage, no longer beside current records. Old names remain only inside historical records (SHA256 scan of Tranche B), which are not rewritten",R8.5 commit
R85-06,"Superseded queues, continuation prompts, stale handovers (TRANCHE_B_UNRESOLVED_QUEUE, CLAUDE_TRANCHE_B_CONTINUATION_…, R8_CONTINUATION_MASTER_HANDOVER_…, docs/S00–S06)",CLASSIFIED AS HISTORY,audit/INDEX.md §3 and FINAL_REPOSITORY_MANIFEST.json (AUDIT_HISTORY); INDEX says continuation handovers must not be executed,History is preserved and cannot be mistaken for current instructions; docs/* already carry HISTORICAL_LINEAGE banners,R8.5 commit
R85-07,"Public copy held in build.py and app.js (AR-29, EN-09, TRUST-25)",MOVED TO MASTER,195 labels into 04 (wording unchanged); 10 domain_ar; build reads ui_text/ui_fmt; app.js reads UI-JS-* from a JSON block the build writes,288 HTML files identical before/after except the JSON block; public tools 25/26 (1 n/a). Gates R85-G01..G03,R85-A
R85-08,404 copy (“current public route set”),REWRITTEN,"“The page may have moved, or the link may be out of date…” / «ربما نُقلت الصفحة أو أصبح الرابط قديمًا…»",Named in D7 §5A,R85-B C1
R85-09,"Corrections copy (“governed for publication”, “separately governed material-correction events”, “synthetic history”)",REWRITTEN,“A correction appears here only when a material correction has been made to a public record…”; empty state “No material corrections have been recorded yet.”,Named in D7 §5A; the control (no invented history) is unchanged,R85-B C1
R85-10,Domain disclosure (“Additional controlled detail from this route…”),REWRITTEN,"“More detail on this question, each item with its own period and limits.”",Named in D7 §5A; boundary preservation kept in plain words,R85-B C1
R85-11,"Other control language in interface copy (publication state, standalone locator, dependency, permitted by the controlled records, promote, governed fields, manufacture, scalar, public original locator)",REWRITTEN,16 further labels in both languages; 06 verification cells that mirror a changed template updated with them (closure rule v2),Scan of all 412 interface labels,R85-B C1
R85-12,P3-D02 analytics/label debt,FIXED,33 DA-023/024: “observed-wave change” → “difference between observed waves”; 06 XW-FMIIP-005 title “…compared with…” → “…is not comparable with…” (EN/AR),The record's finding is non-comparability; the title contradicted it (it appears in CWR-003's evidence path),"R85-B C2, D3"
R85-13,Currentness / record boilerplate,NARROWED,Arabic change-trigger sentence existed in two diacritic orders (83/23 records): all text cells normalised to Unicode NFC (32 cells). The generic change-trigger and verification sentences are kept,They are governed templates by lineage state (closure rule v2) and true on each detached record page; record-specific currentness text (94 distinct) is kept. Gate R85-G04,R85-B D4
R85-14,Resource Library taxonomy,CONSOLIDATED,16 near-duplicate categories on 28 curated cards → 6: official documents and statistics; research on the financial sector; economy and policy context; programmes and projects; measurement standards; payment-system design,One category (“…recipient financial-service exposure”) also carried the exposure calque in Arabic,R85-B D2
R85-15,“40 outputs” statements,HISTORY KEPT; CURRENT FACT STATED,P4/P5 records keep 40 (true then); the current count is 39 in scripts/projection/projection_manifest.json and FINAL_REPOSITORY_MANIFEST.json (GENERATED_PROJECTION = 39),D7 §5A: do not rewrite history; make the current fact unambiguous,R8.5 commit
R85-16,"Caches, .pyc, scratch, nested ZIPs, duplicate Masters, “copy/final” artefacts",NONE TRACKED,—,"git ls-files: no .pyc, __pycache__, .zip, second .xlsx Master or ‘copy’ artefact; .gitignore excludes them",—
R85-17,Font files,NOT BUNDLED,—,No font file is tracked; styles name IBM Plex Sans / IBM Plex Sans Arabic only. Delivery is a Code decision (handoff/ENGINEERING_HANDOFF_EXPECTATIONS.md),—
R85-18,Stale recipient prompts in handoff/,CARRIED TO F8 (R8.6),MASTER_IMPLEMENTATION_PROMPT retired and the Design/Code prompts rewritten in F8,R8.6 owns the recipient surface; rewriting it twice would be churn,F8
R85-19,docs/DEPLOYMENT.md described the Drive era,REWRITTEN,Git-era reference-build serving notes; states nothing is deployed,Current document,R8.5 commit
R85-20,Month names duplicated in build.py,REMOVED,Reading dates use source_date_text (one locale table),One owner for date formatting,R8.5 commit
R85-21,Repository manifest and audit index,CREATED,"FINAL_REPOSITORY_MANIFEST.json (scripts/repository_manifest.py, 18 classes, every tracked file); audit/INDEX.md",Gate R85-G09,R8.5 commit
