reading_id,section_or_field,candidate_phrase,accepted_replacement,reason,source_or_master_evidence,languages,affected_surfaces
CWR-001,opening / series,"The 2025 CBY report presents … USD 2.900 billion in 2021, USD 3.067 billion in 2022, USD 3.240 billion in 2023 and USD 3.422 billion in 2024",Series removed; the restated 2024 value printed as “about USD 3.42 billion”,"3.067 is a CauseWay rounding that appears in no governed text; the source unit is US$ million (3,422.16); Tranche B fixed the public precision at USD 3.42 billion (CLM-032) and the Reading's argument does not depend on the intermediate years","CLM-032; CLM-037 method (2,900.22; 3,066.58; 3,240.46; 3,422.16 US$ million)",both,Reading page; meta description; search record
CWR-001,The shape of the series,their paths through 2024 are almost identical,… the largest difference in annual growth over 2022–2024 is 0.0032 percentage points … the CBY-Aden value is 1.838 times the IMF value,"The quantified concordance is the Reading's most testable fact; the validator's representative numbers (0.0032, 1.838, 33%) are kept, not weakened",CLM-037; CLM-042; CLM-041,both,Reading page; S05 numeric signature
CWR-001,Arabic opening,ثم أورد تقرير 2025 قيمة قدرها 3.422 مليارات دولار للعام نفسه,ثم أعاد تقرير 2025 عرض قيمة عام 2024 عند 3.42 مليار دولار تقريبًا,Precision and 2024-count parity with English,CLM-032,AR,Reading page
CWR-001,Arabic,الحوالات,التحويلات,Consistency with the Evidence Records' balance-of-payments term,CLM-032 Arabic,AR,Reading page
CWR-001,standfirst,A revision in Yemen’s remittance data is a measurement event before it is an economic story.,Successive annual reports of the Central Bank of Yemen – Aden give very different remittance values for 2024. A revision of this size is a measurement event…,"The standfirst is also the domain-card summary and meta description; detached, it must name the fact",CLM-032,both,Reading hero; /remittances/ card; meta; search
CWR-002,structure,one-line paragraphs throughout,merged into paragraphs; lists kept,Staccato rhythm was the portfolio's most detectable template,—,both,Reading page
CWR-002,prohibited inference,(current) A same-year restatement does not show a credit or deposit boom or a change in solvency.,… or asset boom … and the evidence does not yet divide the jump between valuation and economic movement,"Adds the open decomposition, the Reading's central boundary",CLM-033; CLM-038,both,Reading hero boundary; page spec
CWR-003,standfirst,"Why people, accounts, subscribers, terminals and transactions cannot be treated as interchangeable measures of financial inclusion.","People, accounts, subscribers, terminals and transactions all describe parts of Yemen’s financial system. They are not interchangeable measures…",A thesis sentence survives detached use; a “Why …” fragment does not,CLM-004,both,Reading hero; /access/ card; meta
CWR-003,Start with the noun,"“11.9% of adults own an account” and “POS terminals rose from 561 to 1,473”","… “11.9% of adults aged 15 and over in the areas surveyed had an account” (Global Findex, fieldwork 2022–2023) and “POS terminals reported by the Central Bank of Yemen – Aden rose from 561 to 1,473 between March 2025 and January 2026”","Unit, universe, period and reporting scope travel with each quoted figure",CLM-001; CLM-003,both,Reading page
CWR-003,Programme measures,Financial Market Infrastructure and Inclusion Project (FMIIP) …,… and in the evidence base they are not [documented],"States why the target cannot be combined, from the record",XW-FMIIP-005,both,Reading page
CWR-003,Arabic,فالألف مستجيب … وليسوا المقام السكاني,"تضم دراسة Findex لليمن 1,000 مستجيب … وليسوا قاعدة الاحتساب السكانية",Figure as numeral for parity; «المقام» is rejected house vocabulary in public copy,CLM-023,AR,Reading page
CWR-003,list,numbered five-question list,bulleted list in both editions,Numbered lists print numerals that no record carries and that break bilingual number parity,—,both,Reading page
CWR-003,bindings,"CLM-004, 023–026","+ CLM-001, CLM-003, XW-FMIIP-005 (claim, evidence and verification bindings)",Every printed figure must come from a record the Reading binds,literal audit,—,Trace the evidence; Evidence Record ‘Used in’
CWR-004,standfirst,The gap between those clocks is not an answer to guess,The gap between the two is not an answer to guess,"“those clocks” has no referent when the standfirst is read alone (domain card, Home)",—,both,Reading hero; Home/Explore/Readings featured; /people/ card
CWR-004,opening,A 2026 regulatory decision can be current evidence of a rule.,The founding assembly of the Yemeni Payments and Clearing Company in August 2026 is current evidence of institution-building.,No 2026 regulatory decision is bound to this Reading; the governed 2026 event is institution-building,CLM-018,both,Reading page
CWR-004,POS clock,"POS terminals rose from 561 in March 2025 to 1,473 in January 2026",POS terminals reported by the Central Bank of Yemen – Aden rose … within its reporting scope,Reporting scope is part of the figure; not a national total,CLM-003,both,Reading page
CWR-004,structure,separate people/rule/infrastructure/programme sections; Arabic condensed,"one section, four paragraphs, identical structure in both editions",EN/AR section parity; fewer boxes,—,both,Reading page
CWR-004,Arabic,ولمسح الناس ساعته الخاصة … ساعة,أربعة توقيتات للقياس، وأربعة أسئلة,The clock metaphor reads as translation in Arabic and is rejected house vocabulary,validator backend-term list,AR,Reading page
CWR-004,list,persistence after programme or transfer exposure,persistence after programme participation or a transfer,Avoids the exposure calque in both editions,—,both,Reading page
CWR-004,bindings,CLM-049 in bindings,CLM-049 removed,The IMF Staff-Monitored Program is not used by the Reading; the evidence path must match the essay,CLM-049,—,Trace the evidence
CWR-005,standfirst,shows rapid growth in e-money accounts,records a large base of e-money accounts by 2019,"“Rapid growth” is not quantified in any governed record; 807,919 at December 2019 is",CLM-050,both,Reading hero; /payments/ card; meta
CWR-005,transaction mix,indicates approximately: 57.03% cash-in/cash-out …,… 57.03% of recorded e-money transaction value was cash-in or cash-out …,"The unit is value, not count; “approximately” contradicted two-decimal precision",CLM-051,EN,Reading page
CWR-005,Arabic,(no statement that the evidence is not a 2026 estimate),وهذه ليست تقديرات وطنية لعام 2026,Preflight parity item,CLM-052,AR,Reading page
CWR-005,title AR,متى يتحول النمو الرقمي إلى استخدام مستدام؟,متى يتحول النمو الرقمي إلى استخدام مستمر؟,«مستدام» reads as sustainability; the concept is persistence,—,AR,title everywhere; RV-CWR-005
CWR-006,title,Microfinance is growing. What exactly is growing?,What exactly do we mean by microfinance growth? / ماذا نعني تحديدًا بنمو التمويل الأصغر؟,Detached-quotation test: verified borrower counts after 2015 are lower; upward readings are nominal or definition-unharmonised; sector growth is unproven,CLM-054; CLM-057; CLM-058,both,title everywhere; /finance/ and /providers/ cards; search; meta
CWR-006,borrowers,"World Bank historical diagnostics describe … broadly around 80,000–90,000",… through 2021 …,The period is part of the observation,CLM-058,both,Reading page
CWR-006,institutions,The institutional landscape has also changed,"The licensed-bank list of the Central Bank of Yemen – Aden, as checked on 7 September 2026, names 26 banks, 12 of which this resource classifies as microfinance banks from their names",A change over time is not measured; a dated listing is,CLM-055,both,Reading page
CWR-006,sources,citing SFD/SMED data,citing SFD data,Arabic has no governed form of SMED; the unit is part of SFD,CLM-054,both,Reading page
CWR-006,prohibited inference,(current) Saver/depositor growth …,"Changes in saver or depositor counts … and the borrower, saver and portfolio observations do not form one harmonised trend",“Growth” presumed a direction the evidence does not establish,CLM-054,both,Reading hero; page spec
CWR-007,standfirst,"Women’s account ownership rose between observed Findex waves, yet …",The latest Findex observation shows a large gap … inside a system where few adults of either sex have an account,The 2014 women’s value exists only in Master table 26; no public record binds it; the argument does not need it,26_FINDEX_HISTORY FHOBS-2014-002,both,Reading hero; /people/ card; meta
CWR-007,title,The gap is measured. The explanation is still open.,The gender gap is measured. Its explanation is still open.,"Detached, “the gap” names nothing",—,both,title everywhere
CWR-007,mechanism,"International literature provides hypotheses, not Yemen-specific causal answers.","For Yemen these are hypotheses to test, not findings",No unbound external authority,—,both,Reading page
CWR-007,income gap,a 9 pp income gap … between the poorest 40% and richest 60%,a gap of about 9.0 percentage points between adults in the poorest 40% of households by income (6.5%) and those in the richest 60% (15.5%),Group values and denominator stated; precision as governed,VIS-FINDEX-GAPS,both,Reading page; bindings
CWR-007,design list,numbered four-part list,one sentence,Numbered list numerals; parity,—,both,Reading page
CWR-007,vocabulary,latest controlled …,latest …,“Controlled” is internal product-control language,—,both,Reading page
CWR-008,opening,In the 2022 custom survey of 328 formal enterprises … 22% reported access to finance,"Among formal firms in a 2022 custom survey covering seven selected governorates, 22% named access to finance …; Firms could name more than one challenge",The base of the 22% is not held; asserting 328 would imply 72 firms,VIS-FIRM-CONSTRAINTS; CLM-005,both,Reading page
CWR-008,evidence path,From 328 surveyed firms: 31 … only 18 valid responses remained,… the question on loan sources has 18 valid responses; the evidence base does not show whether those 18 come from the 31,"The funnel wording implied the 18 are a subset of the 31, which is not established",VIS-FIRM-FINANCE-PATH,both,Reading page
CWR-008,working capital,roughly … 16.66% other sources including money lenders/friends/relatives,"16.66% from money lenders, friends or relatives; “These are average shares, not shares of firms”",Governed item wording; unit of the figures,CLM-062,both,Reading page
CWR-008,indicator,(absent),it is not the standard Enterprise Survey “biggest obstacle” indicator,Standard/custom indicator relationship (mandatory adjudication),VIS-FIRM-CONSTRAINTS limitations,both,Reading page
CWR-008,Arabic,ذكرت 22% الوصول إلى التمويل ضمن تحديات الأعمال,أفادت 22% من المنشآت بأن الوصول إلى التمويل كان من بين التحديات التي تواجه أعمالها,Natural Arabic with the exact question,—,AR,Reading page
CWR-008,Arabic,(partial working-capital mix; 328/31/18 path condensed),"full six-part mix and path, same payload as English",Semantic and numeric co-authority,CLM-062; VIS-FIRM-FINANCE-PATH,AR,Reading page
CWR-008,Arabic,أن 91.84% تعني أن معظم منشآت اليمن مقيدة,أن كل منشآت اليمن تقريبًا مقيدة تمويليًا بشدة,“nearly all” ≠ “most”,—,AR,Reading page
CWR-008,question (08),How can access to finance be reported by 22% as a business challenge while finance severity is very high in a different question?,"In a 2022 survey of formal firms in seven governorates, how can 22% name access to finance … while 91.84% of a filtered group rate it a major or moderate obstacle?",BIL-05 item 2: the English question carries the survey frame,CLM-005; CLM-006,both,Readings index; search; page spec
CWR-008,bindings,"CLM-005, 006, 060","+ CLM-062, VIS-FIRM-CONSTRAINTS, VIS-FIRM-FINANCE-PATH",Every printed figure bound,literal audit,—,Trace the evidence
CWR-008,~50% narrative,kept out,kept out,No governed record; base unknown; the Reading does not need it,—,—,—
CWR-009,opening,"During 2026, official records also document additional institution-building around payment and clearing arrangements.","Between June and August 2026, its records also document … integration work on the unified domestic money-transfer network, and the founding of the Yemeni Payments and Clearing Company.","Dated and specific, as governed",CLM-018,both,Reading page
CWR-009,chain,(no example of links out of step),"YPCC is an institution that has been established, not a system in operation; FPS and RTGS not yet operational in January 2025",Anchors the proof chain in governed Yemen evidence,CLM-018,both,Reading page
CWR-009,why it matters,"Conflict, fragmented authority, infrastructure constraints …","Fragmented authority, infrastructure constraints and different reporting universes …",Conflict is not used as a blanket explanation (Specialist E rule),—,both,Reading page
CWR-009,Arabic chain,قاعدة أو تمويل → تنفيذ …,قاعدة أو تمويل ← تنفيذ …,In right-to-left text the arrow must point in the reading direction,validator P3-G04 rule,AR,Reading page
CWR-010,Arabic,الوصول أو التعرض للخدمة المالية,إتاحة حساب قابل للاستخدام,Calque,—,AR,Reading page
CWR-010,Arabic,وتعريض المستفيدين لحسابات قابلة للاستخدام,وعلى إتاحة حسابات قابلة للاستخدام للمستفيدين,Calque,—,AR,Reading page
CWR-010,Arabic,نقطة نهائية سلبية لدفعة برنامجية,متلقيًا سلبيًا لدفعة برنامجية,Calque,—,AR,Reading page
CWR-010,choice,"Global G2P practice increasingly treats choice, functional accounts, access points … as central design features.",Whether an account can become more than a payment channel depends on design features such as …,No unbound external authority,—,both,Reading page
CWR-010,windows,"after 30, 90, 180 or 365 days","a month, three months, six months and a year later",No unbound numerals; same meaning,—,both,Reading page
CWR-010,opening,"benefiting 45,460 recipients","reported by programme partners to have benefited 45,460 recipients … The 45,460 figure counts recipients reported by the programme, not people who kept using an account",Source status and unit of the figure,CLM-045,both,Reading page; standfirst; meta
CWR-010,prohibited inference,"(current) Beneficiaries, members of VSLAs and opened wallets …","A delivered payment, a recipient count or an opened account is not durable active use unless follow-up shows continued use, and immediate cash-out is not by itself evidence of failure",Matches the essay; VSLAs are not in it,CLM-045,both,Reading hero; page spec
ALL,ending,What would change this reading? (semantic function),Final section of every Reading; then Trace the evidence; then 1–2 related Readings,Portfolio signature; enforced by RP-G01,—,both,every Reading page
ALL,retired section,s9 “Trace the reading back to evidence” (generic boilerplate),deleted; the evidence path is the page's Trace the evidence block,Template residue,—,both,every Reading page; full copy; search
ALL,visuals,three to four governed blocks per Reading page,one signature RV-CWR visual after the opening,Editorial direction; RP-G02,11 public_routes,both,every Reading page
INDEX,/readings/,Evidence turned into decision-relevant analysis; card wall,Evidence Readings / قراءات الأدلة; programme-owner definition verbatim; one featured Reading and an editorial list,Family identity and index composition,—,both,/readings/; nav; search; meta
