"source_id","excel_row","public_card_state","primary_url","proposed_publisher_en","proposed_publisher_ar","derivation_basis","status"
"SRC-CBY-001","5","LOCATOR_ONLY","https://english.cby-ye.com/files/6a5a2e6bcc3cd.pdf","Central Bank of Yemen – Aden","البنك المركزي اليمني – عدن","URL host 'english.cby-ye.com'","PROPOSAL__CONFIRM_AT_EXECUTION"
"SRC-CBY-BANKLIST-AR-2026-001","6","LOCATOR_ONLY","https://english.cby-ye.com/files/69dfc71a51c14.pdf","Central Bank of Yemen – Aden","البنك المركزي اليمني – عدن","URL host 'english.cby-ye.com'","PROPOSAL__CONFIRM_AT_EXECUTION"
"SRC-CBY-ENF-01-2026","7","LOCATOR_ONLY","https://cby-ye.com/news/907","Central Bank of Yemen – Aden","البنك المركزي اليمني – عدن","URL host 'cby-ye.com'","PROPOSAL__CONFIRM_AT_EXECUTION"
"SRC-CBY-ENF-02-2026","8","LOCATOR_ONLY","https://cby-ye.com/news/908","Central Bank of Yemen – Aden","البنك المركزي اليمني – عدن","URL host 'cby-ye.com'","PROPOSAL__CONFIRM_AT_EXECUTION"
"SRC-CBY-ENF-03-2026","9","LOCATOR_ONLY","https://cby-ye.com/news/910","Central Bank of Yemen – Aden","البنك المركزي اليمني – عدن","URL host 'cby-ye.com'","PROPOSAL__CONFIRM_AT_EXECUTION"
"SRC-CBY-ENF-04-2026","10","LOCATOR_ONLY","https://cby-ye.com/news/911","Central Bank of Yemen – Aden","البنك المركزي اليمني – عدن","URL host 'cby-ye.com'","PROPOSAL__CONFIRM_AT_EXECUTION"
"SRC-CBY-ENF-05-2026","11","LOCATOR_ONLY","https://cby-ye.com/news/912","Central Bank of Yemen – Aden","البنك المركزي اليمني – عدن","URL host 'cby-ye.com'","PROPOSAL__CONFIRM_AT_EXECUTION"
"SRC-CBY-ENF-06-2026","12","LOCATOR_ONLY","https://cby-ye.com/news/913","Central Bank of Yemen – Aden","البنك المركزي اليمني – عدن","URL host 'cby-ye.com'","PROPOSAL__CONFIRM_AT_EXECUTION"
"SRC-CBY-ENF-09-2026","13","LOCATOR_ONLY","https://cby-ye.com/news/943","Central Bank of Yemen – Aden","البنك المركزي اليمني – عدن","URL host 'cby-ye.com'","PROPOSAL__CONFIRM_AT_EXECUTION"
"SRC-CBY-ENF-10-2026","14","LOCATOR_ONLY","https://cby-ye.com/news/944","Central Bank of Yemen – Aden","البنك المركزي اليمني – عدن","URL host 'cby-ye.com'","PROPOSAL__CONFIRM_AT_EXECUTION"
"SRC-CBY-ENF-11-2026","15","LOCATOR_ONLY","https://www.cby-ye.com/news/945","Central Bank of Yemen – Aden","البنك المركزي اليمني – عدن","URL host 'www.cby-ye.com'","PROPOSAL__CONFIRM_AT_EXECUTION"
"SRC-CBY-ENF-13-2026","16","LOCATOR_ONLY","https://cby-ye.com/news/964","Central Bank of Yemen – Aden","البنك المركزي اليمني – عدن","URL host 'cby-ye.com'","PROPOSAL__CONFIRM_AT_EXECUTION"
"SRC-CBY-ENF-14-2026","17","LOCATOR_ONLY","https://cby-ye.com/news/968","Central Bank of Yemen – Aden","البنك المركزي اليمني – عدن","URL host 'cby-ye.com'","PROPOSAL__CONFIRM_AT_EXECUTION"
"SRC-CBY-ENF-15-2026","18","LOCATOR_ONLY","https://cby-ye.com/news/969","Central Bank of Yemen – Aden","البنك المركزي اليمني – عدن","URL host 'cby-ye.com'","PROPOSAL__CONFIRM_AT_EXECUTION"
"SRC-CBY-EXCH-LIST-2026-001","19","LOCATOR_ONLY","https://www.cby-ye.com/files/6a87039fd05bb.pdf","Central Bank of Yemen – Aden","البنك المركزي اليمني – عدن","URL host 'www.cby-ye.com'","PROPOSAL__CONFIRM_AT_EXECUTION"
"SRC-CBY-FMIIP-WORKSHOP-2025","20","LOCATOR_ONLY","https://cby-ye.com/news/876","Central Bank of Yemen – Aden","البنك المركزي اليمني – عدن","URL host 'cby-ye.com'","PROPOSAL__CONFIRM_AT_EXECUTION"
"SRC-CBY-PAYREPORT-H1-2025","21","LOCATOR_ONLY","https://www.cby-ye.com/files/693a7845e7f26.pdf","Central Bank of Yemen – Aden","البنك المركزي اليمني – عدن","URL host 'www.cby-ye.com'","PROPOSAL__CONFIRM_AT_EXECUTION"
"SRC-CBY-PAYREPORT-Q3-2024","22","LOCATOR_ONLY","https://www.cby-ye.com/files/677c2e75a4d8c.pdf","Central Bank of Yemen – Aden","البنك المركزي اليمني – عدن","URL host 'www.cby-ye.com'","PROPOSAL__CONFIRM_AT_EXECUTION"
"SRC-CBY-POS-2025-03","23","LOCATOR_ONLY","https://cby-ye.com/files/6812a1758f5a5.pdf","Central Bank of Yemen – Aden","البنك المركزي اليمني – عدن","URL host 'cby-ye.com'","PROPOSAL__CONFIRM_AT_EXECUTION"
"SRC-CBY-POS-2025-04","24","LOCATOR_ONLY","https://www.cby-ye.com/files/690b4cbc99847.pdf","Central Bank of Yemen – Aden","البنك المركزي اليمني – عدن","URL host 'www.cby-ye.com'","PROPOSAL__CONFIRM_AT_EXECUTION"
"SRC-CBY-POS-2025-05","25","LOCATOR_ONLY","https://www.cby-ye.com/files/690b4ce84d19b.pdf","Central Bank of Yemen – Aden","البنك المركزي اليمني – عدن","URL host 'www.cby-ye.com'","PROPOSAL__CONFIRM_AT_EXECUTION"
"SRC-CBY-POS-2025-06","26","LOCATOR_ONLY","https://www.cby-ye.com/files/690b4d09cc314.pdf","Central Bank of Yemen – Aden","البنك المركزي اليمني – عدن","URL host 'www.cby-ye.com'","PROPOSAL__CONFIRM_AT_EXECUTION"
"SRC-CBY-POS-2025-07","27","LOCATOR_ONLY","https://www.cby-ye.com/files/693a7785421c0.pdf","Central Bank of Yemen – Aden","البنك المركزي اليمني – عدن","URL host 'www.cby-ye.com'","PROPOSAL__CONFIRM_AT_EXECUTION"
"SRC-CBY-POS-2025-08","28","LOCATOR_ONLY","https://www.cby-ye.com/files/693a77a6c52c3.pdf","Central Bank of Yemen – Aden","البنك المركزي اليمني – عدن","URL host 'www.cby-ye.com'","PROPOSAL__CONFIRM_AT_EXECUTION"
"SRC-CBY-POS-2025-09","29","LOCATOR_ONLY","https://www.cby-ye.com/files/693a77d1ded3e.pdf","Central Bank of Yemen – Aden","البنك المركزي اليمني – عدن","URL host 'www.cby-ye.com'","PROPOSAL__CONFIRM_AT_EXECUTION"
"SRC-CBY-POS-2025-10","30","LOCATOR_ONLY","https://www.cby-ye.com/files/693a7803952d7.pdf","Central Bank of Yemen – Aden","البنك المركزي اليمني – عدن","URL host 'www.cby-ye.com'","PROPOSAL__CONFIRM_AT_EXECUTION"
"SRC-CBY-POS-2025-11","31","LOCATOR_ONLY","https://www.cby-ye.com/files/69b05862c40b6.pdf","Central Bank of Yemen – Aden","البنك المركزي اليمني – عدن","URL host 'www.cby-ye.com'","PROPOSAL__CONFIRM_AT_EXECUTION"
"SRC-CBY-POS-2025-12","32","LOCATOR_ONLY","https://www.cby-ye.com/files/69b058981b681.pdf","Central Bank of Yemen – Aden","البنك المركزي اليمني – عدن","URL host 'www.cby-ye.com'","PROPOSAL__CONFIRM_AT_EXECUTION"
"SRC-CBY-POS-2026-01","33","LOCATOR_ONLY","https://www.cby-ye.com/files/69b058d4bc306.pdf","Central Bank of Yemen – Aden","البنك المركزي اليمني – عدن","URL host 'www.cby-ye.com'","PROPOSAL__CONFIRM_AT_EXECUTION"
"SRC-IMF-AIV-2025-STAFF-001","34","LOCATOR_ONLY","https://www.elibrary.imf.org/view/journals/002/2026/080/article-A001-en.xml","International Monetary Fund","صندوق النقد الدولي","URL host 'www.elibrary.imf.org'","PROPOSAL__CONFIRM_AT_EXECUTION"
"SRC-IMF-AIV-2025-SUPP-001","35","LOCATOR_ONLY","https://www.elibrary.imf.org/view/journals/002/2026/080/article-A004-en.xml","International Monetary Fund","صندوق النقد الدولي","URL host 'www.elibrary.imf.org'","PROPOSAL__CONFIRM_AT_EXECUTION"
"SRC-WB-ES-2013-PROFILE-001","36","LOCATOR_ONLY","https://www.enterprisesurveys.org/content/dam/enterprisesurveys/documents/country/Yemen-2013.pdf","","","UNRESOLVED — confirm manually","UNRESOLVED"
"SRC-WB-RPW-SA-YEM-2025Q3-001","38","LOCATOR_ONLY","https://remittanceprices.worldbank.org/corridor/Saudi%20Arabia/Yemen","World Bank","البنك الدولي","URL host 'remittanceprices.worldbank.org'","PROPOSAL__CONFIRM_AT_EXECUTION"
"SRC-WB-RPW-UAE-YEM-2025Q3-001","39","LOCATOR_ONLY","https://remittanceprices.worldbank.org/corridor/United%20Arab%20Emirates/Yemen","World Bank","البنك الدولي","URL host 'remittanceprices.worldbank.org'","PROPOSAL__CONFIRM_AT_EXECUTION"
"SRC-YMN-AR-2012-001","40","LOCATOR_ONLY","https://yemennetwork.org/wp-content/uploads/2019/05/Annual-report-for-sending-via-email_English.pdf","","","UNRESOLVED — confirm manually","UNRESOLVED"
"SRC-YMN-IMPACT-2021-001","41","LOCATOR_ONLY","https://yemennetwork.org/wp-content/uploads/2022/11/YMN_Impact-Assessment_Final_Arabic_Final_V2.pdf","Yemen Microfinance Network","شبكة اليمن للتمويل الأصغر","URL host 'yemennetwork.org'","PROPOSAL__CONFIRM_AT_EXECUTION"
"SRC-YMN-MEMBERS-2026-001","42","LOCATOR_ONLY","https://yemennetwork.org/","","","UNRESOLVED — confirm manually","UNRESOLVED"
"SRC-YMN-MFMAG-2014-Q1-001","43","LOCATOR_ONLY","https://yemennetwork.org/wp-content/uploads/2015/02/mf_magazine_1st_issue_2014eng..pdf","","","UNRESOLVED — confirm manually","UNRESOLVED"
"SRC-YMN-MFMAG-2014-Q2-001","44","LOCATOR_ONLY","https://yemennetwork.org/wp-content/uploads/2015/02/mf_magazine_2nd_issue_2014eng..pdf","","","UNRESOLVED — confirm manually","UNRESOLVED"
"SRC-WB-FINDEX-001","45","LOCATOR_ONLY","https://microdata.worldbank.org/catalog/5862","World Bank","البنك الدولي","URL host 'microdata.worldbank.org'","PROPOSAL__CONFIRM_AT_EXECUTION"
"SRC-WB-FINDEX-AGG-2022","46","LOCATOR_ONLY","https://data.worldbank.org/indicator/FX.OWN.TOTL.ZS?locations=YE","World Bank","البنك الدولي","URL host 'data.worldbank.org'","PROPOSAL__CONFIRM_AT_EXECUTION"
"SRC-OCHA-FTS-YEM-2026-001","48","LOCATOR_ONLY","https://fts.unocha.org/countries/248/flows/2026","UN OCHA — Financial Tracking Service","مكتب الأمم المتحدة لتنسيق الشؤون الإنسانية — خدمة تتبع التمويل","URL host 'fts.unocha.org'","PROPOSAL__CONFIRM_AT_EXECUTION"
"SRC-WB-YEM-MFI-2004-001","49","LOCATOR_ONLY","https://documents1.worldbank.org/curated/en/494591468320937438/pdf/925610BRI0Box30e0for0Small0Business.pdf","World Bank","البنك الدولي","URL host 'documents1.worldbank.org'","PROPOSAL__CONFIRM_AT_EXECUTION"
"SRC-AJMBFS-CBY-FI-2025-001","50","LOCATOR_ONLY","https://ojs.aambfsye.org/index.php/arab-Journal/article/view/18","","","UNRESOLVED — confirm manually","UNRESOLVED"
"SRC-KFW-RMMV-2023-001","51","LOCATOR_ONLY","https://www.kfw-entwicklungsbank.de/Service/RMMV-conference-2023/","KfW Development Bank","بنك التنمية الألماني KfW","URL host 'www.kfw-entwicklungsbank.de'","PROPOSAL__CONFIRM_AT_EXECUTION"
"SRC-CBY-GMW-2023-001","52","LOCATOR_ONLY","https://www.cby-ye.com/news/481","Central Bank of Yemen – Aden","البنك المركزي اليمني – عدن","URL host 'www.cby-ye.com'","PROPOSAL__CONFIRM_AT_EXECUTION"
"SRC-CBY-GMW-2024-001","53","LOCATOR_ONLY","https://cby-ye.com/news/648","Central Bank of Yemen – Aden","البنك المركزي اليمني – عدن","URL host 'cby-ye.com'","PROPOSAL__CONFIRM_AT_EXECUTION"
"SRC-CBY-GMW-2024-CLOSE-001","54","LOCATOR_ONLY","https://cby-ye.com/news/660","Central Bank of Yemen – Aden","البنك المركزي اليمني – عدن","URL host 'cby-ye.com'","PROPOSAL__CONFIRM_AT_EXECUTION"
"SRC-CBY-GMW-2025-001","55","LOCATOR_ONLY","https://cby-ye.com/news/790","Central Bank of Yemen – Aden","البنك المركزي اليمني – عدن","URL host 'cby-ye.com'","PROPOSAL__CONFIRM_AT_EXECUTION"
"SRC-CBY-FCP-INSTR-2023-001","56","LOCATOR_ONLY","https://cby-ye.com/news/567","Central Bank of Yemen – Aden","البنك المركزي اليمني – عدن","URL host 'cby-ye.com'","PROPOSAL__CONFIRM_AT_EXECUTION"
"SRC-CBY-FCP-AWARE-2024-001","57","LOCATOR_ONLY","https://cby-ye.com/news/652","Central Bank of Yemen – Aden","البنك المركزي اليمني – عدن","URL host 'cby-ye.com'","PROPOSAL__CONFIRM_AT_EXECUTION"
"SRC-CBY-PSP-RULES-2022-001","58","LOCATOR_ONLY","https://cby-ye.com/files/632b0c240dc11.pdf","Central Bank of Yemen – Aden","البنك المركزي اليمني – عدن","URL host 'cby-ye.com'","PROPOSAL__CONFIRM_AT_EXECUTION"
"SRC-CBY-PAY-BOARD-2026-001","59","LOCATOR_ONLY","https://cby-ye.com/news/922","Central Bank of Yemen – Aden","البنك المركزي اليمني – عدن","URL host 'cby-ye.com'","PROPOSAL__CONFIRM_AT_EXECUTION"
"SRC-CBY-FCP-BROCHURE-2024-001","60","LOCATOR_ONLY","https://cby-ye.com/files/65fe1e8d2ec08.pdf","Central Bank of Yemen – Aden","البنك المركزي اليمني – عدن","URL host 'cby-ye.com'","PROPOSAL__CONFIRM_AT_EXECUTION"
"SRC-CBY-EMONEY-2023-001","61","LOCATOR_ONLY","https://cby-ye.com/files/64dde85e0a84f.pdf","Central Bank of Yemen – Aden","البنك المركزي اليمني – عدن","URL host 'cby-ye.com'","PROPOSAL__CONFIRM_AT_EXECUTION"
"SRC-CBY-EMONEY-AMD-2025-001","62","LOCATOR_ONLY","https://cby-ye.com/files/6875fc55a253e.pdf","Central Bank of Yemen – Aden","البنك المركزي اليمني – عدن","URL host 'cby-ye.com'","PROPOSAL__CONFIRM_AT_EXECUTION"
"SRC-CBY-DIGITAL-EXPO-2026-001","63","LOCATOR_ONLY","https://cby-ye.com/news/915","Central Bank of Yemen – Aden","البنك المركزي اليمني – عدن","URL host 'cby-ye.com'","PROPOSAL__CONFIRM_AT_EXECUTION"
"SRC-CBY-UNLICENSED-EWALLET-2024-001","64","LOCATOR_ONLY","https://cby-ye.com/files/667c32dabd223.pdf","Central Bank of Yemen – Aden","البنك المركزي اليمني – عدن","URL host 'cby-ye.com'","PROPOSAL__CONFIRM_AT_EXECUTION"
"SRC-CBY-EXCH-LIST-2025-001","65","LOCATOR_ONLY","https://cby-ye.com/files/69561aafe8942.pdf","Central Bank of Yemen – Aden","البنك المركزي اليمني – عدن","URL host 'cby-ye.com'","PROPOSAL__CONFIRM_AT_EXECUTION"
"SRC-CBY-BANK-NETWORK-MTG-2026-001","66","LOCATOR_ONLY","https://cby-ye.com/news/946","Central Bank of Yemen – Aden","البنك المركزي اليمني – عدن","URL host 'cby-ye.com'","PROPOSAL__CONFIRM_AT_EXECUTION"
"SRC-CBY-UNIFIED-NET-2026-001","67","LOCATOR_ONLY","https://cby-ye.com/news/957","Central Bank of Yemen – Aden","البنك المركزي اليمني – عدن","URL host 'cby-ye.com'","PROPOSAL__CONFIRM_AT_EXECUTION"
"SRC-CBY-YPCC-FOUND-2026-001","68","LOCATOR_ONLY","https://cby-ye.com/news/961","Central Bank of Yemen – Aden","البنك المركزي اليمني – عدن","URL host 'cby-ye.com'","PROPOSAL__CONFIRM_AT_EXECUTION"
"SRC-CBY-YPCC-BOARD-2026-001","69","LOCATOR_ONLY","https://cby-ye.com/news/962","Central Bank of Yemen – Aden","البنك المركزي اليمني – عدن","URL host 'cby-ye.com'","PROPOSAL__CONFIRM_AT_EXECUTION"
"SRC-CBY-POS-PUBLICATION-PAGE-2026-001","70","LOCATOR_ONLY","https://english.cby-ye.com/pages/27","Central Bank of Yemen – Aden","البنك المركزي اليمني – عدن","URL host 'english.cby-ye.com'","PROPOSAL__CONFIRM_AT_EXECUTION"
"SRC-SFD-HIST-2004-Q3-001","71","LOCATOR_ONLY","https://www.sfd-yemen.org/uploads/issues/Newsletter-2004-Q3-20120331-111302.pdf","Social Fund for Development (Yemen)","الصندوق الاجتماعي للتنمية","URL host 'www.sfd-yemen.org'","PROPOSAL__CONFIRM_AT_EXECUTION"
"SRC-SFD-MF-HISTORY-TOR-2012-001","72","LOCATOR_ONLY","https://www.sfd-yemen.org/uploads/issues/Microfinance%20Islamic%20Products%20Study%28TOR%29-20130109-132034.pdf","Social Fund for Development (Yemen)","الصندوق الاجتماعي للتنمية","URL host 'www.sfd-yemen.org'","PROPOSAL__CONFIRM_AT_EXECUTION"
"SRC-SFD-NEWSLETTER-2000-Q4-001","73","LOCATOR_ONLY","https://www.sfd-yemen.org/uploads/issues/Newsletter-12-ENGLISH%20-20120718-113859.pdf","Social Fund for Development (Yemen)","الصندوق الاجتماعي للتنمية","URL host 'www.sfd-yemen.org'","PROPOSAL__CONFIRM_AT_EXECUTION"
"SRC-SFD-Q4-2009-001","74","LOCATOR_ONLY","https://www.sfd-yemen.org/uploads/issues/Newsletter-2009-Q4-20120331-122623.pdf","Social Fund for Development (Yemen)","الصندوق الاجتماعي للتنمية","URL host 'www.sfd-yemen.org'","PROPOSAL__CONFIRM_AT_EXECUTION"
"SRC-SFD-Q4-2010-001","75","LOCATOR_ONLY","https://www.sfd-yemen.org/uploads/issues/Newsletter-2010-Q4-20120331-122753.pdf","Social Fund for Development (Yemen)","الصندوق الاجتماعي للتنمية","URL host 'www.sfd-yemen.org'","PROPOSAL__CONFIRM_AT_EXECUTION"
"SRC-SFD-Q4-2011-001","76","LOCATOR_ONLY","https://www.sfd-yemen.org/uploads/issues/Newsletter-2011-Q4-20120505-151457.pdf","Social Fund for Development (Yemen)","الصندوق الاجتماعي للتنمية","URL host 'www.sfd-yemen.org'","PROPOSAL__CONFIRM_AT_EXECUTION"
"SRC-SFD-Q1-2012-001","77","LOCATOR_ONLY","https://www.sfd-yemen.org/uploads/issues/DESIGN%201st%20NL%202012%20-%20No-20121222-162100.pdf","Social Fund for Development (Yemen)","الصندوق الاجتماعي للتنمية","URL host 'www.sfd-yemen.org'","PROPOSAL__CONFIRM_AT_EXECUTION"
"SRC-SFD-Q4-2012-001","78","LOCATOR_ONLY","https://www.sfd-yemen.org/uploads/issues/SFD_Nwesletter_en-6-20130422-060753.pdf","Social Fund for Development (Yemen)","الصندوق الاجتماعي للتنمية","URL host 'www.sfd-yemen.org'","PROPOSAL__CONFIRM_AT_EXECUTION"
"SRC-SFD-Q2-2013-001","79","LOCATOR_ONLY","https://sfd.sfd-yemen.org/uploads/issues/SFD_Nwesletter_en-62-2%20NEW2-20140312-132450.pdf","Social Fund for Development (Yemen)","الصندوق الاجتماعي للتنمية","URL host 'sfd.sfd-yemen.org'","PROPOSAL__CONFIRM_AT_EXECUTION"
"SRC-SFD-Q2-2014-001","80","LOCATOR_ONLY","https://www.sfd-yemen.org/uploads/issues/SFD_Nwesletter_en66%20final-20141224-124427.pdf","Social Fund for Development (Yemen)","الصندوق الاجتماعي للتنمية","URL host 'www.sfd-yemen.org'","PROPOSAL__CONFIRM_AT_EXECUTION"
"SRC-SFD-Q1-2015-001","81","LOCATOR_ONLY","https://www.sfd-yemen.org/uploads/issues/NL69E-20160208-100802.pdf","Social Fund for Development (Yemen)","الصندوق الاجتماعي للتنمية","URL host 'www.sfd-yemen.org'","PROPOSAL__CONFIRM_AT_EXECUTION"
"SRC-SFD-Q3-2015-001","82","LOCATOR_ONLY","https://www.sfd-yemen.org/uploads/issues/71E-20161101-183137.pdf","Social Fund for Development (Yemen)","الصندوق الاجتماعي للتنمية","URL host 'www.sfd-yemen.org'","PROPOSAL__CONFIRM_AT_EXECUTION"
"SRC-SFD-Q4-2015-001","83","LOCATOR_ONLY","https://www.sfd-yemen.org/uploads/issues/72E%282%29-20170212-184036.pdf","Social Fund for Development (Yemen)","الصندوق الاجتماعي للتنمية","URL host 'www.sfd-yemen.org'","PROPOSAL__CONFIRM_AT_EXECUTION"
"SRC-SFD-Q3-2016-001","84","LOCATOR_ONLY","https://www.sfd-yemen.org/uploads/issues/3rd_2016-en-Final-20170322-184916.pdf","Social Fund for Development (Yemen)","الصندوق الاجتماعي للتنمية","URL host 'www.sfd-yemen.org'","PROPOSAL__CONFIRM_AT_EXECUTION"
"SRC-SFD-Q4-2017-001","85","LOCATOR_ONLY","https://www.sfd-yemen.org/uploads/issues/Newsletter%20Eng%204th-2017%20%20-20-4-18-20190129-214133.pdf","Social Fund for Development (Yemen)","الصندوق الاجتماعي للتنمية","URL host 'www.sfd-yemen.org'","PROPOSAL__CONFIRM_AT_EXECUTION"
"SRC-SFD-Q4-2018-001","86","LOCATOR_ONLY","https://www.sfd-yemen.org/uploads/issues/EnglishNewsletter4thNL2018-20191202-201206.pdf","Social Fund for Development (Yemen)","الصندوق الاجتماعي للتنمية","URL host 'www.sfd-yemen.org'","PROPOSAL__CONFIRM_AT_EXECUTION"
"SRC-SFD-Q1-2019-001","87","LOCATOR_ONLY","https://www.sfd-yemen.org/uploads/issues/1st%20NL%202019-20200123-102323.pdf","Social Fund for Development (Yemen)","الصندوق الاجتماعي للتنمية","URL host 'www.sfd-yemen.org'","PROPOSAL__CONFIRM_AT_EXECUTION"
"SRC-SFD-Q4-2020-001","88","LOCATOR_ONLY","https://sfd-yemen.org/uploads/issues/4th%20NL%202020-20211125-090031.pdf","Social Fund for Development (Yemen)","الصندوق الاجتماعي للتنمية","URL host 'sfd-yemen.org'","PROPOSAL__CONFIRM_AT_EXECUTION"
"SRC-WB-FINDEX-003","89","LOCATOR_ONLY","https://microdata.worldbank.org/catalog/1096/study-description","World Bank","البنك الدولي","URL host 'microdata.worldbank.org'","PROPOSAL__CONFIRM_AT_EXECUTION"
"SRC-WB-FINDEX-2014-001","90","LOCATOR_ONLY","https://microdata.worldbank.org/catalog/2513","World Bank","البنك الدولي","URL host 'microdata.worldbank.org'","PROPOSAL__CONFIRM_AT_EXECUTION"
"SRC-WB-FINDEX-LDB-2015-001","91","LOCATOR_ONLY","https://documents1.worldbank.org/curated/en/621891468329460041/pdf/956790PUB097810til0Apr170at011300am.pdf","World Bank","البنك الدولي","URL host 'documents1.worldbank.org'","PROPOSAL__CONFIRM_AT_EXECUTION"
"SRC-WB-NFID-RFX-2026-001","92","LOCATOR_ONLY","https://www.worldbank.org/en/about/corporate-procurement/business-opportunities/administrative-procurement","World Bank","البنك الدولي","URL host 'www.worldbank.org'","PROPOSAL__CONFIRM_AT_EXECUTION"
"SRC-CBY-HIST-METHOD-001","94","LOCATOR_ONLY","https://english.cby-ye.com/files/615d821b9d52b.pdf","Central Bank of Yemen – Aden","البنك المركزي اليمني – عدن","URL host 'english.cby-ye.com'","PROPOSAL__CONFIRM_AT_EXECUTION"
"SRC-CBY-AR2015-HIST-001","95","LOCATOR_ONLY","http://centralbank.gov.ye/App_Upload/Ann_rep2015AR.pdf","","","UNRESOLVED — confirm manually","UNRESOLVED"
"SRC-CBY-SANAA-C12-2024","96","LOCATOR_ONLY","https://yemeneco.org/wp-content/uploads/2024/03/تعميم-رقم-12-خدمات-البنوك-والمؤسسات-المالية-العاملة-في-خدمات-الحوالات-الخارجية.pdf","Central Bank of Yemen – Sana'a (as issuer named in source)","البنك المركزي اليمني – صنعاء (بحسب الجهة المصدِرة المذكورة)","source-ID family SRC-CBY-SANAA","PROPOSAL__CONFIRM_AT_EXECUTION"
"SRC-CBY-SANAA-C14-2024","97","LOCATOR_ONLY","https://www.ecoi.net/en/file/local/2117585/n2425953.pdf","Central Bank of Yemen – Sana'a (as issuer named in source)","البنك المركزي اليمني – صنعاء (بحسب الجهة المصدِرة المذكورة)","source-ID family SRC-CBY-SANAA","PROPOSAL__CONFIRM_AT_EXECUTION"
"SRC-CBY-SANAA-CURR-2024","98","LOCATOR_ONLY","https://www.saba.ye/ar/news3337222.htm","Saba News Agency","وكالة الأنباء اليمنية سبأ","URL host 'www.saba.ye'","PROPOSAL__CONFIRM_AT_EXECUTION"
"SRC-IMF-YEM-EGDDS-VAL-1996","100","LOCATOR_ONLY","https://dsbb.imf.org/e-gdds/dqaf-base/country/YEM/category/AAB00","International Monetary Fund","صندوق النقد الدولي","URL host 'dsbb.imf.org'","PROPOSAL__CONFIRM_AT_EXECUTION"
"SRC-WB-WDI-REMIT-YEM-CURRENT","101","LOCATOR_ONLY","https://data.worldbank.org/indicator/BX.TRF.PWKR.CD.DT?locations=YE","World Bank","البنك الدولي","URL host 'data.worldbank.org'","PROPOSAL__CONFIRM_AT_EXECUTION"
"SRC-IGC-AIDDATA-REMIT-YEM-2026","102","LOCATOR_ONLY","https://www.theigc.org/publications/cash-capital-leveraging-remittances-yemens-economic-future","","","UNRESOLVED — confirm manually","UNRESOLVED"
"SRC-WB-MDB40-2024","103","LOCATOR_ONLY","https://documents1.worldbank.org/curated/en/099714008132436612/pdf/IDU-a9cf73b5-fcad-425a-a0dd-cc8f2f3331ce.pdf","World Bank","البنك الدولي","URL host 'documents1.worldbank.org'","PROPOSAL__CONFIRM_AT_EXECUTION"
"SRC-SC-TRADE-FIN-YEM-2026","104","LOCATOR_ONLY","https://sanaacenter.org/publications/policy-research/26389","Sana'a Center for Strategic Studies","مركز صنعاء للدراسات الاستراتيجية","URL host 'sanaacenter.org'","PROPOSAL__CONFIRM_AT_EXECUTION"
"SRC-ACAPS-YEM-REMIT-2021","105","LOCATOR_ONLY","https://www.acaps.org/fileadmin/Data_Product/Main_media/20211015_acaps_yemen_analysis_hub_impact_of_remittances_on_yemens_economy.pdf","","","UNRESOLVED — confirm manually","UNRESOLVED"
"SRC-IMF-D4D-YEM-ESS-2025","106","LOCATOR_ONLY","https://www.imf.org/-/media/files/capacity-developement/d4d/january-2026/d4d-fund-implementation-progress-fy26-midyear-january-2026.pdf","International Monetary Fund","صندوق النقد الدولي","URL host 'www.imf.org'","PROPOSAL__CONFIRM_AT_EXECUTION"
"SRC-IMF-BPM6","109","LOCATOR_ONLY","https://data.imf.org/-/media/iData/External-Storage/Documents/73FBCD5B6CDE4D289C60B9B0CAA40622/en/2-bpm6.pdf","International Monetary Fund","صندوق النقد الدولي","URL host 'data.imf.org'","PROPOSAL__CONFIRM_AT_EXECUTION"
"SRC-IMF-BPM6-COMP-GUIDE","110","LOCATOR_ONLY","https://www.imf.org/external/pubs/ft/bop/2014/pdf/guide.pdf","International Monetary Fund","صندوق النقد الدولي","URL host 'www.imf.org'","PROPOSAL__CONFIRM_AT_EXECUTION"
"SRC-IMF-BPM7-IMPLEMENTATION","111","LOCATOR_ONLY","https://www.imf.org/en/publications/policy-papers/issues/2025/07/10/release-of-new-standards-for-macroeconomic-statistics-bpm7-568453","International Monetary Fund","صندوق النقد الدولي","URL host 'www.imf.org'","PROPOSAL__CONFIRM_AT_EXECUTION"
"SRC-CCY-REMIT-ESTIMATE-2025","113","LOCATOR_ONLY","USER_PROVIDED_FILE: Remittances in Yemen_Estimates and Impact_CCY.pdf","","","UNRESOLVED — confirm manually","UNRESOLVED"
"SRC-CCY-SAM-2024","114","LOCATOR_ONLY","USER_PROVIDED_FILE: SAM_Multiplie Effect of Cash Study.pdf","","","UNRESOLVED — confirm manually","UNRESOLVED"
"SRC-CCY-CASH-DURATION-2026","115","LOCATOR_ONLY","USER_PROVIDED_FILE: Cash Duration Report_CCY_2026.06.22.pdf","","","UNRESOLVED — confirm manually","UNRESOLVED"
"SRC-CCY-ISP-2024","116","LOCATOR_ONLY","USER_PROVIDED_FILE: The Unseen Assistance_Measuring Informal Social Protection in Yemen.pdf","","","UNRESOLVED — confirm manually","UNRESOLVED"
"SRC-CCY-AMAL-2025","117","LOCATOR_ONLY","USER_PROVIDED_FILE: AMAL Market Assessment _ Final.pdf","","","UNRESOLVED — confirm manually","UNRESOLVED"
"SRC-CCY-PRESSURE-2026","118","LOCATOR_ONLY","USER_PROVIDED_FILE: Economic Impact of Iran-US War on Yemen_May 2026.pdf","","","UNRESOLVED — confirm manually","UNRESOLVED"
"SRC-AIDDATA-SAUDI-YEM-2015","119","LOCATOR_ONLY","https://www.aiddata.org/blog/saudi-aid-to-yemen-stability-over-development","","","UNRESOLVED — confirm manually","UNRESOLVED"
"SRC-WB-RPW-KSA-YEM-2025Q3","120","LOCATOR_ONLY","https://remittanceprices.worldbank.org/corridor/Saudi%20Arabia/Yemen","World Bank","البنك الدولي","URL host 'remittanceprices.worldbank.org'","PROPOSAL__CONFIRM_AT_EXECUTION"
"SRC-LIT-XIDIAN-YEM-FI-2025","121","LOCATOR_ONLY","https://www.researchgate.net/publication/393091523_The_Reality_of_Financial_Inclusion_and_Crucial_Issues_in_Yemen","","","UNRESOLVED — confirm manually","UNRESOLVED"
"SRC-LIT-INVEST-ISLAMIC-FI-2024","122","LOCATOR_ONLY","https://jurnal.iainponorogo.ac.id/index.php/invest/article/view/8340","","","UNRESOLVED — confirm manually","UNRESOLVED"
"SRC-LIT-OEB-FX-PRICES-2025","123","LOCATOR_ONLY","https://asjp.cerist.dz/en/article/273259","","","UNRESOLVED — confirm manually","UNRESOLVED"
"SRC-LIT-ALG-FI-COMPARATIVE","124","LOCATOR_ONLY","USER_PROVIDED_FILE: Algeria_Financial_Inclusion_Governance_COMPARATIVE_ONLY.pdf","","","UNRESOLVED — confirm manually","UNRESOLVED"
"SRC-LIT-IND-FI-TEMPLATE-2023","125","LOCATOR_ONLY","USER_PROVIDED_FILE: REJECTED_AS_YEMEN_EVIDENCE__India_FI_Index_Template_2023.pdf","","","UNRESOLVED — confirm manually","UNRESOLVED"
"SRC-SANAA-MF-2020","126","LOCATOR_ONLY","https://sanaacenter.org/publications/policy-research/9808","Sana'a Center for Strategic Studies","مركز صنعاء للدراسات الاستراتيجية","URL host 'sanaacenter.org'","PROPOSAL__CONFIRM_AT_EXECUTION"
"SRC-MDPI-UTAUT-YEM-2022","129","LOCATOR_ONLY","https://www.mdpi.com/2227-7099/10/10/259","","","UNRESOLVED — confirm manually","UNRESOLVED"
"SRC-IBS-EPAY-YEM-2020","130","LOCATOR_ONLY","https://www.findevgateway.org/paper/2020/10/electronic-payment-services-yemen-challenges-and-opportunities-success","","","UNRESOLVED — confirm manually","UNRESOLVED"
"SRC-ADEN-CBY-LIQ-2016","131","LOCATOR_ONLY","https://search.mandumah.com/Record/932295","","","UNRESOLVED — confirm manually","UNRESOLVED"
"SRC-SFD-SMED-LP-2023-NOV","132","LOCATOR_ONLY","https://smed.sfd-yemen.org/index.php/en/blog-4/aaflp1/477-nov-2023","Social Fund for Development (Yemen)","الصندوق الاجتماعي للتنمية","URL host 'smed.sfd-yemen.org'","PROPOSAL__CONFIRM_AT_EXECUTION"
"SRC-MOPIC-YSEU-2023-080","133","LOCATOR_ONLY","","","","UNRESOLVED — confirm manually","UNRESOLVED"
"SRC-SANAA-SOCPROT-2024","134","LOCATOR_ONLY","https://sanaacenter.org/publications/policy-research/22910","Sana'a Center for Strategic Studies","مركز صنعاء للدراسات الاستراتيجية","URL host 'sanaacenter.org'","PROPOSAL__CONFIRM_AT_EXECUTION"
"SRC-SANAA-YR-2025-Q2-MFB","135","LOCATOR_ONLY","https://sanaacenter.org/the-yemen-review/april-june-2025/25056","Sana'a Center for Strategic Studies","مركز صنعاء للدراسات الاستراتيجية","URL host 'sanaacenter.org'","PROPOSAL__CONFIRM_AT_EXECUTION"
"SRC-SMEPS-AR2024-2025","136","LOCATOR_ONLY","https://smeps.org.ye/post/85","","","UNRESOLVED — confirm manually","UNRESOLVED"
"SRC-WB-YEM-OUTLOOK-2016-001","138","LOCATOR_ONLY","https://www.worldbank.org/en/country/yemen/publication/economic-outlook-spring-2016","World Bank","البنك الدولي","URL host 'www.worldbank.org'","PROPOSAL__CONFIRM_AT_EXECUTION"
"SRC-WB-YEM-MONITOR-FALL2018-001","139","LOCATOR_ONLY","https://documents1.worldbank.org/curated/en/508301539801659212/pdf/130967-REVISED-BRI-PUBLIC-Disclosed-10-19-2018.pdf","World Bank","البنك الدولي","URL host 'documents1.worldbank.org'","PROPOSAL__CONFIRM_AT_EXECUTION"
"SRC-SPA-SAU-CBY-DEPOSIT-2018-001","140","LOCATOR_ONLY","https://www.spa.gov.sa/w643267","","","UNRESOLVED — confirm manually","UNRESOLVED"
"SRC-WB-YEM-MEU-2019-12-001","141","LOCATOR_ONLY","https://documents1.worldbank.org/curated/en/812731581364170917/pdf/Yemen-Monthly-Economic-Update-December-2019.pdf","World Bank","البنك الدولي","URL host 'documents1.worldbank.org'","PROPOSAL__CONFIRM_AT_EXECUTION"
"SRC-WB-YEM-ECON-2020-04-001","142","LOCATOR_ONLY","https://www.worldbank.org/en/country/yemen/publication/economic-update-april-2020","World Bank","البنك الدولي","URL host 'www.worldbank.org'","PROPOSAL__CONFIRM_AT_EXECUTION"
"SRC-SPA-SAU-CBY-DEPOSIT-2023-001","143","LOCATOR_ONLY","https://www.spa.gov.sa/w1857622","","","UNRESOLVED — confirm manually","UNRESOLVED"
"SRC-WB-YEM-FRAGMENTATION-2025-001","144","LOCATOR_ONLY","https://documents1.worldbank.org/curated/en/099052825174515006/pdf/BOSIB-524dd7c7-d52c-4876-80ed-1e3ea9df2463.pdf","World Bank","البنك الدولي","URL host 'documents1.worldbank.org'","PROPOSAL__CONFIRM_AT_EXECUTION"
"SRC-SPA-SAU-BUDGET-2026-001","145","LOCATOR_ONLY","https://www.spa.gov.sa/en/N2525739","","","UNRESOLVED — confirm manually","UNRESOLVED"
"SRC-WB-FMIIP-ISR-2026-04","149","LOCATOR_ONLY","https://documents.worldbank.org/en/publication/documents-reports/documentdetail/099040826144025755","World Bank","البنك الدولي","URL host 'documents.worldbank.org'","PROPOSAL__CONFIRM_AT_EXECUTION"
"SRC-CBY-ENF-17-2026","154","LOCATOR_ONLY","https://cby-ye.com/news/973","Central Bank of Yemen – Aden","البنك المركزي اليمني – عدن","URL host 'cby-ye.com'","PROPOSAL__CONFIRM_AT_EXECUTION"
