"sweep","sheet","excel_row","field","context","keep_rule"
"PB-0414","00_MASTER","47","Layer","SYSTEM / المنظومة

24-event macro-financial and","bilingual label pair"
"PB-0415","02_SITE_MAP","5","full_copy_en","hout flattening important differences.

The system the evidence is trying to des","the financial system"
"PB-0414","02_SITE_MAP","5","full_copy_ar","ن العمق: إجابة موجزة، وسياق لفهم المنظومة الأوسع، ومسار قابل للتتبع إلى","the wider financial system"
"PB-0414","02_SITE_MAP","5","full_copy_ar"," من دون تسطيح الفروق المهمة.

ما المنظومة التي تحاول الأدلة وصفها؟

يقع","'the system the evidence is trying to describe'"
"PB-0414","02_SITE_MAP","5","full_copy_ar","دلة وصفها؟

يقع الشمول المالي داخل منظومة أوسع: الناس والمنشآت يحتاجون ","indefinite / construct «منظومة …» = the financial(-inclusion) system"
"PB-0414","02_SITE_MAP","5","full_copy_ar","تخدام. يفيد الدليل عن جزء من هذه المنظومة، لكنه لا يثبت تلقائيًا حالة ا","part of the financial system"
"PB-0414","02_SITE_MAP","6","full_copy_ar","قلة ومؤرخة.

أين يقع الوصول داخل المنظومة الأوسع؟

يقع الوصول بين وجود ","the wider financial system"
"PB-0413","02_SITE_MAP","7","full_copy_ar"," وهذا أساس للتصميم والاختبار، وليس ادعاءً بتحقق التوافق.

الرسوم والخرائط
","assertion sense: 'not a claim that conformance is achieved'"
"PB-0414","02_SITE_MAP","10","full_copy_ar","ثقًا عبر النظام الاقتصادي والمالي ومنظومة الشمول المالي في اليمن. ويحتف","indefinite / construct «منظومة …» = the financial(-inclusion) system"
"PB-0414","02_SITE_MAP","24","full_copy_ar","ا تتساوى حداثة الأدلة بين مجالات المنظومة: فعدد من مشاهدات المدفوعات وا","domains of the financial system (true under either reading)"
"PB-0414","02_SITE_MAP","101","title_ar","الشمول المالي منظومة انتقال، لا درجة واحدة","indefinite / construct «منظومة …» = the financial(-inclusion) system"
"PB-0414","02_SITE_MAP","101","full_copy_ar","الشمول المالي منظومة انتقال، لا درجة واحدة

يربط ا","indefinite / construct «منظومة …» = the financial(-inclusion) system"
"PB-0413","02_SITE_MAP","102","title_ar","ما الذي قد يفسر الرقم — من دون ادعاء إثباته؟","assertion sense: 'without asserting'"
"PB-0413","02_SITE_MAP","102","full_copy_ar","ما الذي قد يفسر الرقم — من دون ادعاء إثباته؟

يبدأ العرض من دليل كمي و","assertion sense: 'without asserting'"
"PB-0415","02_SITE_MAP","130","full_copy_en","ange and remittance providers matter to the system, but it does not establish th","the financial system"
"PB-0414","02_SITE_MAP","130","full_copy_ar","فية.

أين يقع مقدمو الخدمات داخل المنظومة الأوسع؟

يقع الوضع الرسمي لمق","the wider financial system"
"PB-0414","02_SITE_MAP","130","full_copy_ar"," موقع شركات الصرافة والحوالات في المنظومة، لكنها لا تثبت القائمة الكامل","position of exchange/remittance firms in the financial system"
"PB-0414","02_SITE_MAP","134","full_copy_ar","ج منه عدد مستخدمين فريدين أو تغطية منظومة التجار أو رفاه الأسر أو السبب","indefinite / construct «منظومة …» = the financial(-inclusion) system"
"PB-0413","02_SITE_MAP","136","full_copy_ar","عن التغطية والموثوقية، بينما يحتاج ادعاء الشمول إلى دليل منفصل عن الوصول أ","assertion sense: 'an assertion of inclusion needs separate evidence'"
"PB-0413","02_SITE_MAP","137","full_copy_ar","ضبط للفجوة واختبار الفرضيات من دون ادعاء السببية ما لم يسمح التصميم بذلك.
","assertion sense: 'without asserting'"
"PB-0415","02_SITE_MAP","142","full_copy_en"," not establish that a provider launched the product, that customers adopted it, w","a financial product"
"PB-0414","03_PAGE_SECTIONS","15","section_role","سياق المنظومة","section label 'System context' (financial system)"
"PB-0414","03_PAGE_SECTIONS","22","body_ar","ن العمق: إجابة موجزة، وسياق لفهم المنظومة الأوسع، ومسار قابل للتتبع إلى","the wider financial system"
"PB-0415","03_PAGE_SECTIONS","27","heading_en","The system the evidence is trying to des","the financial system"
"PB-0414","03_PAGE_SECTIONS","28","section_role","سياق المنظومة","section label 'System context' (financial system)"
"PB-0414","03_PAGE_SECTIONS","28","heading_ar","ما المنظومة التي تحاول الأدلة وصفها؟","'the system the evidence is trying to describe'"
"PB-0414","03_PAGE_SECTIONS","28","body_ar","يقع الشمول المالي داخل منظومة أوسع: الناس والمنشآت يحتاجون ","indefinite / construct «منظومة …» = the financial(-inclusion) system"
"PB-0414","03_PAGE_SECTIONS","28","body_ar","تخدام. يفيد الدليل عن جزء من هذه المنظومة، لكنه لا يثبت تلقائيًا حالة ا","part of the financial system"
"PB-0414","03_PAGE_SECTIONS","49","section_role","سياق المنظومة","section label 'System context' (financial system)"
"PB-0414","03_PAGE_SECTIONS","49","heading_ar","أين يقع الوصول داخل المنظومة الأوسع؟","the wider financial system"
"PB-0413","03_PAGE_SECTIONS","51","body_ar"," وهذا أساس للتصميم والاختبار، وليس ادعاءً بتحقق التوافق.","assertion sense: 'not a claim that conformance is achieved'"
"PB-0414","03_PAGE_SECTIONS","74","section_role","سياق المنظومة","section label 'System context' (financial system)"
"PB-0414","03_PAGE_SECTIONS","82","body_ar","ثقًا عبر النظام الاقتصادي والمالي ومنظومة الشمول المالي في اليمن. ويحتف","indefinite / construct «منظومة …» = the financial(-inclusion) system"
"PB-0414","03_PAGE_SECTIONS","110","body_ar","ا تتساوى حداثة الأدلة بين مجالات المنظومة: فعدد من مشاهدات المدفوعات وا","domains of the financial system (true under either reading)"
"PB-0414","03_PAGE_SECTIONS","320","section_role","سياق المنظومة","section label 'System context' (financial system)"
"PB-0414","03_PAGE_SECTIONS","324","section_role","سياق المنظومة","section label 'System context' (financial system)"
"PB-0414","03_PAGE_SECTIONS","328","section_role","سياق المنظومة","section label 'System context' (financial system)"
"PB-0414","03_PAGE_SECTIONS","332","section_role","سياق المنظومة","section label 'System context' (financial system)"
"PB-0414","03_PAGE_SECTIONS","360","section_role","سياق المنظومة","section label 'System context' (financial system)"
"PB-0414","03_PAGE_SECTIONS","379","section_role","سياق المنظومة","section label 'System context' (financial system)"
"PB-0414","03_PAGE_SECTIONS","400","section_role","سياق المنظومة","section label 'System context' (financial system)"
"PB-0414","03_PAGE_SECTIONS","421","section_role","سياق المنظومة","section label 'System context' (financial system)"
"PB-0414","03_PAGE_SECTIONS","444","section_role","سياق المنظومة","section label 'System context' (financial system)"
"PB-0414","03_PAGE_SECTIONS","444","heading_ar","أين يقع مقدمو الخدمات داخل المنظومة الأوسع؟","the wider financial system"
"PB-0415","03_PAGE_SECTIONS","447","body_en","ange and remittance providers matter to the system, but it does not establish th","the financial system"
"PB-0414","03_PAGE_SECTIONS","448","body_ar"," موقع شركات الصرافة والحوالات في المنظومة، لكنها لا تثبت القائمة الكامل","position of exchange/remittance firms in the financial system"
"PB-0413","03_PAGE_SECTIONS","494","body_ar","عن التغطية والموثوقية، بينما يحتاج ادعاء الشمول إلى دليل منفصل عن الوصول أ","assertion sense: 'an assertion of inclusion needs separate evidence'"
"PB-0413","03_PAGE_SECTIONS","504","body_ar","ضبط للفجوة واختبار الفرضيات من دون ادعاء السببية ما لم يسمح التصميم بذلك.","assertion sense: 'without asserting'"
"PB-0414","03_PAGE_SECTIONS","532","section_role","سياق المنظومة","section label 'System context' (financial system)"
"PB-0415","03_PAGE_SECTIONS","535","body_en"," not establish that a provider launched the product, that customers adopted it, w","a financial product"
"PB-0414","03_PAGE_SECTIONS","561","section_role","سياق المنظومة","section label 'System context' (financial system)"
"PB-0415","04_NAV_UX","40","route_or_group"," state the strongest answer, its limit, the system link and the next evidence ne","the system-context link (financial system)"
"PB-0414","05_QUESTIONS","5","question_ar","ما الذي يتغير في منظومة الشمول المالي في اليمن، وماذا","indefinite / construct «منظومة …» = the financial(-inclusion) system"
"PB-0414","05_QUESTIONS","5","user_gets_ar","صورة مترابطة للمنظومة توضح اختلاف توقيت القياس بين ","connected picture of the financial system"
"PB-0415","06_EVIDENCE_OBJECTS","9","limitations_en","Do not call the system effective, timely in practice","a payment system"
"PB-0414","06_EVIDENCE_OBJECTS","11","title_ar","الشمول المالي منظومة انتقال، لا درجة واحدة","indefinite / construct «منظومة …» = the financial(-inclusion) system"
"PB-0413","06_EVIDENCE_OBJECTS","17","title_ar","ما الذي قد يفسر الرقم — من دون ادعاء إثباته؟","assertion sense: 'without asserting'"
"PB-0413","06_EVIDENCE_OBJECTS","17","limitations_ar","لا سهم سببي ولا ادعاء انتشار أو درجة مشاعر دون دليل مست","assertion sense: 'nor an assertion of'"
"PB-0413","06_EVIDENCE_OBJECTS","20","method_ar","حسب الموضوع والنطاق، ولا تُستخدم الادعاءات الرقمية إلا عندما يكون القياس ا","assertion sense: numeric assertions made by qualitative sources"
"PB-0413","06_EVIDENCE_OBJECTS","37","limitations_ar","ى أنشطة الأسبوع العالمي للمال، ولا ادعاء فعالية البرنامج من دون تقييم يتضم","assertion sense: 'nor an assertion of'"
"PB-0414","06_EVIDENCE_OBJECTS","63","summary_ar","ا تتساوى حداثة الأدلة بين مجالات المنظومة: فعدد من مشاهدات المدفوعات وا","domains of the financial system (true under either reading)"
"PB-0413","06_EVIDENCE_OBJECTS","84","limitations_ar","لا يجوز الادعاء بأن كل صف في تقرير البنك المركزي ","assertion sense: 'it may not be asserted that'"
"PB-0414","06_EVIDENCE_OBJECTS","95","limitations_ar","ج عدد المستخدمين الفريدين أو تغطية منظومة التجار أو رفاه الأسر أو السبب","indefinite / construct «منظومة …» = the financial(-inclusion) system"
"PB-0413","06_EVIDENCE_OBJECTS","107","limitations_ar","لا يجوز الادعاء بأن الأدلة العامة تثبت الصيغة الد","assertion sense: 'it may not be asserted that'"
"PB-0413","06_EVIDENCE_OBJECTS","109","definition_ar","قح للمنهج يبين وجود سابقة من دون الادعاء بوجود استمرارية كاملة مع النظام ا","assertion sense: 'without asserting'"
"PB-0415","07_PUBLIC_CLAIMS","15","does_not_prove_en","Do not call the system effective, timely in practice","a payment system"
"PB-0413","07_PUBLIC_CLAIMS","17","does_not_prove_ar","ى أنشطة الأسبوع العالمي للمال، ولا ادعاء فعالية البرنامج من دون تقييم يتضم","assertion sense: 'nor an assertion of'"
"PB-0414","07_PUBLIC_CLAIMS","18","copy_ar","ا تتساوى حداثة الأدلة بين مجالات المنظومة: فعدد من مشاهدات المدفوعات وا","domains of the financial system (true under either reading)"
"PB-0413","07_PUBLIC_CLAIMS","40","does_not_prove_ar","لا يجوز الادعاء بأن الأدلة العامة تثبت الصيغة الد","assertion sense: 'it may not be asserted that'"
"PB-0413","07_PUBLIC_CLAIMS","44","does_not_prove_ar","لا يجوز الادعاء بأن كل صف في تقرير البنك المركزي ","assertion sense: 'it may not be asserted that'"
"PB-0414","07_PUBLIC_CLAIMS","54","does_not_prove_ar","ج عدد المستخدمين الفريدين أو تغطية منظومة التجار أو رفاه الأسر أو السبب","indefinite / construct «منظومة …» = the financial(-inclusion) system"
"PB-0415","09_READING_SECTIONS","32","copy_en","s can be read together without freezing the system at the older population obser","the financial system"
"PB-0413","09_READING_SECTIONS","66","copy_ar","ضبط للفجوة واختبار الفرضيات من دون ادعاء السببية ما لم يسمح التصميم بذلك.","assertion sense: 'without asserting'"
"PB-0413","09_READING_SECTIONS","82","copy_ar","عن التغطية والموثوقية، بينما يحتاج ادعاء الشمول إلى دليل منفصل عن الوصول أ","assertion sense: 'an assertion of inclusion needs separate evidence'"
"PB-0413","10_MEASUREMENT_AGENDA","5","decisions_unlocked_ar","اني مقاس، من دون تحويل التزامن إلى ادعاء سببي؟","assertion sense: 'into a causal assertion'"
"PB-0414","11_VISUAL_LIBRARY","12","title_ar","الشمول المالي منظومة انتقال، لا درجة واحدة","indefinite / construct «منظومة …» = the financial(-inclusion) system"
"PB-0414","11_VISUAL_LIBRARY","12","question_ar","كيف ترتبط مكونات منظومة الشمول المالي في اليمن ببعضها","indefinite / construct «منظومة …» = the financial(-inclusion) system"
"PB-0413","11_VISUAL_LIBRARY","13","title_ar","ما الذي قد يفسر الرقم — من دون ادعاء إثباته؟","assertion sense: 'without asserting'"
"PB-0413","11_VISUAL_LIBRARY","13","prohibited_inference_ar","لا سهم سببي ولا ادعاء انتشار أو درجة مشاعر دون دليل مست","assertion sense: 'nor an assertion of'"
"PB-0414","11_VISUAL_LIBRARY","23","decision_value_ar","يضع التمويل داخل منظومة القيود التي تواجه المنشآت ويح","indefinite / construct «منظومة …» = the financial(-inclusion) system"
"PB-0414","11_VISUAL_LIBRARY","33","title_ar","منظومة واحدة وأشياء مختلفة تُعد","indefinite / construct «منظومة …» = the financial(-inclusion) system"
"PB-0413","11_VISUAL_LIBRARY","37","decision_value_ar","سًا إلى أجندة قياس منضبطة من دون الادعاء بأن أسباب الفجوة أصبحت مثبتة.","assertion sense: 'without asserting'"
"PB-0414","12_VISUAL_PREVIEWS","10","These diagrams show the intended semantic logic. The complete 36-object visualization specification — question, data inputs, meaning, interaction and accessibility — is in 11_VISUAL_LIBRARY.","Financial-inclusion system / منظومة الشمول المالي","indefinite / construct «منظومة …» = the financial(-inclusion) system"
"PB-0414","14_SYSTEM_CHRONOLOGY","25","fi_relevance_ar","د المشاركة بوصفها أجزاء مترابطة من منظومة اقتصادية أوسع.","indefinite / construct «منظومة …» = the financial(-inclusion) system"
"PB-0415","33_ANALYTICS_MASTER","53","unit","dence class so users see which parts of the system are current versus old.","parts of the financial system"
"PB-0413","07_PUBLIC_CLAIMS","1","A1 (sheet title)","الادعاءات التحليلية العامة","REPLACED by PB-0413.T01 (listed here for count closure; not a KEEP)"
