finding_id,lens,severity,title,route_object,owner,disposition,transactions,status,note
AR-01,AR,MATERIAL,«المحافظ السبع» (wallets/governors) instead of «المحافظات السبع» in a Reading's key guardrail,"/ar/readings/finance-constraint-different-questions/ §04; reading_sections CWR-008 `does_not_establish` copy_ar; readings.json CWR-008 `prohibited_inference_ar`. Related bare «المحافظ» for e-wallets: /ar/people/ (""ما الذي لا يثبته""), /ar/providers/ (""ما الذي ما زلنا لا نعرفه""), CWR-003, CWR-010, /ar",MASTER,FIX,TC-A; TC-C,CLOSED,
AR-02,AR,MATERIAL,"Home ""signals"" heading contradicts its own body and the English","/ar/ (Home), page_specs ""/"" section heading_ar",MASTER,FIX,TC-C,CLOSED,
AR-03,AR,MATERIAL,"Transmission chain moves ""actual"" from use to access (access ≠ use collapse)","/ar/ Home ""سياق المنظومة"" body; /ar/reforms/ §01 ""لسلسلة الإصلاح…""",MASTER,FIX,TC-C,CLOSED,
AR-04,AR,MATERIAL,"«الحوالات» / «التحويلات» used interchangeably for the same series, and «التحويل» also means cash transfers","/ar/remittances/; CLM-032, CLM-041..044; CWR-001 (same-year-different-number); CWR-010 + MA-009 (after-transfer); /ar/finance/; Explore QE-007",MASTER,FIX,TC-A; TC-C,CLOSED,
AR-05,AR,MATERIAL,"""Budget"" collisions: «بند الموازنة» for the BOP balancing residual; «الميزانية» for bank balance sheets","/ar/remittances/ (H3 + verify strip), CLM-043 (title/body/limits), CWR-001 binding list, /ar/data/; CWR-002 title on /ar/readings/, /ar/finance/, reading page",MASTER,FIX,TC-A; TC-C,CLOSED,
AR-06,AR,MATERIAL,Statistical terms rendered with politically loaded Yemeni/Arab words,"«التطبيع» 18× (remittances, CWR-001, CLM-032/037/042, compare, data, methodology); «مصالحة» 4× (CLM-057, compare, data); «الحاكم» 7× (CLM-044 title wherever bound)",MASTER,FIX,TC-A; TC-C,CLOSED,
AR-07,AR,MATERIAL,Calqued technical terms that carry the wrong meaning in Arabic,"/ar/remittances/, /ar/finance/, /ar/firms/, CLM-003, CLM-057, CLM-062, CWR-001, MA-008, MA-009, CWR-010, /ar/methodology/ (""لوحة من 32 مقياسًا"")",MASTER,FIX,TC-A; TC-C,CLOSED,
AR-08,AR,MATERIAL,"«مقيدة بالحساب» mistranslates ""await calculation"" (currentness)",/ar/evidence/ (VIS-DEMAND-VINTAGE-LADDER card); VIS-DEMAND-VINTAGE-LADDER record,MASTER,FIX,TC-A,CLOSED,
AR-09,AR,MATERIAL,"«التي جرت/تمت مراجعتها» (reviewed by us) reads as ""which was revised""",/ar/payments/ H3 + body; /ar/methodology/ POS card; /ar/evidence/ CLM-039 card; CLM-039 record (9 occurrences),MASTER,FIX,TC-A; TC-C,CLOSED,
AR-10,AR,MATERIAL,"Measurement ""decision unlocked"" is indicative in Arabic, conditional in English (all 10 priorities)","/ar/measurement/ (10 items), each domain page's ""ما القياس الذي سيغيّر القرار؟"" block, /ar/explore/",MASTER (field) + RUNTIME (label in build.py),FIX,TC-C,CLOSED,
AR-11,AR,MATERIAL,"Measurement ""missing evidence"" differs between AR and EN in 7 of 10 priorities","MA-004, MA-005, MA-006, MA-007, MA-008, MA-009, MA-010 (rendered on /measurement/, domain pages, Explore)",MASTER,FIX,TC-C,CLOSED,
AR-12,AR,MATERIAL,"Reading question omits the universe of ""22%"" (both languages)",/ar/readings/ index; /ar/readings/finance-constraint-different-questions/ (question H2); readings CWR-008 `question_ar/_en`,MASTER,FIX,TC-C,CLOSED,
AR-13,AR,MATERIAL,"«حالة/حالات» used as schema jargon for stage, status and evidence type (≈99 occurrences, 32 files)","/ar/reforms/ H2 + 3 H3s; /ar/providers/ H2 + scope line; /ar/finance/ H3 + verify strip; Explore QE-008 user_gets; /ar/remittances/ H2; CWR-009; MA-005, MA-010; CLM-009, CLM-015, NEG-EW-011",MASTER,FIX,TC-A; TC-C,CLOSED,
AR-14,AR,MATERIAL,"Repository/control language on public pages: «حالة النشر», «مواصفة», «تعبئة البيانات», «سياق حظر/سلطة سلبية»",every Evidence Record (source block intro and verification path: «حالة النشر» 212× in 113 files); /ar/corrections/; CLM-047; NEG-EW-011; /ar/about/; /ar/privacy/,"RUNTIME (build.py strings) + MASTER (CLM-047, NEG-EW-011)",FIX,TC-A; TC-C,CLOSED,
AR-15,AR,MATERIAL,"Evidence Record template formulas (≈110 pages): clumsy or wrong currentness, ""authoritative"" and ""challenge"" lines",all /ar/evidence/<id>/ pages,MASTER (template fields) + GENERATOR + RUNTIME (build.py label),FIX,TC-A,CLOSED,
AR-16,AR,MATERIAL,"«دليل» (the product's core word, ""evidence"") also used for directory, manual and crosswalk","/ar/data/ H2 ""دليل المصادر والتحقق"" + intro; build.py source-directory strings; app.js error string; MA-010 missing_evidence_ar; XW-FMIIP-005 measures_ar",MASTER + RUNTIME,FIX,TC-A; TC-C,CLOSED,
AR-17,AR,MATERIAL,"Three self-names (الموقع/المورد/المنتج), «الموقع» also meaning location and ""signed"", and broken gender agreement","«هذا الموقع» 37×/18 files, «هذا المورد» 30×, «هذا المنتج/المنتج العام للأدلة» (measurement, privacy, terms, rights, accessibility); /ar/measurement/ uses all three; /ar/access/; /ar/finance/; /ar/reforms/; /ar/about/ headings; footer (all pages)",MASTER + RUNTIME,FIX,TC-C,CLOSED,
AR-18,AR,MATERIAL,"Proper names of programmes and institutions wrong or inconsistent (FMIIP, YPCC, IMF SMP)","FMIIP «البنية التحتية للأسواق والشمول» 18×/7 files (data, FMIIP-BASELINE-2025-01, reforms, payments…); YPCC on /ar/payments/, /ar/reforms/, CWR-009 vs interface_copy; SMP on /ar/reforms/ H3, CLM-049 (evidence hub), /ar/data/ source title",MASTER,FIX,TC-A; TC-C,CLOSED,
AR-19,AR,MATERIAL,"Central-bank authority named five ways, and unqualified on Home",/ar/ Home signal; CLM-003; CWR-009; /ar/payments/; /ar/finance/; /ar/providers/; interface_copy,MASTER,FIX,TC-A; TC-C,CLOSED,
AR-20,AR,MATERIAL,Arabic source cards show English publishers and bare Latin IDs as titles,"every AR Evidence Record source block, Reading source lists, /ar/data/ (e.g. CLM-001's primary source card shows only ""SRC-WB-FINDEX-AGG-2022""; CWR-001 shows ""SRC-IMF-D4D-YEM-ESS-2025""; cards end ""…Central Bank of Yemen — Aden"", ""World Bank"", ""International Monetary Fund"")",MASTER (+ GENERATOR to emit),FIX,TC-B,CLOSED,
AR-21,AR,EDITORIAL,Unexplained Latin acronyms and four names for Findex; Arabic users told to type an English subject line,"site-wide; /ar/privacy/, /ar/contact/",MASTER,FIX,TC-A; TC-C,CLOSED,
AR-22,AR,EDITORIAL,MSME term: «الصغرى» where Yemeni institutional usage is «الأصغر»,"16× in 8 files (Explore, measurement, finance, firms, CWR-008, build.py domain tag ""المنشآت الصغرى والصغيرة والمتوسطة"")",MASTER + RUNTIME,FIX,TC-C,CLOSED,
AR-23,AR,EDITORIAL,Navigation label «أجندة القياس»,"global header and footer (all 143 AR routes), /ar/measurement/ body (""تربط هذه الأجندة…""), Home card, Explore CTAs ""افتح في أجندة القياس ←""",MASTER,FIX,TC-C,CLOSED,
AR-24,AR,EDITORIAL,"«القاعدة» alone for ""rule""","Home H2 ""من القاعدة إلى النتيجة: كل حلقة تحتاج دليلًا""; QE-003 user_gets on Home and Explore ""تتبّع كل مرحلة من القاعدة إلى النتيجة""; CWR-009 thesis ""وجود القاعدة أو النظام…""; interface ""قاعدة أو برنامج""",MASTER,FIX,TC-C,CLOSED,
AR-25,AR,EDITORIAL,Governed entry questions: calqued syntax and «ادعاء» for the product's own claims,"questions.json QE-005, QE-008, QE-011 (Home + Explore)",MASTER,FIX,TC-C,CLOSED,
AR-26,AR,EDITORIAL,Headline cadence: translated-English H1/H2s on high-traffic pages,"/ar/finance/, /ar/payments/, /ar/remittances/, /ar/reforms/, /ar/methodology/, /ar/evidence/, /ar/data/ H1s; Home H2 ""إذا أردت أن تتحدى الإجابة""; /ar/rights/ H2; «بصمت/صامتًا» 12×",MASTER,FIX,TC-C,CLOSED,
AR-27,AR,EDITORIAL,Grammar and agreement errors,"Reading CWR-003 title (8× across people, payments, reforms, readings, reading page); /ar/methodology/ H2; MA-004 (Explore, measurement, firms); /ar/about/; /ar/data/ (build.py); /ar/corrections/; /ar/providers/ and CLM-015; app.js search count",MASTER + RUNTIME,FIX,TC-A; TC-C,CLOSED,
AR-28,AR,EDITORIAL,«المبلغ عنها/عنه» (reported) reads as «المبلغ» (the amount) (65×),"Home signal, /ar/payments/, /ar/finance/, /ar/remittances/, CLM-003/007/021/033, VIS-POS-*, CWR-009",MASTER,FIX,TC-A; TC-C,CLOSED,
AR-29,AR,EDITORIAL,Recurring interface labels hard-coded in build.py read as translation,"all 8 domain pages (""قاعدة القراءة""), every visual block, Readings index, compare",RUNTIME (these public strings arguably belong in the Master),FIX — SCHEDULED R8.5,,OPEN (R8.5),Public copy held in build.py/app.js moves to Master 04 in R8.5 (copy-out-of-code). Not executed: programme stopped at the Tranche C boundary.
AR-30,AR,EDITORIAL,"Readings' ""what the evidence does not establish"" repeats the same prohibition twice (schema concatenation)",all 10 Readings §04; clearest in CWR-009 and CWR-008,MASTER,FIX,TC-C,CLOSED,
AR-31,AR,EDITORIAL,"""System"" rendered two ways for the same North-Star concept","10 Reading section headings ""كيف يرتبط ذلك **بالنظام الأوسع**"" vs domain/Home «سياق المنظومة» / «المنظومة الأوسع»; reforms reading «ساعات قياس متعددة»",MASTER,FIX,TC-A; TC-C,CLOSED,
EN-01,EN,BLOCKER,Microfinance Reading H1/title is stale and states a premise the evidence does not support,"/readings/microfinance-structural-divergence/ (CWR-006); also site_map, search_index, page_contracts entries for this route",MASTER (page-spec title) + GENERATOR (derive from readings.json),FIX,TC-S1,CLOSED,
EN-02,EN,MATERIAL,Seven more record pages carry stale or jargon `<title>`s that differ from their H1 (and the search index),"VIS-POS-TERMINALS, VIS-POS-TRANSACTIONS, VIS-POS-VALUE, VIS-FINDEX-GAPS, VIS-INCLUSION-TRANSMISSION, CLM-026, CLM-010, CLM-009; CLM-023 label variants",MASTER + GENERATOR,FIX,TC-A,CLOSED,
EN-03,EN,MATERIAL,Chart-design prohibitions are rendered as public reader copy,"about 22 of 36 VIS-* records (""What this evidence does not establish""); ""Inference boundary"" lines in the chart text alternatives on Home, People, Firms, Payments, Providers; MFI-SPINE-2015-Q4; meta descriptions of VIS-MFI-SPINE and VIS-PROVIDER-TIME",MASTER (visual-contract public copy) + GENERATOR (field mapping/label),FIX,TC-A; TC-C,CLOSED,
EN-04,EN,MATERIAL,CLM-024 prints the raw case shares it says must not be printed; one of them (15.5%) equals a headline weighted estimate,CLM-024; Evidence hub card; Methodology card,MASTER,FIX,TC-A,CLOSED,
EN-05,EN,MATERIAL,"Maintainer instructions printed on 108 public records (""Update this record when…"")","108 of 110 evidence records; variants on CLM-009, CLM-013, CLM-017, CLM-049",MASTER,FIX,TC-A,CLOSED,
EN-06,EN,MATERIAL,"Machine template in ""How current is it?"" on 85 records, ungrammatical with many periods","85 of 110 evidence records (e.g., CLM-032, CLM-033, CLM-042, CLM-044, NEG-EW-011, PSE-011, QUAL-001, VIS-POS-TERMINALS)",MASTER,FIX,TC-A,CLOSED,
EN-07,EN,MATERIAL,"""What this evidence does not establish"" is answered with instructions, not statements","80 of 110 records; Evidence hub, Measurement and Methodology cards (""Does not establish: Do not…"")",MASTER,FIX,TC-A; TC-C; TC-D; TC-F-val,CLOSED,
EN-08,EN,MATERIAL,"""What does it measure?"" is answered with a non-answer on 37 records","29 VIS/DS records (""A visual summary…"") and 8 (""A text summary…""); MFI-SPINE-2015-Q4, PSE-011, DS-* records",MASTER,FIX,TC-A,CLOSED,
EN-09,EN,MATERIAL,Evidence-record chrome (110 pages) uses repository language and makes promises the page does not keep,all 110 /evidence/<ID>/ pages,RUNTIME (build.py) → move to MASTER interface copy,FIX — SCHEDULED R8.5,,OPEN (R8.5),Public copy held in build.py/app.js moves to Master 04 in R8.5 (copy-out-of-code). Not executed: programme stopped at the Tranche C boundary.
EN-10,EN,MATERIAL,Sitewide page chrome repeats self-assessment and repository phrases,"25 hub/trust/reading pages; 8 domain pages; 13 pages with ""Continue from here""; Providers",RUNTIME,FIX,TC-C,CLOSED,
EN-11,EN,MATERIAL,"Meta descriptions repeat the title, cut mid-sentence, and for Readings lead with the wrong point","all 143 EN pages; notably /, /payments/, PSE-011, /readings/after-transfer-persistence/, /readings/from-rail-to-result-missing-middle/",MASTER (page-spec meta) + GENERATOR (composition rule and sentence splitter),FIX,TC-G,CLOSED,
EN-12,EN,MATERIAL,`<title>`s are over-long and hub and domain titles do not name the page,"all pages; notably /methodology/, /measurement/, /readings/, /evidence/, /data/, /about/ and the eight domain pages",GENERATOR (+ MASTER short page names),FIX,TC-A,CLOSED,
EN-13,EN,MATERIAL,"Reading template produces restatement where qualification should be, and duplicate verification sections",all 10 /readings/*,MASTER (reading_sections),FIX,TC-C,CLOSED,
EN-14,EN,MATERIAL,"Home ""Three signals. Three different evidence states."" misuses the product's own term; EN and AR diverge","/ (Home, section 3)",MASTER,FIX,TC-C,CLOSED,
EN-15,EN,MATERIAL,"Home ""a causal explanation for every measured gap"" implies some gaps are causally explained","/ (Home, ""The gaps the evidence cannot yet close"")",MASTER,FIX,TC-C,CLOSED,
EN-16,EN,MATERIAL,"Payments H1 asserts an undated, ongoing trend; lede uses promotional ""powerful""","/payments/ (H1, `<title>`, meta, lede)",MASTER,FIX,TC-C,CLOSED,
EN-17,EN,MATERIAL,"""Current"", ""currently"", ""now"" and ""today"" appear without a date; ""now countable"" is change-log language","CLM-017 (5×), Methodology and Payments verify labels, /providers/, CLM-019 (hub card), /people/, /reforms/, reforms Reading, CLM-041, /corrections/",MASTER,FIX,TC-A; TC-C,CLOSED,
EN-18,EN,MATERIAL,CLM-058 title turns a hedged World Bank interpretation into an unattributed quasi-causal finding,CLM-058; data page source card; microfinance Reading section 01,MASTER,FIX,TC-A,CLOSED,
EN-19,EN,MATERIAL,"SMEPS ""funding or disbursement"" leaves the financial state ambiguous, against the product's own rule","/firms/ (""Programme reach is useful evidence""); SMEPS programme-reach record",MASTER,FIX,TC-C,CLOSED,
EN-20,EN,MATERIAL,Institutional acronyms are never expanded in English,"domain pages, Readings, records",MASTER,FIX,TC-C,CLOSED,
EN-21,EN,MATERIAL,"133 of 160 sources are shown and cited by internal ID only, including the core account-ownership source","all records and Readings citing LOCATOR_ONLY sources; /data/ ""Sources supporting current public evidence"" list",MASTER,FIX,TC-B,CLOSED,
EN-22,EN,MATERIAL,"""Cite this record"" produces a field dump, not a citation","all 110 records (meta yfie-citation, copied by ""Cite this page"")",GENERATOR (+ RUNTIME fallback),FIX,TC-F,CLOSED,
EN-23,EN,MATERIAL,"Copy describes downloads, exports and version history that this build does not offer","Home card 03; /rights/ meta; Methodology §09; all 110 records (""How should this record be read?""); Home/Explore question card; About §05",MASTER + RUNTIME,FIX,TC-C; TC-S1,CLOSED,
EN-24,EN,MATERIAL,Trust pages read as internal specifications,"/corrections/, /rights/, /accessibility/, /privacy/, /contact/, 404","MASTER (trust copy) + RUNTIME (404, record widget)",FIX,TC-C,CLOSED,
EN-25,EN,MATERIAL,"""Report an issue"" in the header leads to a page with no way to report","header utility on all 143 EN pages (text link and ""!"" icon, aria-label ""Report an issue"")",MASTER (navigation contract) + GENERATOR,FIX,TC-F-code,CLOSED,
EN-26,EN,EDITORIAL,"Headlines lean on a ""not X"" cadence; domain H1s lead with the negation, not the finding","8 domain pages, Home, Explore, many H2/H3s and record titles",MASTER,FIX,TC-C,CLOSED,
EN-27,EN,EDITORIAL,Repository vocabulary in reader-facing body copy,"domain pages, Readings, /data/, records",MASTER,FIX,TC-A; TC-C; TC-D; TC-F,CLOSED,
EN-28,EN,EDITORIAL,Jargon and product-name titles for records and visuals,"VIS-MFI-SPINE, VIS-PROVIDER-TIME, VIS-SOURCE-COMPARISON, VIS-CAPITAL-CONTEXT, DS-DEMAND-VINTAGE-LENS, DS-FINDEX-PUBLIC-HISTORY, DS-FINDEX-HISTORY-CROSSWALK, VIS-OECD-FCP-TIMELINE, NEG-EW-011, QUAL-001, CLM-010, CLM-049, VIS-MFI-RUPTURE-LENS, VIS-FIRM-CONSTRAINTS",MASTER,FIX,TC-A,CLOSED,
EN-29,EN,EDITORIAL,"Hedged false precision (""about 57.03%"")","13 EN files: /payments/, CLM-051, digital and microfinance Readings, same-year Reading, CLM-037, CLM-041, CLM-042, VIS-POS-TERMINALS, /remittances/, Methodology",MASTER,FIX,TC-A; TC-C,CLOSED,
EN-30,EN,EDITORIAL,Rhetorical and coined words in analytical copy; two grammar slips,"CLM-042, Methodology, CLM-041, VIS-DEMAND-VINTAGE-LADDER, hub card, same-year Reading, VIS-MFI-SPINE, VIS-EVIDENCE-FRESHNESS, CLM-001",MASTER,FIX,TC-A; TC-C; TC-F-val,CLOSED,
EN-31,EN,EDITORIAL,"Home/About lede duplication, ""supports … supports"", and one entry ""question"" that is not a question","/, /about/, /explore/",MASTER,FIX,TC-C,CLOSED,
EN-32,EN,EDITORIAL,"Measurement Agenda labels: ""Decision unlocked"" and ""P0/P1""",/measurement/ (10 cards); Explore MA cards,RUNTIME (label) + MASTER (priority display text),FIX,TC-C,CLOSED,
EN-33,EN,EDITORIAL,"Eyebrow and navigation labels: generic ""Analysis"" ×31, inconsistent casing",all hub and domain pages; header/footer,MASTER (labels) + RUNTIME,FIX,TC-C,CLOSED,
EN-34,EN,EDITORIAL,"Search snippets cut mid-word; page entries repeat their title; ""1 results shown""",site search (all pages),RUNTIME + GENERATOR,FIX,TC-F-code,CLOSED,
EVM-01,EVM,BLOCKER,The women's account-ownership figure cannot be quoted and verified from any evidence record,"/evidence/CLM-002/, /evidence/VIS-FINDEX-GAPS/, /evidence/CLM-001/ (EN+AR); source SRC-WB-FINDEX-AGG-2022; governed citation meta `yfie-citation`",MASTER (+ GENERATOR for the citation composition),FIX,TC-A,CLOSED,Women's and men's account-ownership values are quotable and verifiable from CLM-002.
EVM-02,EVM,MATERIAL,"The Home evidence signal drops the universe, the account definition and the coverage bound, and does not link to its records","/ (EN+AR), section 3 ""Evidence signals""; bound CLM-001/CLM-002/CLM-003; passport EP-FINDEX-2022-ACCOUNT",MASTER (+ GENERATOR for the links),FIX,TC-C,CLOSED,
EVM-03,EVM,MATERIAL,"""Account"" is never defined publicly (financial institution OR mobile money), which invites the ""bank account"" collapse","/evidence/CLM-001/, /people/ (sections 01/02, visual), /, /evidence/VIS-FINDEX-GAPS/, /evidence/VIS-FINDEX-OBSERVED-WAVES/ (EN+AR)",MASTER,FIX,TC-A,CLOSED,
EVM-04,EVM,MATERIAL,"CLM-056 calls two unreproducible provider-share figures for a named private provider ""verified"", while the same record is flagged ""not yet fully traced""","/evidence/CLM-056/, /readings/microfinance-structural-divergence/ (EN+AR), /finance/ (bound)",MASTER,FIX,TC-A,CLOSED,
EVM-05,EVM,MATERIAL,"CLM-024 publishes the raw case shares it forbids, and one of them collides with a governed weighted value","/evidence/CLM-024/, /evidence/ (index), /methodology/ (EN+AR)",MASTER,FIX,TC-A,CLOSED,
EVM-06,EVM,MATERIAL,Firm constraint shares omit the formal-firm universe and shorten the source items; the AR heading asserts importance,/firms/ section 01 + visual text alternative; /evidence/VIS-FIRM-CONSTRAINTS/; /readings/finance-constraint-different-questions/ (EN+AR),MASTER,FIX,TC-A; TC-C,CLOSED,
EVM-07,EVM,MATERIAL,"The 91.84% severity figure has no stated base; its percentages imply about 147 firms. The intermediary shares imply the full 328 sample, contrary to the page","/firms/ sections 02 and 04; /evidence/CLM-006/, /evidence/VIS-FIRM-FINANCE-SEVERITY/, /evidence/CLM-062/; /readings/finance-constraint-different-questions/",MASTER,NARROW,TC-A,CLOSED,The 91.84% base is stated as the report's filtered table; the implied ~147-firm base is not published by the source and is an EXPLICIT EVIDENCE FRONTIER.
EVM-08,EVM,MATERIAL,"Firm records have no page/figure pinpoints into a 150+ page PDF, although the Master holds them","/evidence/CLM-005/, /evidence/CLM-006/, /evidence/VIS-FIRM-CONSTRAINTS/, /evidence/VIS-FIRM-FINANCE-SEVERITY/, /evidence/VIS-FIRM-FINANCE-PATH/ (EN+AR)",MASTER,FIX,TC-A,CLOSED,
EVM-09,EVM,MATERIAL,"""Formal credit"" is used for a measure that includes credit from non-financial institutions",/firms/ intro and section 03 heading (EN),MASTER,FIX,TC-C,CLOSED,
EVM-10,EVM,MATERIAL,"Findex visual records ""show"" barrier, resilience and flow results that do not exist yet, and never say that the values are unpublished","/evidence/VIS-FINDEX-BARRIERS/, /evidence/VIS-FINDEX-RESILIENCE/, /evidence/VIS-FINDEX-FLOW-CHANNELS/, /evidence/VIS-FINDEX-SAMPLE-SUPPORT/ (EN+AR); listed on /evidence/ and /methodology/",MASTER,FIX,TC-A,CLOSED,
EVM-11,EVM,MATERIAL,"""Who is being left behind?"" shows a lone education value and omits published age splits; MA-003 frames them as unmeasured",/people/ section 02 + visual; /evidence/VIS-FINDEX-GAPS/; /measurement/ MA-003; /explore/ (MA-003 card),MASTER,FIX,TC-A,CLOSED,
EVM-12,EVM,MATERIAL,"The Home AR heading ""signals from different times"" is wrong for two of the three signals and diverges from EN","/ (AR vs EN), section 3",MASTER,FIX,TC-C,CLOSED,
EVM-13,EVM,MATERIAL,"Mixed and spurious precision in headline Findex figures, with no statement of sampling uncertainty for the large gaps","/, /people/, /evidence/CLM-002/, /evidence/VIS-FINDEX-GAPS/, /measurement/ MA-003, /explore/, /readings/gender-gap-measured-causes-open/ (EN+AR)",MASTER,NARROW,TC-A,CLOSED,Precision kept as published by the source; sampling uncertainty stated as not quantified in the evidence base (no standard errors held).
EVM-14,EVM,MATERIAL,"Microfinance borrower ""anchors"" are quotable without their reporting universe","/finance/ sections 01, 02 + visual; /readings/microfinance-structural-divergence/; /evidence/CLM-054/ (EN+AR)",MASTER,FIX,TC-A; TC-C,CLOSED,
EVM-15,EVM,MATERIAL,"The microfinance Reading's H1 presupposes the growth its own finding rejects, and differs from its governed title","/readings/microfinance-structural-divergence/ (EN+AR), browser title, search record",MASTER,FIX,TC-S1,CLOSED,
EVM-16,EVM,MATERIAL,"The microfinance visual contract puts two different saver measures in one ""savers"" lane",/finance/ visual (VIS-MFI-DIVERGENCE); /readings/microfinance-structural-divergence/,MASTER (visual contract) / DESIGN,FIX,TC-E,CLOSED,
EVM-17,EVM,MATERIAL,"""Larger loans mattered more"" is causal, in the product's own voice, and ignores the nominal/real rule stated in the same Reading",/evidence/CLM-058/; /readings/microfinance-structural-divergence/ section 01 (EN+AR),MASTER,FIX,TC-A,CLOSED,
EVM-18,EVM,MATERIAL,"The banking-jump Reading asks ""how much?"" but gives no magnitude, although the Master holds both 2022 vintages",/readings/banking-jump-measurement-basis/ (EN+AR) and its visual text alternative; /evidence/CLM-033/,MASTER,EXPLICIT EVIDENCE FRONTIER,,CLOSED (frontier recorded),Magnitude of the 2022 banking restatement not quantified publicly until the two vintages are reconciled at line level; the Reading keeps the qualitative restatement. Reading prose is held for the independent Reading package.
EVM-19,EVM,MATERIAL,The /people/ Arabic lede omits the strongest defensible answer that the English lede gives,/people/ lede and meta description (AR vs EN),MASTER,FIX,TC-C,CLOSED,
EVM-20,EVM,MATERIAL,"SMEPS reach counts read as unique firms; ""funding or disbursement"" merges financial states; the EN says ""achieved"" while AR says ""reported""","/firms/ intro and ""Programme reach"" block; /evidence/CLM-059/ (EN+AR)",MASTER,FIX,TC-A; TC-C,CLOSED,
EVM-21,EVM,EDITORIAL,"Home and Explore describe the firms question as a ""Constraint ranking"", which the page disclaims",/ and /explore/ question card QE-005 (EN+AR),MASTER,FIX,TC-C,CLOSED,
EVM-22,EVM,EDITORIAL,"The OECD/INFE Yemen scores are labelled ""Current evidence"" with no coverage or representativeness statement","/people/ ""Financial inclusion is not only account ownership"" block (EN+AR); /evidence/CLM-013/",MASTER,FIX,TC-A; TC-C,CLOSED,
EVM-23,EVM,EDITORIAL,"The gender Reading's ""What qualifies or complicates the reading"" repeats the finding instead of qualifying it",/readings/gender-gap-measured-causes-open/ sections 01–02 (EN+AR),MASTER,FIX,TC-C,CLOSED,
EVM-24,EVM,EDITORIAL,The VIS-FINDEX-GAPS browser/share title is stale and more loaded than its H1,"/evidence/VIS-FINDEX-GAPS/ (EN+AR) `<title>`, meta, search record",MASTER,FIX,TC-A,CLOSED,
EVM-25,EVM,EDITORIAL,"""Targets depend on what is being counted"" gives no target example; its support is Findex design facts",/readings/define-what-you-count/ section 01 (EN+AR),MASTER,FIX,TC-A; TC-C,CLOSED,
JRN-01,JRN,BLOCKER,"Derived results cannot be reproduced from the public site, although reproduction is promised","`/evidence/CLM-051/`, `/evidence/CLM-037/`, `/evidence/CLM-042/`, `/evidence/CLM-053/` (EN+AR); promise surfaces: QE-011 (`/`, `/explore/`), Home ""Challenge the answer"", `/methodology/` ""Derived evidence must be reproducible"", `/data/` §01",MASTER (then GENERATOR to render),FIX,TC-A; TC-D,CLOSED,Reproduction promise narrowed to what the public site supports; frontier sentence added where inputs are not public.
JRN-02,JRN,MATERIAL,Evidence Records and Readings offer no path back to the question they serve,all 110 `/evidence/<id>/` pages (EN+AR); all 10 `/readings/<slug>/` pages,GENERATOR (MASTER for public_routes population),FIX,TC-F; TC-F-code,CLOSED,
JRN-03,JRN,MATERIAL,Records bound to an answer page are not reachable from it; two records are orphans,"`/`, `/people/`, `/payments/`, `/reforms/`, `/remittances/`, `/finance/`, `/providers/`, `/access/`, `/firms/` (EN+AR); `/evidence/VIS-PROVIDER-TIME/`, `/evidence/VIS-SOURCE-COMPARISON/`",GENERATOR,FIX,TC-F; TC-F-code,CLOSED,
JRN-04,JRN,MATERIAL,"133 of 160 source records have no title, publisher or date, including the sources behind headline claims and every current regulation or decision","`/data/` source directory; source blocks on `/evidence/CLM-001/`, `CLM-002`, `CLM-003`, `CLM-008`, `CLM-009`, `CLM-011`, `CLM-019`, `VIS-FINDEX-GAPS`, `VIS-PAYMENT-RAILS` and others (EN+AR); 124 `source_locator` search records",MASTER,FIX,TC-B,CLOSED,
JRN-05,JRN,MATERIAL,"Search cannot handle a typed question, although the product asks users to ""start with a question""",global search dialog and `/evidence/` hub search (EN+AR); `app.js bindSearch/scoreRecord`; `search_index.json`,RUNTIME + GENERATOR,FIX,TC-F-derived; TC-F-js; TC-F-val,CLOSED,
JRN-06,JRN,MATERIAL,"Missing search vocabulary for core journey terms (women, humanitarian, licence) and a split Arabic term for remittances",`search_aliases.json` (governed discovery aliases); search index text,MASTER,FIX,TC-F,CLOSED,
JRN-07,JRN,MATERIAL,Answer pages never restate the question they answer and have no location cue,"`/people/`, `/firms/`, `/finance/`, `/providers/`, `/payments/`, `/remittances/`, `/access/`, `/reforms/` (EN+AR); evidence-record breadcrumb",GENERATOR,FIX,TC-F,CLOSED,
JRN-08,JRN,MATERIAL,"On answer pages the boundary comes before the answer, and the Arabic People lede gives no answer","`/people/`, `/firms/` most acutely; the same pattern on all 8 answer pages (EN+AR)",MASTER,FIX,TC-C,CLOSED,
JRN-09,JRN,MATERIAL,The system chronology is promised twice and rendered nowhere,"`/data/` §07–08; `/finance/` ""An evidence-based chronology of the financial system"" (EN+AR)",GENERATOR,FIX,TC-F; TC-F-code,CLOSED,
JRN-10,JRN,MATERIAL,"Measurement priorities are not linked from where gaps are raised, and the agenda omits governed fields it promises","`/measurement/` (MA-001…MA-010); the ""What measurement would change the decision?"" block on 7 answer pages; Reading section 07 (EN+AR)",GENERATOR,FIX,TC-F; TC-F-code,CLOSED,
JRN-11,JRN,MATERIAL,"""Test comparability"" on Readings leads to a comparison that cannot include the Reading's own records",9 Readings (all except `/readings/after-transfer-persistence/`) → `/evidence/compare/` (EN+AR),GENERATOR (MASTER if the eligible set is governed),FIX,TC-F-code,CLOSED,
JRN-12,JRN,MATERIAL,"The governed system relationships are not rendered, so answer pages are silos","all 8 answer pages; `visuals/system_relationships.json` (26 governed links, e.g. SL-001 /payments → /people)",GENERATOR,FIX,TC-F; TC-F-code,CLOSED,
JRN-13,JRN,MATERIAL,Stale page-spec titles appear as browser titles and search results; some imply causality or collapse objects,"`/evidence/VIS-POS-TRANSACTIONS/`, `VIS-POS-TERMINALS`, `VIS-POS-VALUE`, `VIS-INCLUSION-TRANSMISSION`, `VIS-FINDEX-GAPS`, `CLM-009`, `CLM-010`, `CLM-026`; `/readings/microfinance-structural-divergence/`; object titles of `VIS-PROVIDER-TIME` and `VIS-SOURCE-COMPARISON` (EN+AR)",MASTER,FIX,TC-A; TC-S1,CLOSED,
JRN-14,JRN,MATERIAL,"The journalist cannot find what ""account ownership"" means, and the record lacks the sampling caveat","`/evidence/CLM-001/`, `/evidence/VIS-FINDEX-GAPS/`, `/evidence/CLM-002/` (EN+AR); 37 records with boilerplate definitions",MASTER,FIX,TC-A,CLOSED,
JRN-15,JRN,MATERIAL,Explore question QE-001 sends the user back to the top of Home,`/explore/` → QE-001 → `/` (EN+AR),MASTER + GENERATOR,FIX,TC-F-code,CLOSED,
JRN-16,JRN,MATERIAL,Unlabeled card blocks are appended to hubs; on Measurement an evidence record reads as a priority,`/explore/` (5 Measurement cards after the question clusters); `/evidence/` (MA-006 card after the records); `/measurement/` (CLM-009 roster card and VIS-EVIDENCE-GAPS after MA-010) (EN+AR),GENERATOR (MASTER for the heading copy),FIX,TC-F,CLOSED,
JRN-17,JRN,MATERIAL,"The Evidence hub calls itself an index but lists 20 of 110 records, and the Home ""Verify evidence"" button leads to a hub without the Home figures","`/evidence/` (EN+AR); Home hero ""Verify evidence""",GENERATOR (MASTER for copy),FIX,TC-F; TC-F-code,CLOSED,
JRN-18,JRN,EDITORIAL,"Utility links go to the wrong or a generic destination, and hub heroes link to themselves","header ""Report an issue"" (! icon and mobile ""Report an issue"") on every page; record-level ""Citation and reuse""; answer-page hero ""Open evidence""; `/explore/` and `/evidence/` hero CTAs; `/404.html` (EN+AR)",GENERATOR / RUNTIME,NARROW,TC-F-code,CLOSED,"Wrong-destination utility links corrected (issues -> /contact/, reuse -> /rights/); hub-hero self-links left to Design (component behaviour)."
JRN-19,JRN,EDITORIAL,"""Cite this record"" text contains double full stops","109 AR and 43 EN evidence records (`meta[name=yfie-citation]`, copied by ""Cite this record"")",GENERATOR,FIX,TC-F-code,CLOSED,
JRN-20,JRN,MATERIAL,Unguarded localStorage can leave the root URL blank and disable the language switch,`/index.html` (root redirect); language button on every page (`app.js` L25–28),RUNTIME,FIX,TC-F-code,CLOSED,
JRN-21,JRN,MATERIAL,The remittance answer page never places the CBY and IMF levels side by side,"`/remittances/`; `/evidence/CLM-041/`, `CLM-042`, `CLM-037` (EN+AR)",MASTER,FIX,TC-A; TC-C,CLOSED,
JRN-22,JRN,MATERIAL,"The collapsed ""More evidence and context"" tier holds the only answer to some governed questions",`/payments/` (QE-004 durable use); `/reforms/` (consumer-protection rules) (EN+AR),MASTER (presentation contract / section copy),FIX,TC-C; pp,CLOSED,
PAY-01,PAY,MATERIAL,"Payment and POS figures do not name the issuing authority or its territorial scope, which /providers/ does name","`/` (Evidence signals), `/payments/` (§""POS: three different signals"", §""What FPS and RTGS mean""), `/access/` (§""What can be observed now"", §""What a roster or infrastructure count cannot establish"", §""Infrastructure can expand…""), `/reforms/` (§FPS/RTGS); CLM-003 copy_en/ar and universe_en; VIS-POS-",MASTER,FIX,TC-A; TC-C; TC-D,CLOSED,
PAY-02,PAY,MATERIAL,"""Unlicensed"" and enforcement statements say ""CBY"" and never name the issuing authority","`/evidence/CLM-015/`, `/evidence/CLM-019/`, `/evidence/PSE-011/`, `/evidence/NEG-EW-011/` (all bound to `/providers/` and `/payments/`); public_claims CLM-015 and CLM-019; evidence_objects CLM-015, CLM-019, PSE-011 and NEG-EW-011 summary_en/ar",MASTER,FIX,TC-A; TC-D,CLOSED,
PAY-03,PAY,MATERIAL,"FPS, RTGS and YPCC are said not to be ""fully live"", which implies partial operation the governed data do not show","`/payments/` (§""What FPS and RTGS mean""), `/reforms/` (§FPS/RTGS, §""Where the reform evidence chain breaks today""), `/readings/from-rail-to-result-missing-middle/` (§02, §05, §06); CLM-018 does_not_prove_en/ar and limitations_en/ar",MASTER,FIX,TC-A; TC-C,CLOSED,
PAY-04,PAY,MATERIAL,"""Current"" and ""currently available"" statements carry no date, although the Master holds one","`/providers/` (§""Banks: a current formal roster…"", §""Whose list is this?""), `/access/` §02; CLM-008 and CLM-055 (copy, period_en ""2026 source-list state""); CLM-017 (headline, which is also the Verify link on `/payments/`; summary; currentness); VIS-PROVIDER-OBSERVABILITY question_en",MASTER,FIX,TC-A; TC-C,CLOSED,
PAY-05,PAY,MATERIAL,"The 2026 exchange and remittance roster has no issue date, so ""later 2026 decisions"" is unsupported","`/providers/` (§""Exchange and remittance…"", §""Status events update an entity…""), `/access/` §02, `/evidence/CLM-009/`, `/evidence/CLM-019/`, `/evidence/VIS-PROVIDER-TIME/`; Master PUC-EXCH-2026-01 reference_state; CBY-ROSTER-2026-* period",MASTER,FIX,TC-A; TC-C,CLOSED,
PAY-06,PAY,MATERIAL,"CLM-019 and its passport have a stale period, and present a selection of 2026 decisions as the whole set","`/evidence/CLM-019/`, `/providers/`; evidence_objects CLM-019 period_en/ar and currentness_en/ar; passport EP-CBY-PROVIDER-STATUS-2026 reference_period",MASTER,FIX,TC-A,CLOSED,
PAY-07,PAY,MATERIAL,"22 of the 23 regulatory and status instruments show only raw IDs, with no title, issuer or date, and ""Copy source reference"" yields only an ID and URL","`/evidence/CLM-019/`, CLM-015, CLM-017, CLM-018, CLM-003, CLM-012, VIS-PAYMENT-RAILS, VIS-E-MONEY-RULE-STACK, VIS-REMITTANCE-MACRO; `/readings/same-year-different-number/` (SRC-IMF-D4D-YEM-ESS-2025); `/data/`",MASTER,FIX,TC-B,CLOSED,
PAY-08,PAY,MATERIAL,"Consumer-protection ""rules"" come from a 2024 awareness brochure; the instrument text is not extracted, and the dates disagree","`/reforms/` (§""Complaint rules establish a path, not performance"", §""Adopting a rule and implementing it…""), `/evidence/CLM-011/`, `/evidence/VIS-FCP-REDRESS-PATH/`, MA-006",MASTER,FIX,TC-A; TC-C; TC-D,CLOSED,
PAY-09,PAY,MATERIAL,"CLM-007 leaves out the IMF series' territorial scope, which the visual built from the same data states","`/remittances/` (§01 ""Reported history, estimates and projections…"" and its Verify link), `/evidence/CLM-007/`",MASTER,FIX,TC-A,CLOSED,
PAY-10,PAY,MATERIAL,"Arabic (and the Master passport) use several names for the macro remittance series, and one of them merges it with hawala","`/ar/remittances/`, `/ar/readings/same-year-different-number/`, `/ar/evidence/CLM-032/`, `/ar/evidence/CLM-035/`, `/ar/data/`; passport EP-CBY-REMITTANCE-VINTAGE-K04 object",MASTER,FIX,TC-A; TC-C; TC-D,CLOSED,
PAY-11,PAY,MATERIAL,"Mid-2025 breaks in the POS series are not disclosed: a format and universe-label change in July 2025, an exchange-rate jump, and a YER unit that is not uniform across areas","`/payments/` (§""POS: three different signals""), VIS-POS-TRANSACTIONS, VIS-POS-VALUE, CLM-003",MASTER,NARROW,TC-G,CLOSED,July-2025 change to a one-page infographic disclosed on the three POS records; exchange-rate caveat not added because rounded rates are not governed.
PAY-12,PAY,MATERIAL,"Decision No. 23 of 2024 is correctly limited to a rule, but its card overstates its role, omits its authority scope, and the Arabic ""الأولية"" changes the meaning","`/data/` (source card), `/evidence/VIS-PAYMENT-RAILS/`; SRC-CBY-DEC-23-2024-001",MASTER,FIX,TC-A,CLOSED,
PAY-13,PAY,MATERIAL,"The public text never explains the unified money-transfer network, and a duplicate Master row says ""adoption""","`/payments/` (§""What FPS and RTGS mean""), `/reforms/` (§FPS/RTGS), `/readings/from-rail-to-result-missing-middle/`, CLM-018; Master REF-PAY-001, -006, -009, -010, -011",MASTER,FIX,TC-A,CLOSED,
PAY-14,PAY,MATERIAL,"G2Px pilot: CLM-045 says the evidence ""establishes delivery""; the source record says ""an emphasis on"" and the Reading says ""designed around""; the reach figure has no date","`/payments/` (Verify), `/people/`, `/readings/after-transfer-persistence/` §01, `/evidence/CLM-045/`, `/data/` (SRC-WB-G2PX-YEM-UCT-2024-001)",MASTER,FIX,TC-A,CLOSED,
PAY-15,PAY,MATERIAL,Single-entity public records pick out one of twelve named wallets and name a private individual under enforcement,"`/evidence/NEG-EW-011/`, `/evidence/PSE-011/` (bound to `/payments/` and `/providers/`)",MASTER,FIX,TC-A,CLOSED,
PAY-16,PAY,EDITORIAL,Currentness candidates for the Lead's currentness check,VIS-REMITTANCE-COST and `/remittances/` §04; CLM-049 and `/reforms/`; REF-FMIIP-ISR2-2026 and SRC-WB-FMIIP-ISR2-2026-001; CLM-017; PSE-015,MASTER,FIX,TC-A; TC-D,CLOSED,
PAY-17,PAY,EDITORIAL,"Editorial bundle: acronyms left unexpanded in EN, an internal working title, an irrelevant related Reading, and an Arabic grammar error","`/payments/`, `/reforms/`, CLM-018, CWR-009, CLM-050, CLM-052, CWR-005 (YPCC, IBS); CLM-032, -036, -037, -040, -041, -042 and -043 (IRG, ESS, D4D-II, E&O); `/evidence/VIS-PROVIDER-TIME/`; `/evidence/NEG-EW-011/`; `/providers/` §Evidence Readings; AR /payments/, /reforms/ and CLM-018",MASTER (RUNTIME for the empty heading),FIX,TC-A; TC-C; TC-D; TC-E,CLOSED,
PAY-18,PAY,EDITORIAL,The claims projection gives Arabic extra limitation sentences that the English lacks (18 claims),"site-src/content/evidence/public_claims.json (for example CLM-007, -011, -012, -015, -016, -018, -037, -040, -042, -043, -045, -047, -051)",GENERATOR,FIX,TC-S1,CLOSED,
TOOL-01,TOOL,BLOCKER,"Compare presents a hard-coded blank as an evidence state; every one of the 78 pairs can only ever return ""Not a direct comparison""","`/en/evidence/compare/`, `/ar/evidence/compare/`. All 13 Compare-set records: CLM-001, CLM-010, VIS-SOURCE-COMPARISON, CLM-041, CLM-044, CLM-051, CLM-054, CLM-056, CLM-032, CLM-033, CLM-035, CLM-037, FMIIP-BASELINE-2025-01.",GENERATOR (+ MASTER for the fields; RUNTIME for the labels),FIX,TC-A; TC-F-js; TC-F-val; pp,CLOSED,
TOOL-02,TOOL,MATERIAL,"Every first page load downloads a 10 MB, 6250×6250 PNG to draw a 112–138 px logo","All 288 HTML files, including 404 and root; `/assets/CauseWay_Master_Logo.png`.",RUNTIME (asset pipeline) / HANDOFF (asset note for Design),RELEASE-ONLY DEPENDENCY,,CARRIED TO OPEN-ITEMS,Logo asset pipeline (10 MB master PNG) -> ENGINEERING_AFTER_DESIGN; the master logo is never redrawn or regenerated here.
TOOL-03,TOOL,MATERIAL,"Google Fonts `@import` is render-blocking; if the font host stalls, pages stay blank","All pages; `/assets/styles.css`, line 1.",RUNTIME (+ MASTER only if the dependency is kept),FIX,TC-F-code,CLOSED,
TOOL-04,TOOL,MATERIAL,"Mobile menu: items cannot be reached at 200% zoom or on a landscape phone, and the menu stays open over content once focus leaves it","All pages at ≤ 960 px; `#primary-nav.open`, which sits inside the sticky `.header`.",RUNTIME,FIX,TC-F-js,CLOSED,
TOOL-05,TOOL,MATERIAL,"Sticky header (131–163 px) hides deep-link targets, the skip-link target and backward focus, and takes 29–51% of short viewports","- `/en/measurement/#MA-003`, `/ar/measurement/#MA-007`. Every Measurement search hit deep-links here.",RUNTIME (DESIGN for final header height),FIX,TC-F-code,CLOSED,
TOOL-06,TOOL,MATERIAL,Focus ring contrast is 2.0–2.2:1 on every light surface,All pages; `:focus-visible{outline:3px solid var(--gold)}`.,RUNTIME (token) / DESIGN,FIX,TC-F-code,CLOSED,
TOOL-07,TOOL,MATERIAL,The language switch and the root chooser throw when site storage is blocked,`[data-lang]` on all pages; `dist/index.html` (root `/`).,RUNTIME,FIX,TC-F-js,CLOSED,
TOOL-08,TOOL,MATERIAL,"""Test comparability"" in the Readings opens an unrelated default pair, and three Readings' records are not in Compare at all","9 Readings, including `/en/readings/same-year-different-number/`, `…/microfinance-structural-divergence/`, `…/define-what-you-count/` and their AR twins.",GENERATOR (+ MASTER for Compare-set membership),FIX,TC-F-code,CLOSED,
TOOL-09,TOOL,MATERIAL,"Two ""Report an issue"" controls on the same page go to different destinations; the header one leads to a page with no reporting action","All pages (header ""!"" icon and mobile-menu action); Evidence Record utility band.",GENERATOR,FIX,TC-F-code,CLOSED,
TOOL-10,TOOL,MATERIAL,"Search results are padded with opaque source IDs and duplicate destinations, and Arabic results show raw English type codes","Global search, in the dialog and on the Evidence hub, on `/en/` and `/ar/`.",RUNTIME + GENERATOR (MASTER for the labels),FIX,TC-F-derived; TC-F-js; TC-F-val,CLOSED,
TOOL-11,TOOL,MATERIAL,"Record `<title>` (browser tab, bookmark and search ""Page"" hit) differs from the governed h1, sometimes with looser semantics","EN: CLM-009, CLM-010, CLM-026, VIS-FINDEX-GAPS, VIS-INCLUSION-TRANSMISSION, VIS-POS-TERMINALS, VIS-POS-TRANSACTIONS, VIS-POS-VALUE. AR: the same set plus CLM-017.",MASTER + GENERATOR,FIX,TC-A; TC-S1,CLOSED,
TOOL-12,TOOL,MATERIAL,"Arabic search fails on common Arabic input: Arabic-Indic digits, and «المرأة» (""woman/women"")",Search on `/ar/` (dialog and hub); the same `normalize()` is used by the Data filter; Compare IDs.,RUNTIME + MASTER,FIX,TC-F-js; TC-F-val,CLOSED,
TOOL-13,TOOL,MATERIAL,"Data & sources filter cannot find sources by type, or by Arabic publisher name; the same words work in global search","`/en/data/`, `/ar/data/`, `[data-source-filter]`.",GENERATOR + RUNTIME,FIX,TC-F-code,CLOSED,
TOOL-14,TOOL,MATERIAL,"The copied citation has doubled punctuation, no product name and no release or date, although Corrections tells users to ""cite the active record and release""","All 110 Evidence Records (`meta[name=yfie-citation]` plus ""Cite this record""); page-level ""Cite this page"".",GENERATOR + MASTER (release identifier),FIX,TC-F; TC-F-code,CLOSED,
TOOL-15,TOOL,MATERIAL,Reflow at 320 px clips Evidence Record text on unbreakable slash compounds,"`/en/evidence/CLM-009/` (h1, and the whole hero column), `/en/evidence/CLM-011/` (""Limits of the measure"").",RUNTIME (+ MASTER for the EN wording),FIX,TC-A,CLOSED,
TOOL-16,TOOL,MATERIAL,"404: the English half promises search but has none; the only search dialog is Arabic, even on `/en/…` URLs","`dist/404.html`, served for missing `/en/*` and `/ar/*`.",GENERATOR + RUNTIME,NARROW,TC-F-code,CLOSED,404 now offers search in both languages; full 404 composition is Design-owned.
TOOL-17,TOOL,MATERIAL,"Without JavaScript, core controls fail silently and nothing tells the user why",All pages at ≤ 960 px (menu); `/evidence/compare/`; Search and Cite buttons; EN and AR.,RUNTIME,FIX,TC-F,CLOSED,
TOOL-18,TOOL,EDITORIAL,"Compare ""Copy link"" during a URL error copies a comparison the page is not showing","`/en/evidence/compare/?records=CLM-001`, and the AR equivalent.",RUNTIME,FIX,TC-F-js,CLOSED,
TOOL-19,TOOL,EDITORIAL,Live count strings are ungrammatical in English (singular) and in Arabic (number–noun agreement),"Search status, Data filter status, Compare status (screen-reader announcements).",RUNTIME (+ MASTER if moved to governed copy),FIX,TC-F-js,CLOSED,
TOOL-20,TOOL,EDITORIAL,"RTL: on mobile, the record → source arrow points up (backwards) in Arabic","All `/ar/evidence/<ID>/` pages at ≤ 640 px, in the ""Source verification path"" block.",RUNTIME,FIX,TC-F-code,CLOSED,
TOOL-21,TOOL,EDITORIAL,"The record-band ""Citation and reuse"" button lands at the top of an 867-line Data page instead of the citation and rights guidance","All 110 Evidence Records, EN and AR.",GENERATOR,FIX,TC-F-code,CLOSED,
TOOL-22,TOOL,EDITORIAL,Several primary controls are under 24 px and rely on the spacing exception; a few stacked links do not qualify for it,"`/data/`, Evidence Records, Readings, the trust bar.",RUNTIME / DESIGN,NARROW,TC-F-code,CLOSED,24 px minimum applied to text links; final target sizing is a Design/Engineering acceptance item (no WCAG conformance claim).
TOOL-23,TOOL,EDITORIAL,"Search result summaries are truncated mid-word with no ellipsis, and one truncation breaks an HTML entity",Search results in EN and AR.,RUNTIME,FIX,TC-A; TC-F-js,CLOSED,
TOOL-24,TOOL,EDITORIAL,The Evidence Record VIS-PROVIDER-TIME has no inbound link and is reachable only through search,"`/en/evidence/VIS-PROVIDER-TIME/` (""Provider Time Machine"") and the AR equivalent.",MASTER / GENERATOR,FIX,TC-F-code,CLOSED,
TOOL-25,TOOL,EDITORIAL,"The ""Method & Measurement"" nav group renders as a ragged inline row with a non-link label styled like a link",Header on all pages (desktop wraps it onto two lines); mobile menu.,DESIGN (HANDOFF note),RELEASE-ONLY DEPENDENCY,,CARRIED TO OPEN-ITEMS,Nav group presentation is Design-owned (PART B); carried to the Design handoff.
TRUST-01,TRUST,BLOCKER,"Most original sources are shown to the public only as internal codes, while the Data page says every source keeps its publisher and date","/data/ (EN+AR), 74 of 110 /evidence/<ID>/ pages (EN+AR), search (124 `source_locator` hits), ""Copy source reference"", `yfie-citation`; 15_SOURCE_LIBRARY (source_library.json)","MASTER (primary), GENERATOR (no-bare-ID rule; search title/summary for source_lo",FIX,TC-B; TC-F-code,CLOSED,
TRUST-02,TRUST,MATERIAL,Trust pages describe a reuse-terms assessment that the governed record says has not happened for any source,"/data/ §04, /rights/ §01, /about/ §05, /terms/ §02 (EN+AR); source_library rights_state/licence",MASTER,FIX,TC-C,CLOSED,
TRUST-03,TRUST,MATERIAL,"Governed copy promises downloads, exports and data access that the product does not offer","/rights/ (hero, §02, §04), /methodology/ §09, all 110 /evidence/<ID>/ (""How should this record be read?""), Home ""Data & sources"" card (EN+AR)","MASTER (page copy), GENERATOR (Home card string in build.py)",FIX,TC-C; TC-S1,CLOSED,
TRUST-04,TRUST,MATERIAL,"The global ""Report an issue"" control opens a page that gives no way to report","site header ""!"" (aria-label ""Report an issue"" / ""الإبلاغ عن مشكلة"") and mobile ""Report an issue"" on all 286 pages → /corrections/; /about/ §06; /methodology/ §12",RUNTIME / GENERATOR (links); MASTER (copy),FIX,TC-F-code,CLOSED,
TRUST-05,TRUST,MATERIAL,"The Corrections page shows authoring instructions and pipeline vocabulary, including ""this page's specification"" in Arabic",/corrections/ (EN+AR),MASTER (copy) + GENERATOR (remove hard-coded strings),FIX,TC-C,CLOSED,
TRUST-06,TRUST,MATERIAL,"Users are told to cite ""the release"", but no release identifier exists, and the copied citations carry internal source codes","/corrections/ (title + §04), /about/ §05, Home question 4, /methodology/ card CLM-017; ""Cite this record"" (`meta yfie-citation`, 221 pages); ""Copy source reference"" (data-source-citation)","MASTER (release label, citation template copy) + GENERATOR",FIX,TC-C,CLOSED,
TRUST-07,TRUST,MATERIAL,The Privacy notice omits a built-in third-party request (Google Fonts) made on every page,/privacy/ §03 (EN+AR); dist/assets/styles.css line 1,RUNTIME (preferred) or MASTER (disclosure),FIX,TC-F-code,CLOSED,
TRUST-08,TRUST,MATERIAL,"The Privacy and Accessibility pages read as pre-deployment drafting and build requirements, not as public notices","/privacy/ (meta/lead, §02, §05), /accessibility/ (lead, §01–§03, §05) (EN+AR)",MASTER (copy) + HANDOFF (Privacy §02 release gate),FIX,TC-C,CLOSED,
TRUST-09,TRUST,MATERIAL,"About never says who CauseWay is, who funds or commissioned the resource, or what relationships it has with the institutions whose data it presents",/about/ (EN+AR); footer,MASTER,RELEASE-ONLY DEPENDENCY,,CARRIED TO OPEN-ITEMS,"Who CauseWay is, commissioning and funding: needs an owner-approved statement; no unverified claim is written."
TRUST-10,TRUST,MATERIAL,About buries its key answers in two dense paragraphs and omits two role disclaimers the product needs,/about/ §05–§06 (EN+AR),MASTER,FIX,TC-C,CLOSED,
TRUST-11,TRUST,EDITORIAL,"About reuses the Home intro and hero, and the same template hero sits on the legal and trust pages","/about/ hero; hero aside and CTAs on 33 EN + 33 AR pages, including /privacy/, /terms/, /accessibility/, /rights/, /corrections/, /contact/","MASTER (title/lead), GENERATOR (hero variant for trust routes)",FIX,TC-C,CLOSED,
TRUST-12,TRUST,EDITORIAL,"Arabic About headings disagree in gender with their subject, and the product refers to itself three different ways","/ar/about/ §01, §04, §06 headings; self-reference across EN+AR","MASTER, GENERATOR",FIX,TC-C,CLOSED,
TRUST-13,TRUST,MATERIAL,"Methodology's first screen does not answer ""why should I trust how this evidence was handled?""",/methodology/ hero + §01–§04 (EN+AR),MASTER (section order + lead) + DESIGN (progressive disclosure),FIX,TC-C,CLOSED,
TRUST-14,TRUST,MATERIAL,Methodology §09 reads like an internal controls manual and promises features that do not exist,/methodology/ §09 (EN+AR),MASTER,FIX,TC-C,CLOSED,
TRUST-15,TRUST,MATERIAL,Measurement buries the ten priorities under eight framing sections and ends with two unrelated cards,/measurement/ (EN+AR),MASTER (section order/bindings) + DESIGN,FIX,TC-A; TC-C,CLOSED,
TRUST-16,TRUST,MATERIAL,Evidence-record templates generate machine-sounding boilerplate on every record (the largest AI-trace surface),"all /evidence/<ID>/ (EN+AR); fields currentness_en/_ar (85 records), change_trigger_en (108 records), source-section strings (build.py)","MASTER (currentness, change_trigger) + GENERATOR (template strings)",FIX,TC-A; TC-S1,CLOSED,
TRUST-17,TRUST,MATERIAL,"Visual evidence records publish chart-construction directives as ""How was it produced?"" and a placeholder as ""What does it measure?""","37 VIS-* evidence records (EN; the AR is largely already rewritten), Methodology card VIS-FINDEX-SAMPLE-SUPPORT","MASTER (method_en, definition_en/_ar); GENERATOR (visual on record page)",FIX,TC-A,CLOSED,
TRUST-18,TRUST,MATERIAL,"""What this evidence does not establish"" is often written as instructions to the publisher, including internal editorial rules","evidence records and cards: MFI-SPINE-2015-Q4, CLM-024, CLM-026, CLM-056, VIS-FINDEX-SAMPLE-SUPPORT (and Methodology cards that repeat them); pattern across 80/110 records (EN), 60/110 (AR, ""لا يجوز…"")",MASTER,FIX,TC-A,CLOSED,
TRUST-19,TRUST,MATERIAL,"Public titles and ""What does it measure?"" answers use internal object and dataset names","evidence record titles (and matching search and Methodology card headings): VIS-PROVIDER-TIME, VIS-MFI-SPINE, VIS-SOURCE-COMPARISON, CLM-023, DS-FINDEX-PUBLIC-HISTORY, DS-FINDEX-HISTORY-CROSSWALK, DS-DEMAND-VINTAGE-LENS, NEG-EW-011, XW-FMIIP-005, QUAL-001; definition_en of MFI-SPINE-2015-Q4, PSE-011",MASTER,FIX,TC-A,CLOSED,
TRUST-20,TRUST,MATERIAL,Arabic surfaces carry untranslated English publisher names and English document-type tokens,"/ar/data/ curated cards; /ar/evidence/<ID>/ source cards; Arabic search results (app.js); /ar/privacy/ §04, /ar/contact/ hero",MASTER + RUNTIME,FIX,TC-B,CLOSED,
TRUST-21,TRUST,MATERIAL,"Named providers and a person-named agent appear in adverse status records, with no product-level status disclaimer and no route for the named subject","/evidence/PSE-011/, /evidence/NEG-EW-011/ (EN+AR); /about/, /terms/ §01, /contact/ §02",MASTER,FIX,TC-A; TC-C,CLOSED,
TRUST-22,TRUST,MATERIAL,"""Terms"" is reuse guidance only: it has no statement on reliance and no terms for CauseWay's own content","/terms/ (EN+AR); footer ""© 2026 CauseWay""",MASTER + HANDOFF (release gate),FIX,TC-C,CLOSED,
TRUST-23,TRUST,EDITORIAL,"All meta descriptions are mechanically built as ""H1 — truncated lead…"", 219 of them cut mid-sentence",286/286 pages with a meta description (EN+AR); shown in search engines and link previews,GENERATOR (or MASTER if authored),FIX,TC-D,CLOSED,
TRUST-24,TRUST,EDITORIAL,Runtime-held strings and public assets carry internal vocabulary and development comments,"/evidence/compare/ verdicts (app.js), 404 page, section eyebrows on /measurement/, /finance/, /access/; dist/assets/styles.css, app.js",RUNTIME / GENERATOR,FIX,TC-C,CLOSED,
TRUST-25,TRUST,MATERIAL,"Public trust and verification copy is hard-coded in build.py and app.js, outside the Production Master","Corrections empty state, evidence-record source section, rights notes, citation suffix, Data directory intro, Home cards, search/compare/link-error messages (EN+AR)",GENERATOR + MASTER,FIX — SCHEDULED R8.5,,OPEN (R8.5),Public copy held in build.py/app.js moves to Master 04 in R8.5 (copy-out-of-code). Not executed: programme stopped at the Tranche C boundary.
VER-01,VER,BLOCKER,"Governed Findex history table carries an unsourced ""Uploaded 2014–2022 longitudinal inputs"" block that contradicts the verified values and makes causal and policy claims","`site-src/content/data/findex_history.json` (Master sheet 26_FINDEX_HISTORY), rows 87–100 under ""Uploaded 2014–2022 longitudinal inputs"". Not rendered publicly, but it sits inside `local_content_root` (""site-src/content/""), which `handoff/IMPLEMENTATION_MANIFEST.json` hands to Design/Code.",MASTER,FIX,TC-D; TC-E,CLOSED,
VER-02,VER,MATERIAL,"CLM-056 calls its own 91.98% / 82.45% recalculation ""verified historical data"", but neither listed source contains those figures, and the citation attributes them to the sources the record is testing","/evidence/CLM-056/ (EN/AR); /readings/microfinance-structural-divergence/ (CWR-006, section ""What supports this reading""); CLM-056 public claim","MASTER (text, binding); RUNTIME (citation partial flag, see VER-08)",FIX,TC-A,CLOSED,
VER-03,VER,MATERIAL,"82% of record-to-source links end at a bare internal ID, yet Readings promise ""a named source""","all /evidence/<ID>/ pages; all 10 Reading verify blocks; /data/ source cards. Examples include CLM-001, CLM-002, CLM-003, CLM-019 (14 enforcement decisions shown as SRC-CBY-ENF-01-2026 … -17-2026), CLM-050–052, CLM-060, VIS-REMITTANCE-MACRO and VIS-REMITTANCE-COST.",MASTER,FIX,TC-B,CLOSED,
VER-04,VER,MATERIAL,"Domain answer pages print figures whose Evidence Records they do not link, although the footer says ""A public resource linking each claim to its evidence and original source""","/access/, /people/, /payments/, /remittances/, /finance/, /firms/, /reforms/ (EN and AR identical)",HANDOFF (`presentation_priority.json`) / GENERATOR,FIX,TC-F-code,CLOSED,
VER-05,VER,MATERIAL,The system chronology is counted and promised on /data/ and /finance/ but rendered nowhere,"/data/ (coverage ""Documented chronology events 24""; section 08 ""Yemen macro-financial system chronology""); /finance/ (progressive section ""An evidence-based chronology of the financial system""); `visuals/system_chronology.json` (YSC-001…024)","MASTER (copy, count) / GENERATOR (render)",FIX,TC-F-code,CLOSED,
VER-06,VER,MATERIAL,"The Measurement Agenda prints evidence figures with no path to a record, and promises record links that do not exist",/measurement/ (EN/AR); MA-001…MA-010 (closure NO_DIRECT_SOURCE_BINDING),MASTER / GENERATOR,NARROW,TC-F-code,CLOSED,Measurement priorities link to the records that revealed each gap; figures without a governed record path are not printed as record links.
VER-07,VER,MATERIAL,"No release identifier or as-of date exists anywhere, yet users are told to ""cite the active record and release"", and several currentness fields say only ""current""","/corrections/; every Evidence Record and Reading; VIS-EVIDENCE-GAPS, VIS-EVIDENCE-CLASS-LADDER, VIS-EVIDENCE-FRESHNESS, CLM-004, CLM-017",MASTER / GENERATOR,FIX,TC-A; TC-F; TC-F-code,CLOSED,
VER-08,VER,MATERIAL,"The Cite affordance produces an unversioned citation that is unclear on authorship: Evidence Records omit product, release, date, value and source names; Readings get only title + URL","header ""Cite this page"" and ""Cite this record"" on every page (`app.js` `[data-cite]`; `build.py` `evidence_citation_context`)","RUNTIME (`build.py` / `app.js`) + MASTER (release ID, derived flag)",FIX,TC-A,CLOSED,
VER-09,VER,MATERIAL,/reforms/ gives an issuance date and document reference for the consumer-protection instructions that no record holds and that conflict with the governed date,"/reforms/ section 11 ""Adopting a rule and implementing it are different evidence states"" (EN/AR)",MASTER,FIX,TC-A,CLOSED,
VER-10,VER,MATERIAL,/data/ and /rights/ overstate both source metadata and rights assessment,"/data/ lead and section 04; /rights/ section 01; the evidence-record ""How should this record be read?"" line",MASTER,FIX,TC-C,CLOSED,
VER-11,VER,MATERIAL,"CLM-044 gives ""reuse rights not assessed"" as a reason to withhold a value, but every value shown on the site comes from rights-not-assessed sources; this mixes up the rights state with the publication firewall",/evidence/CLM-044/ (EN/AR); passport EP-CCY-REMIT-RESIDUAL-MODEL-K04,MASTER,FIX,TC-A; TC-D,CLOSED,
VER-12,VER,MATERIAL,"Findex subgroup figures have no governed locator, and one printed subgroup value (6.98%) is in no Evidence Record","CLM-002, VIS-FINDEX-GAPS, CWR-007, /people/, MA-003; `SRC-WB-FINDEX-AGG-2022`",MASTER,FIX,TC-A,CLOSED,
VER-13,VER,MATERIAL,"Live-interface locators carry no access date, so ""Open original source"" will show a different period than the figure printed","VIS-REMITTANCE-COST, /remittances/ (RPW corridor pages); CLM-001 / CLM-002 (data.worldbank.org indicator); VIS-CAPITAL-CONTEXT (OCHA FTS 2026 flows); CLM-017 (CBY payments page); CLM-039 (WDI)",MASTER / RUNTIME,NARROW,TC-B,CLOSED,Retrieval/check dates are shown where the Master holds them; live interfaces without an access date are labelled as live.
VER-14,VER,MATERIAL,CLM-019's period stops at August 2026 while the record binds a 17 September 2026 decision; a newer decision is held but unbound,/evidence/CLM-019/ (EN/AR); passport EP-CBY-PROVIDER-STATUS-2026; VIS-PROVIDER-TIME (member),MASTER,FIX,TC-A,CLOSED,
VER-15,VER,MATERIAL,CLM-007 drops the IRG geographic scope that its passport and the matching visual carry,/evidence/CLM-007/ (linked from /remittances/ as the verification destination for the IMF series),MASTER,FIX,TC-A,CLOSED,
VER-16,VER,MATERIAL,"CLM-024 prints unlabelled ""do-not-publish"" raw case shares, one of which (15.5%) equals a published population value elsewhere on the site","/evidence/CLM-024/, /evidence/ (card), /methodology/ (EN/AR)",MASTER,FIX,TC-A,CLOSED,
VER-17,VER,MATERIAL,CLM-003 prints the December 2025 terminal total but does not bind the December release it comes from,"/evidence/CLM-003/ (linked from /payments/, /, CWR-004, CWR-009)",MASTER,FIX,TC-D,CLOSED,
VER-18,VER,MATERIAL,Records rely on public sources that the library already holds but does not bind,"CLM-046 (/reforms/, /finance/); CLM-053; CLM-056; CLM-039 and CLM-046 partial notice",MASTER,FIX,TC-G,CLOSED,
VER-19,VER,MATERIAL,"Governed additional URLs are never rendered, so some records point to a landing page instead of the document that carries the figure","FMIIP-BASELINE-2025-01 and XW-FMIIP-005 (locator `maps.worldbank.org/projects/wb/pid/P180708`; the results framework is in the board document, held only as an additional URL); CLM-011 / DS-FCP-ARCH (news page vs instruction PDF); CLM-059 / CLM-060 (SMEPS post vs report PDF); CLM-050–052 (FinDev Gate",RUNTIME / MASTER,FIX,TC-B,CLOSED,
VER-20,VER,EDITORIAL,Method and period fields inherited from passports misdescribe how some records were produced; one EN universe cites a non-public object,"CLM-025, CLM-002, CLM-028/029/030, CLM-032, VIS-SOURCE-COMPARISON",MASTER,FIX,TC-A,CLOSED,
VER-21,VER,EDITORIAL,Duplicate source identities: one document is cited under different labels,"SRC-WB-RPW-SA-YEM-2025Q3-001 and SRC-WB-RPW-KSA-YEM-2025Q3 (same URL; KSA bound to nothing but listed in /data/); IMF Country Report 26/80 held as SRC-IMF-YEM-AIV-2025-2026 (named) plus SRC-IMF-AIV-2025-STAFF-001 and SUPP-001 (bare IDs); SRC-WB-YEM-FRAGMENTATION-2025-001, whose URL is the FMIIP boar",MASTER,FIX,TC-B,CLOSED,
VER-22,VER,EDITORIAL,"VIS-CAPITAL-CONTEXT is ""closed to source"" through one OCHA humanitarian-flows page, while it describes four finance pathways",/evidence/VIS-CAPITAL-CONTEXT/,MASTER,FIX,TC-A,CLOSED,
VER-23,VER,EDITORIAL,"The banking restatement claim is unquantified, so ""materially higher"" cannot be checked from the record",/evidence/CLM-033/; CWR-002; /finance/ section 04,MASTER,EXPLICIT EVIDENCE FRONTIER,,CLOSED (frontier recorded),Same frontier as EVM-18.
VIS-01,VIS,BLOCKER,"RV-CWR-009 marks FMIIP project components as ""Implementation — evidence reaches this step""",/readings/from-rail-to-result-missing-middle/ · RV-CWR-009 (SIGNATURE) · events REF-PAY-002/003/004/005,MASTER,FIX,TC-A; TC-E; TC-E-c,CLOSED,
VIS-02,VIS,MATERIAL,Printed values in RV-CWR-004 and RV-CWR-009 have no governed metric or lane label,/readings/reforms-newer-than-people-evidence/ (RV-CWR-004); /readings/from-rail-to-result-missing-middle/ (RV-CWR-009),MASTER (labels) + GENERATOR (check),FIX,TC-E,CLOSED,
VIS-03,VIS,BLOCKER,VIS-MFI-DIVERGENCE draws a trend the governed evidence says does not exist; honest form is a table,"/finance/ (VIS-MFI-DIVERGENCE, CORE); /readings/microfinance-structural-divergence/ (RV-CWR-006 reuses the contract)",MASTER,FIX,TC-A; TC-E,CLOSED,
VIS-04,VIS,MATERIAL,"The in-frame ""Does not establish:"" line is a set of producer instructions in English; EN and AR differ in substance","all 15 SIGNATURE/CORE contracts (detached frame and the ""Inference boundary"" line of every rendered text alternative); the same text feeds evidence records' does_not_establish",MASTER,FIX,TC-A,CLOSED,
VIS-05,VIS,MATERIAL,"POS and Findex evidence pages carry stale titles; ""POS Usage Pulse"" collapses transactions into use","/evidence/VIS-POS-TRANSACTIONS/, /evidence/VIS-POS-TERMINALS/, /evidence/VIS-POS-VALUE/, /evidence/VIS-FINDEX-GAPS/, /evidence/VIS-INCLUSION-TRANSMISSION/ (both languages)",MASTER,FIX,TC-A; TC-S1,CLOSED,
VIS-06,VIS,MATERIAL,"Text alternatives for all 3 SIGNATURE visuals and 3 CORE visuals describe the drawing, not the evidence","RV-CWR-001, RV-CWR-009, VIS-PROVIDER-OBSERVABILITY, VIS-PAYMENT-ANATOMY, VIS-TARGET-RESULT-STATE, RV-CWR-004 (and VIS-INCLUSION-TRANSMISSION on Home)",MASTER (alt text) + GENERATOR (fallback table),FIX,TC-A,CLOSED,
VIS-07,VIS,MATERIAL,"VISUAL-class Evidence Records answer ""How was it produced?"" with chart-drawing instructions, some contradicting the design contract","/evidence/VIS-*/ for the 25 contracted VISUAL records (e.g. VIS-FINDEX-GAPS, VIS-FIRM-FINANCE-PATH, VIS-TARGET-RESULT-STATE, VIS-REMITTANCE-COST, VIS-PROVIDER-OBSERVABILITY, VIS-POS-TERMINALS)",MASTER,FIX,TC-A; TC-E,CLOSED,
VIS-08,VIS,MATERIAL,"13 public ""VISUAL"" Evidence Records without a visual contract describe displays that do not exist","/evidence/VIS-PROVIDER-TIME/, VIS-MFI-SPINE, VIS-MFI-RUPTURE-LENS, VIS-MFI-2014-PANEL, VIS-FINDEX-ACCESS-USE, VIS-FINDEX-OBSERVED-WAVES, VIS-FINDEX-SAMPLE-SUPPORT, VIS-FINDEX-RESILIENCE, VIS-FINDEX-BARRIERS, VIS-FINDEX-FLOW-CHANNELS, VIS-DEMAND-VINTAGE-LADDER, VIS-BORROWING-SOURCES-2014, VIS-DOMESTI",MASTER (copy) + GENERATOR (table),FIX,TC-A,CLOSED,
VIS-09,VIS,MATERIAL,"VIS-POS-VALUE puts ""Source figures disagree — both are shown"" on two value points with no governed disagreement",VIS-POS-VALUE (CORE); also RV-CWR-004 and RV-CWR-009 reuse of OBS-00060/77/80/81,MASTER + GENERATOR,FIX,TC-D; TC-E,CLOSED,
VIS-10,VIS,MATERIAL,"Provider matrix turns ""not held / not reviewed"" into ""None / لا يوجد"" and ""No bank status events applied""",/providers/ · VIS-PROVIDER-OBSERVABILITY (SIGNATURE),MASTER,FIX,TC-A; TC-E,CLOSED,
VIS-11,VIS,MATERIAL,"VIS-FIRM-FINANCE-PATH presents an 18-response table as a ""path""; its honest form is a table",/firms/ · VIS-FIRM-FINANCE-PATH (CORE),MASTER,FIX,TC-A; TC-E,CLOSED,
VIS-12,VIS,MATERIAL,"VIS-TARGET-RESULT-STATE's governed scope is a template, so a crop loses the project, indicator and dates",/reforms/ · VIS-TARGET-RESULT-STATE (CORE) and /evidence/VIS-TARGET-RESULT-STATE/,MASTER,FIX,TC-A; TC-E,CLOSED,
VIS-13,VIS,MATERIAL,"RV-CWR-001 panel 2: coincident lanes cannot be drawn as ""never merged"" and read as independent corroboration","/readings/same-year-different-number/ · RV-CWR-001 (SIGNATURE) panel ""indexed-paths-2021-100""",MASTER,FIX,TC-A; TC-E,CLOSED,
VIS-14,VIS,MATERIAL,"RV-CWR-004 draws infrastructure as a rising magnitude beside one survey point, inviting a transmission reading",/readings/reforms-newer-than-people-evidence/ · RV-CWR-004 (CORE),MASTER (controlled visual input),FIX,TC-A; TC-E,CLOSED,
VIS-15,VIS,MATERIAL,"VIS-FINDEX-GAPS prints survey estimates at false and mixed precision, with no sampling note in frame",/people/ and /evidence/VIS-FINDEX-GAPS/ · VIS-FINDEX-GAPS (CORE); RV-CWR-007 reuses the levels,MASTER,FIX,TC-A; TC-E,CLOSED,
VIS-16,VIS,MATERIAL,"The visual grammar has no rule on value-axis baselines, dual axes or area/size encoding",visual_design_contracts.json grammar/global_rules; handoff/VISUAL_DESIGN_CONTRACT.md §3,MASTER (controlled input) + HANDOFF,FIX,TC-E,CLOSED,
VIS-17,VIS,MATERIAL,Credit lines omit or misattribute sources that feed the frame,VIS-PROVIDER-OBSERVABILITY; VIS-REMITTANCE-COST; RV-CWR-001 (see VIS-13); RV-CWR-004,MASTER,FIX,TC-A; TC-E,CLOSED,
VIS-18,VIS,EDITORIAL,Two CORE titles are stronger than the evidence when quoted alone,VIS-REMITTANCE-COST (/remittances/); VIS-FIRM-CONSTRAINTS (/firms/),MASTER,FIX,TC-A,CLOSED,
VIS-19,VIS,EDITORIAL,VIS-PAYMENT-ANATOMY prints a line-break marker on cards and declares an order the data does not follow,/payments/ · VIS-PAYMENT-ANATOMY (CORE),MASTER,FIX,TC-A; TC-E,CLOSED,
VIS-20,VIS,EDITORIAL,"Arabic rendering does not isolate signed percentages, and index bases reverse (""2021=100"" shows as ""100=2021"")","/ar/ pages with POS and indexed-path text (e.g. /ar/readings/same-year-different-number/, /ar/evidence/VIS-POS-TERMINALS/); UI-VIS-UNIT-INDEX-2021 AR ""مؤشر، 2021 = 100""",GENERATOR + MASTER (rule text),FIX,TC-E,CLOSED,
VIS-21,VIS,EDITORIAL,"VIS-EVIDENCE-CLASS-LADDER's ""ladder"" form ranks what its text says is not a ranking; EN/AR limits differ",/evidence/ · VIS-EVIDENCE-CLASS-LADDER (SUPPORTING),MASTER,FIX,TC-A; TC-E; TC-E-c,CLOSED,
BIL-01,BIL,MATERIAL,28 non-record page-section pairs (03) printed different numbers in EN and AR (independent TC-C editing); /reforms/ §11 AR still carried a 20 August 2023 date and an unverifiable reference number,"03_PAGE_SECTIONS: /, /access/, /finance/, /firms/, /providers/, /reforms/, /remittances/, 10 Reading sections",MASTER,FIX,TC-H,CLOSED,Arabic re-authored to the accepted English content; transaction fails unless every touched pair prints the same numbers.
BIL-02,BIL,BLOCKER,"Chronology period labels were single-language: Arabic /finance/ and /data/ printed English dates ('February 2016', 'By 30 May 2024', 'Current analytical rule')",14_SYSTEM_CHRONOLOGY.period; scripts/build.py chronology_block,MASTER + GENERATOR,FIX,TC-I,CLOSED,14 gains period_en/period_ar; build renders the page language; Arabic facts no longer repeat the date.
BIL-03,BIL,MATERIAL,"/payments/ Arabic title was a generic sentence while the English title gives the answer (POS 561 -> 1,473, use not measured)",02_SITE_MAP /payments/ title_ar,MASTER,FIX,TC-I,CLOSED,
BIL-04,BIL,EDITORIAL,"Residual record/visual pairs: ISO months shown to English readers (CLM-005/006/013), 'that year' for 2014 (5 records), number words hiding figures, five visual-library fields with generic Arabic paraphrase, Compare instruction",06/11/03 fields,MASTER,FIX,TC-I,CLOSED,
BIL-05,BIL,MATERIAL,"Reading-prose parity residual: 08 thesis of 'reforms newer than people evidence' (AR lacks fieldwork months), 08 question of 'finance constraint' (EN lacks the 2022 seven-governorate frame), RV-CWR-001/002 Arabic paraphrase",08_READINGS; 11 RV-CWR-001/002,MASTER,HELD FOR READING PACKAGE,,HELD (Reading package),"Lead decision 26 Sep 2026: Reading prose is not final-frozen before the independent Reading package arrives; these three items are passed to it. Detected by audit/tranche_c/checks/bilingual_invariance.py (6 page pairs, all from these items)."
