"pre_acceptance_patch_id","canonical_patch_id","relation"
"PB-0001","PB-0001","SAME_ID"
"PB-0002","PB-0002","SAME_ID"
"PB-0003","PB-0003","SAME_ID"
"PB-0004","PB-0004","SAME_ID"
"PB-0005","PB-0005","SAME_ID"
"PB-0006","PB-0006","SAME_ID"
"PB-0007","PB-0007","SAME_ID"
"PB-0007A","PB-0007A","SAME_ID"
"PB-0008","PB-0008","SAME_ID"
"PB-0101.01","PB-0101.02","RENUMBERED"
"PB-0101.02","PB-0101.04","RENUMBERED"
"PB-0101.03","PB-0101.01","RENUMBERED"
"PB-0101.04","PB-0101.03","RENUMBERED"
"PB-0102.01","PB-0102.02","RENUMBERED"
"PB-0102.02","PB-0102.04","RENUMBERED"
"PB-0102.03","PB-0102.01","RENUMBERED"
"PB-0102.04","PB-0102.03","RENUMBERED"
"PB-0103.01","PB-0103.02","RENUMBERED"
"PB-0103.02","PB-0103.01","RENUMBERED"
"PB-0104.01","PB-0104.02","RENUMBERED"
"PB-0104.02","PB-0104.01","RENUMBERED"
"PB-0105.01","PB-0105.02","RENUMBERED"
"PB-0105.02","PB-0105.01","RENUMBERED"
"PB-0106.01","PB-0106.02","RENUMBERED"
"PB-0106.02","PB-0106.01","RENUMBERED"
"PB-0107","PB-0107","SAME_ID"
"PB-0108","PB-0108","SAME_ID"
"PB-0109","PB-0109","SAME_ID"
"PB-0110","PB-0110","SAME_ID"
"PB-0111.01","PB-0111.01","SAME_ID"
"PB-0112.01","PB-0112.01","SAME_ID"
"PB-0120.01","PB-0120.02","RENUMBERED"
"PB-0120.02","PB-0120.01","RENUMBERED"
"PB-0121.01","PB-0121.02","RENUMBERED"
"PB-0121.02","PB-0121.01","RENUMBERED"
"PB-0122.01","PB-0122.03","RENUMBERED"
"PB-0122.02","PB-0122.05","RENUMBERED"
"PB-0122.03","PB-0122.01","RENUMBERED"
"PB-0122.04","PB-0122.02","RENUMBERED"
"PB-0122.05","PB-0122.04","RENUMBERED"
"PB-0123.01","PB-0123.02","RENUMBERED"
"PB-0123.02","PB-0123.04","RENUMBERED"
"PB-0123.03","PB-0123.01","RENUMBERED"
"PB-0123.04","PB-0123.03","RENUMBERED"
"PB-0124.01","PB-0124.02","RENUMBERED"
"PB-0124.02","PB-0124.01","RENUMBERED"
"PB-0125.01","PB-0125.02","RENUMBERED"
"PB-0125.02","PB-0125.01","RENUMBERED"
"PB-0126.01","PB-0126.03","RENUMBERED"
"PB-0126.02","PB-0126.05","RENUMBERED"
"PB-0126.03","PB-0126.01","RENUMBERED"
"PB-0126.04","PB-0126.02","RENUMBERED"
"PB-0126.05","PB-0126.04","RENUMBERED"
"PB-0127.01","PB-0127.02","RENUMBERED"
"PB-0127.02","PB-0127.01","RENUMBERED"
"PB-0128.01","PB-0128.02","RENUMBERED"
"PB-0128.02","PB-0128.01","RENUMBERED"
"PB-0128.03","PB-0128.03","SAME_ID"
"PB-0129.01","PB-0129.04","RENUMBERED"
"PB-0129.02","PB-0129.01","RENUMBERED"
"PB-0129.03","PB-0129.02","RENUMBERED"
"PB-0129.04","PB-0129.03","RENUMBERED"
"PB-0130.01","PB-0130.04","RENUMBERED"
"PB-0130.02","PB-0130.01","RENUMBERED"
"PB-0130.03","PB-0130.02","RENUMBERED"
"PB-0130.04","PB-0130.03","RENUMBERED"
"PB-0131.01","PB-0131.01","SAME_ID"
"PB-0131.02","PB-0131.02","SAME_ID"
"PB-0132.01","PB-0132.02","RENUMBERED"
"PB-0132.02","PB-0132.01","RENUMBERED"
"PB-0133.01","PB-0133.02","RENUMBERED"
"PB-0133.02","PB-0133.01","RENUMBERED"
"PB-0134.01","PB-0134.02","RENUMBERED"
"PB-0134.02","PB-0134.01","RENUMBERED"
"PB-0135.01","PB-0135.02","RENUMBERED"
"PB-0135.02","PB-0135.01","RENUMBERED"
"PB-0136.01","PB-0136.02","RENUMBERED"
"PB-0136.02","PB-0136.01","RENUMBERED"
"PB-0137.01","PB-0137.01","SAME_ID"
"PB-0138.01","PB-0138.01","SAME_ID"
"PB-0139.01","PB-0139.01","SAME_ID"
"PB-0140.01","PB-0140.01","SAME_ID"
"PB-0141.01","PB-0141.01","SAME_ID"
"PB-0142.01","PB-0142.01","SAME_ID"
"PB-0150.01","PB-0150.01","SAME_ID"
"PB-0151.01","PB-0151.01","SAME_ID"
"PB-0160.01","PB-0160.02","RENUMBERED"
"PB-0160.02","PB-0160.01","RENUMBERED"
"PB-0161.01","PB-0161.02","RENUMBERED"
"PB-0161.02","PB-0161.01","RENUMBERED"
"PB-0162.01","PB-0162.02","RENUMBERED"
"PB-0162.02","PB-0162.01","RENUMBERED"
"PB-0163.01","PB-0163.02","RENUMBERED"
"PB-0163.02","PB-0163.01","RENUMBERED"
"PB-0165.01","PB-0165.02","RENUMBERED"
"PB-0165.02","PB-0165.01","RENUMBERED"
"PB-0166.01","PB-0166.02","RENUMBERED"
"PB-0166.02","PB-0166.01","RENUMBERED"
"PB-0170.01","PB-0170.04","RENUMBERED"
"PB-0170.02","PB-0170.01","RENUMBERED"
"PB-0170.03","PB-0170.02","RENUMBERED"
"PB-0170.04","PB-0170.03","RENUMBERED"
"PB-0171.01","PB-0171.04","RENUMBERED"
"PB-0171.02","PB-0171.01","RENUMBERED"
"PB-0171.03","PB-0171.02","RENUMBERED"
"PB-0171.04","PB-0171.03","RENUMBERED"
"PB-0172.01","PB-0172.02","RENUMBERED"
"PB-0172.02","PB-0172.04","RENUMBERED"
"PB-0172.03","PB-0172.01","RENUMBERED"
"PB-0172.04","PB-0172.03","RENUMBERED"
"PB-0173.01","PB-0173.02","RENUMBERED"
"PB-0173.02","PB-0173.04","RENUMBERED"
"PB-0173.03","PB-0173.01","RENUMBERED"
"PB-0173.04","PB-0173.03","RENUMBERED"
"PB-0174.01","PB-0174.01","SAME_ID"
"PB-0175.01","PB-0175.01","SAME_ID"
"PB-0176.01","PB-0176.01","SAME_ID"
"PB-0177.01","PB-0177.01","SAME_ID"
"PB-0178.01","PB-0178.01","SAME_ID"
"PB-0179.01","PB-0179.01","SAME_ID"
"PB-0180.01","PB-0180.01","SAME_ID"
"PB-0180.02","PB-0180.02","SAME_ID"
"PB-0181.01","PB-0181.02","RENUMBERED"
"PB-0181.02","PB-0181.01","RENUMBERED"
"PB-0182.01","PB-0182.01","SAME_ID"
"PB-0183.01","PB-0183.02","RENUMBERED"
"PB-0183.02","PB-0183.01","RENUMBERED"
"PB-0184.01","PB-0184.01","SAME_ID"
"PB-0185.01","PB-0185.02","RENUMBERED"
"PB-0185.02","PB-0185.01","RENUMBERED"
"PB-0186.01","PB-0186.02","RENUMBERED"
"PB-0186.02","PB-0186.01","RENUMBERED"
"PB-0187.01","PB-0187.01","SAME_ID"
"PB-0188.01","PB-0188.02","RENUMBERED"
"PB-0188.02","PB-0188.01","RENUMBERED"
"PB-0189.01","PB-0189.02","RENUMBERED"
"PB-0189.02","PB-0189.01","RENUMBERED"
"PB-0190.01","PB-0190.02","RENUMBERED"
"PB-0190.02","PB-0190.01","RENUMBERED"
"PB-0191.01","PB-0191.02","RENUMBERED"
"PB-0191.02","PB-0191.01","RENUMBERED"
"PB-0192.01","PB-0192.04","RENUMBERED"
"PB-0192.02","PB-0192.01","RENUMBERED"
"PB-0192.03","PB-0192.02","RENUMBERED"
"PB-0192.04","PB-0192.03","RENUMBERED"
"PB-0193.01","PB-0193.04","RENUMBERED"
"PB-0193.02","PB-0193.01","RENUMBERED"
"PB-0193.03","PB-0193.02","RENUMBERED"
"PB-0193.04","PB-0193.03","RENUMBERED"
"PB-0194.01","PB-0194.02","RENUMBERED"
"PB-0194.02","PB-0194.04","RENUMBERED"
"PB-0194.03","PB-0194.01","RENUMBERED"
"PB-0194.04","PB-0194.03","RENUMBERED"
"PB-0195.01","PB-0195.02","RENUMBERED"
"PB-0195.02","PB-0195.01","RENUMBERED"
"PB-0196.01","PB-0196.01","SAME_ID"
"PB-0200.01","PB-0200.02","RENUMBERED"
"PB-0200.02","PB-0200.04","RENUMBERED"
"PB-0200.03","PB-0200.01","RENUMBERED"
"PB-0200.04","PB-0200.03","RENUMBERED"
"PB-0201.01","PB-0201.02","RENUMBERED"
"PB-0201.02","PB-0201.04","RENUMBERED"
"PB-0201.03","PB-0201.01","RENUMBERED"
"PB-0201.04","PB-0201.03","RENUMBERED"
"PB-0202.01","PB-0202.02","RENUMBERED"
"PB-0202.02","PB-0202.01","RENUMBERED"
"PB-0210.01","PB-0210.03","RENUMBERED"
"PB-0210.02","PB-0210.04","RENUMBERED"
"PB-0210.03","PB-0210.06","RENUMBERED"
"PB-0210.04","PB-0210.01","RENUMBERED"
"PB-0210.05","PB-0210.02","RENUMBERED"
"PB-0210.06","PB-0210.05","RENUMBERED"
"PB-0211.01","PB-0211.03","RENUMBERED"
"PB-0211.02","PB-0211.04","RENUMBERED"
"PB-0211.03","PB-0211.07","RENUMBERED"
"PB-0211.04","PB-0211.01","RENUMBERED"
"PB-0211.05","PB-0211.02","RENUMBERED"
"PB-0211.06","PB-0211.05","RENUMBERED"
"PB-0211.07","PB-0211.06","RENUMBERED"
"PB-0212.01","PB-0212.02","RENUMBERED"
"PB-0212.02","PB-0212.04","RENUMBERED"
"PB-0212.03","PB-0212.01","RENUMBERED"
"PB-0212.04","PB-0212.03","RENUMBERED"
"PB-0213.01","PB-0213.02","RENUMBERED"
"PB-0213.02","PB-0213.04","RENUMBERED"
"PB-0213.03","PB-0213.01","RENUMBERED"
"PB-0213.04","PB-0213.03","RENUMBERED"
"PB-0214.01","PB-0214.02","RENUMBERED"
"PB-0214.02","PB-0214.01","RENUMBERED"
"PB-0215.01","PB-0215.02","RENUMBERED"
"PB-0215.02","PB-0215.01","RENUMBERED"
"PB-0216","PB-0216","SAME_ID"
"PB-0217","PB-0217","SAME_ID"
"PB-0220","PB-0220","SAME_ID"
"PB-0221","PB-0221","SAME_ID"
"PB-0230.01","PB-0230.11","RENUMBERED"
"PB-0230.02","PB-0230.05","RENUMBERED"
"PB-0230.03","PB-0230.06","RENUMBERED"
"PB-0230.04","PB-0230.07","RENUMBERED"
"PB-0230.05","PB-0230.08","RENUMBERED"
"PB-0230.06","PB-0230.10","RENUMBERED"
"PB-0230.07","PB-0230.01","RENUMBERED"
"PB-0230.08","PB-0230.02","RENUMBERED"
"PB-0230.09","PB-0230.03","RENUMBERED"
"PB-0230.10","PB-0230.04","RENUMBERED"
"PB-0230.11","PB-0230.09","RENUMBERED"
"PB-0300.01","PB-0300.02","RENUMBERED"
"PB-0300.02","PB-0300.01","RENUMBERED"
"PB-0301.01","PB-0301.02","RENUMBERED"
"PB-0301.02","PB-0301.01","RENUMBERED"
"PB-0302.01","PB-0302.02","RENUMBERED"
"PB-0302.02","PB-0302.01","RENUMBERED"
"PB-0303.01","PB-0303.02","RENUMBERED"
"PB-0303.02","PB-0303.01","RENUMBERED"
"PB-0304.01","PB-0304.03","RENUMBERED"
"PB-0304.02","PB-0304.04","RENUMBERED"
"PB-0304.03","PB-0304.05","RENUMBERED"
"PB-0304.04","PB-0304.07","RENUMBERED"
"PB-0304.05","PB-0304.01","RENUMBERED"
"PB-0304.06","PB-0304.02","RENUMBERED"
"PB-0304.07","PB-0304.06","RENUMBERED"
"PB-0305.01","PB-0305.03","RENUMBERED"
"PB-0305.02","PB-0305.04","RENUMBERED"
"PB-0305.03","PB-0305.05","RENUMBERED"
"PB-0305.04","PB-0305.07","RENUMBERED"
"PB-0305.05","PB-0305.01","RENUMBERED"
"PB-0305.06","PB-0305.02","RENUMBERED"
"PB-0305.07","PB-0305.06","RENUMBERED"
"PB-0306.01","PB-0306.03","RENUMBERED"
"PB-0306.02","PB-0306.04","RENUMBERED"
"PB-0306.03","PB-0306.05","RENUMBERED"
"PB-0306.04","PB-0306.07","RENUMBERED"
"PB-0306.05","PB-0306.01","RENUMBERED"
"PB-0306.06","PB-0306.02","RENUMBERED"
"PB-0306.07","PB-0306.06","RENUMBERED"
"PB-0307.01","PB-0307.08","RENUMBERED"
"PB-0307.02","PB-0307.04","RENUMBERED"
"PB-0307.03","PB-0307.05","RENUMBERED"
"PB-0307.04","PB-0307.06","RENUMBERED"
"PB-0307.05","PB-0307.07","RENUMBERED"
"PB-0307.06","PB-0307.01","RENUMBERED"
"PB-0307.07","PB-0307.02","RENUMBERED"
"PB-0307.08","PB-0307.03","RENUMBERED"
"PB-0308.01","PB-0308.03","RENUMBERED"
"PB-0308.02","PB-0308.04","RENUMBERED"
"PB-0308.03","PB-0308.05","RENUMBERED"
"PB-0308.04","PB-0308.07","RENUMBERED"
"PB-0308.05","PB-0308.01","RENUMBERED"
"PB-0308.06","PB-0308.02","RENUMBERED"
"PB-0308.07","PB-0308.06","RENUMBERED"
"PB-0309.01","PB-0309.02","RENUMBERED"
"PB-0309.02","PB-0309.01","RENUMBERED"
"PB-0310.01","PB-0310.02","RENUMBERED"
"PB-0310.02","PB-0310.01","RENUMBERED"
"PB-0311.01","PB-0311.02","RENUMBERED"
"PB-0311.02","PB-0311.01","RENUMBERED"
"PB-0312.01","PB-0312.02","RENUMBERED"
"PB-0312.02","PB-0312.01","RENUMBERED"
"PB-0313.01","PB-0313.02","RENUMBERED"
"PB-0313.02","PB-0313.01","RENUMBERED"
"PB-0314.01","PB-0314.09","RENUMBERED"
"PB-0314.02","PB-0314.04","RENUMBERED"
"PB-0314.03","PB-0314.05","RENUMBERED"
"PB-0314.04","PB-0314.06","RENUMBERED"
"PB-0314.05","PB-0314.08","RENUMBERED"
"PB-0314.06","PB-0314.01","RENUMBERED"
"PB-0314.07","PB-0314.02","RENUMBERED"
"PB-0314.08","PB-0314.03","RENUMBERED"
"PB-0314.09","PB-0314.07","RENUMBERED"
"PB-0320","PB-0320","SAME_ID"
"PB-0321","PB-0321","SAME_ID"
"PB-0322","PB-0322","SAME_ID"
"PB-0325","PB-0325","SAME_ID"
"PB-0326.01","PB-0326.01","SAME_ID"
"PB-0327.01","PB-0327.01","SAME_ID"
"PB-0328.01","PB-0328.01","SAME_ID"
"PB-0329.01","PB-0329.01","SAME_ID"
"PB-0330.01","PB-0330.01","SAME_ID"
"PB-0340.01","PB-0340.02","RENUMBERED"
"PB-0340.02","PB-0340.01","RENUMBERED"
"PB-0341.01","PB-0341.02","RENUMBERED"
"PB-0341.02","PB-0341.01","RENUMBERED"
"PB-0342","PB-0342","SAME_ID"
"PB-0345","PB-0345","SAME_ID"
"PB-0350.01","PB-0350.02","RENUMBERED"
"PB-0350.02","PB-0350.01","RENUMBERED"
"PB-0351.01","PB-0351.01","SAME_ID"
"PB-0360.01","PB-0360.01","SAME_ID"
"PB-0361.01","PB-0361.01","SAME_ID"
"PB-0362.01","PB-0362.04","RENUMBERED"
"PB-0362.02","PB-0362.02","SAME_ID"
"PB-0362.03","PB-0362.01","RENUMBERED"
"PB-0362.04","PB-0362.03","RENUMBERED"
"PB-0363.01","PB-0363.04","RENUMBERED"
"PB-0363.02","PB-0363.02","SAME_ID"
"PB-0363.03","PB-0363.01","RENUMBERED"
"PB-0363.04","PB-0363.03","RENUMBERED"
"PB-0370.01","PB-0370.02","RENUMBERED"
"PB-0370.02","PB-0370.01","RENUMBERED"
"PB-0371.01","PB-0371.02","RENUMBERED"
"PB-0371.02","PB-0371.01","RENUMBERED"
"PB-0372.01","PB-0372.01","SAME_ID"
"PB-0373.01","PB-0373.01","SAME_ID"
"PB-0374","PB-0374","SAME_ID"
"PB-0380.01","PB-0380.02","RENUMBERED"
"PB-0380.02","PB-0380.01","RENUMBERED"
"PB-0381.01","PB-0381.02","RENUMBERED"
"PB-0381.02","PB-0381.01","RENUMBERED"
"PB-0382.01","PB-0382.02","RENUMBERED"
"PB-0382.02","PB-0382.01","RENUMBERED"
"PB-0383.01","PB-0383.02","RENUMBERED"
"PB-0383.02","PB-0383.01","RENUMBERED"
"PB-0384.01","PB-0384.01","SAME_ID"
"PB-0385.01","PB-0385.01","SAME_ID"
"PB-0386.01","PB-0386.02","RENUMBERED"
"PB-0386.02","PB-0386.01","RENUMBERED"
"PB-0387.01","PB-0387.02","RENUMBERED"
"PB-0387.02","PB-0387.01","RENUMBERED"
"PB-0388.01","PB-0388.02","RENUMBERED"
"PB-0388.02","PB-0388.01","RENUMBERED"
"PB-0389.01","PB-0389.02","RENUMBERED"
"PB-0389.02","PB-0389.01","RENUMBERED"
"PB-0390","PB-0390","SAME_ID"
"PB-0400","PB-0400","SAME_ID"
"PB-0410","PB-0410","SAME_ID"
"PB-0411","PB-0411","SAME_ID"
"PB-0412","PB-0412","SAME_ID"
"PB-0413","PB-0413","SAME_ID"
"PB-0413.T01","PB-0413.T01","SAME_ID"
"PB-0413.B01","PB-0413.B01","SAME_ID"
"PB-0413.B02","PB-0413.B02","SAME_ID"
"PB-0413.B03","PB-0413.B03","SAME_ID"
"PB-0414","PB-0414","SAME_ID"
"PB-0414.B01","PB-0414.B01","SAME_ID"
"PB-0414.B02","PB-0414.B02","SAME_ID"
"PB-0415","PB-0415","SAME_ID"
"PB-0420","PB-0420","SAME_ID"
"PB-0421","PB-0421","SAME_ID"
"PB-0422","PB-0422","SAME_ID"
"PB-0423","PB-0423","SAME_ID"
"PB-0424","PB-0424","SAME_ID"
"PB-0470","PB-0470","SAME_ID"
"PB-0471","PB-0471","SAME_ID"
"PB-0472","PB-0472","SAME_ID"
"PB-0480.01","PB-0480.02","RENUMBERED"
"PB-0480.02","PB-0480.01","RENUMBERED"
"PB-0481.01","PB-0481.02","RENUMBERED"
"PB-0481.02","PB-0481.01","RENUMBERED"
"PB-0143.01","PB-0143.01","SAME_ID"
"PB-0144.01","PB-0144.01","SAME_ID"
"PB-0145.01","PB-0145.02","RENUMBERED"
"PB-0145.02","PB-0145.01","RENUMBERED"
"PB-0146.01","PB-0146.02","RENUMBERED"
"PB-0146.02","PB-0146.01","RENUMBERED"
"PB-0147.01","PB-0147.01","SAME_ID"
"PB-0218.01","PB-0218.02","RENUMBERED"
"PB-0218.02","PB-0218.01","RENUMBERED"
"PB-0219.01","PB-0219.03","RENUMBERED"
"PB-0219.02","PB-0219.05","RENUMBERED"
"PB-0219.03","PB-0219.01","RENUMBERED"
"PB-0219.04","PB-0219.02","RENUMBERED"
"PB-0219.05","PB-0219.04","RENUMBERED"
"PB-0224.01","PB-0224.02","RENUMBERED"
"PB-0224.02","PB-0224.01","RENUMBERED"
"PB-0225.01","PB-0225.03","RENUMBERED"
"PB-0225.02","PB-0225.05","RENUMBERED"
"PB-0225.03","PB-0225.01","RENUMBERED"
"PB-0225.04","PB-0225.02","RENUMBERED"
"PB-0225.05","PB-0225.04","RENUMBERED"
"PB-0315.01","PB-0315.07","RENUMBERED"
"PB-0315.02","PB-0315.03","RENUMBERED"
"PB-0315.03","PB-0315.04","RENUMBERED"
"PB-0315.04","PB-0315.06","RENUMBERED"
"PB-0315.05","PB-0315.01","RENUMBERED"
"PB-0315.06","PB-0315.02","RENUMBERED"
"PB-0315.07","PB-0315.05","RENUMBERED"
"PB-0430.01","PB-0430.01","SAME_ID"
"PB-0431.01","PB-0431.01","SAME_ID"
"PB-0432.01","PB-0432.01","SAME_ID"
"PB-0433.01","PB-0433.01","SAME_ID"
"PB-0434.01","PB-0434.01","SAME_ID"
"PB-0435.01","PB-0435.01","SAME_ID"
"PB-0436.01","PB-0436.01","SAME_ID"
"PB-0437.01","PB-0437.01","SAME_ID"
"PB-0438.01","PB-0438.01","SAME_ID"
"PB-0439.01","PB-0439.01","SAME_ID"
"PB-0440.01","PB-0440.01","SAME_ID"
"PB-0441.01","PB-0441.01","SAME_ID"
"PB-0442.01","PB-0442.01","SAME_ID"
"PB-0443.01","PB-0443.01","SAME_ID"
"PB-0444.01","PB-0444.01","SAME_ID"
"PB-0445.01","PB-0445.01","SAME_ID"
"PB-0446.01","PB-0446.01","SAME_ID"
"PB-0447.01","PB-0447.01","SAME_ID"
"PB-0448.01","PB-0448.01","SAME_ID"
"PB-0449.01","PB-0449.01","SAME_ID"
"PB-0450.01","PB-0450.01","SAME_ID"
"PB-0451.01","PB-0451.01","SAME_ID"
"PB-0452.01","PB-0452.01","SAME_ID"
"PB-0453.01","PB-0453.01","SAME_ID"
"PB-0454.01","PB-0454.01","SAME_ID"
"PB-0455.01","PB-0455.01","SAME_ID"
"PB-0456.01","PB-0456.01","SAME_ID"
"PB-0457.01","PB-0457.01","SAME_ID"
"PB-0460.01","PB-0460.01","SAME_ID"
"PB-0461.01","PB-0461.01","SAME_ID"
"PB-0462.01","PB-0462.01","SAME_ID"
"PB-0463.01","PB-0463.01","SAME_ID"
"PB-0464.01","PB-0464.01","SAME_ID"
"PB-0465.01","PB-0465.01","SAME_ID"
"PB-0466.01","PB-0466.01","SAME_ID"
"PB-0467.01","PB-0467.01","SAME_ID"
"PB-0468.01","PB-0468.01","SAME_ID"
"PB-0469.01","PB-0469.01","SAME_ID"
"PB-0458.01","PB-0458.01","SAME_ID"
"PB-0459.01","PB-0459.01","SAME_ID"
"PB-0401","PB-0401","SAME_ID"
"PB-0402","PB-0402","SAME_ID"
"PB-0426","PB-0426","SAME_ID"
"PB-0426.01","PB-0426.01","SAME_ID"
"PB-0426.02","PB-0426.02","SAME_ID"
"PB-0426.03","PB-0426.03","SAME_ID"
"PB-0426.04","PB-0426.04","SAME_ID"
"PB-0426.05","PB-0426.05","SAME_ID"
"PB-0426.06","PB-0426.06","SAME_ID"
"PB-0426.07","PB-0426.07","SAME_ID"
"PB-0426.08","PB-0426.08","SAME_ID"
"PB-0426.09","PB-0426.09","SAME_ID"
"PB-0426.10","PB-0426.10","SAME_ID"
"PB-0492","PB-0492","SAME_ID"
"PB-0493","PB-0493","SAME_ID"
"PB-0494","PB-0494","SAME_ID"
"PB-0500.01","PB-0500.01","SAME_ID"
"PB-0501.01","PB-0501.01","SAME_ID"
"PB-0502.01","PB-0502.02","RENUMBERED"
"PB-0502.02","PB-0502.01","RENUMBERED"
"PB-0502.03","PB-0502.03","SAME_ID"
"PB-0503.01","PB-0503.02","RENUMBERED"
"PB-0503.02","PB-0503.01","RENUMBERED"
"PB-0503.03","PB-0503.03","SAME_ID"
"PB-0504.01","PB-0504.02","RENUMBERED"
"PB-0504.02","PB-0504.01","RENUMBERED"
"PB-0504.03","PB-0504.03","SAME_ID"
"PB-0505.01","PB-0505.02","RENUMBERED"
"PB-0505.02","PB-0505.01","RENUMBERED"
"PB-0505.03","PB-0505.03","SAME_ID"
"PB-0506.01","PB-0506.02","RENUMBERED"
"PB-0506.02","PB-0506.01","RENUMBERED"
"PB-0506.03","PB-0506.03","SAME_ID"
"PB-0507.01","PB-0507.02","RENUMBERED"
"PB-0507.02","PB-0507.01","RENUMBERED"
"PB-0507.03","PB-0507.03","SAME_ID"
"PB-0508.01","PB-0508.01","SAME_ID"
"PB-0509.01","PB-0509.02","RENUMBERED"
"PB-0509.02","PB-0509.01","RENUMBERED"
"PB-0509.03","PB-0509.03","SAME_ID"
"PB-0510.01","PB-0510.02","RENUMBERED"
"PB-0510.02","PB-0510.01","RENUMBERED"
"PB-0510.03","PB-0510.03","SAME_ID"
"PB-0511.01","PB-0511.02","RENUMBERED"
"PB-0511.02","PB-0511.01","RENUMBERED"
"PB-0511.03","PB-0511.03","SAME_ID"
"PB-0512.01","PB-0512.02","RENUMBERED"
"PB-0512.02","PB-0512.01","RENUMBERED"
"PB-0512.03","PB-0512.03","SAME_ID"
"PB-0513.01","PB-0513.01","SAME_ID"
"PB-0514.01","PB-0514.01","SAME_ID"
"PB-0515.01","PB-0515.01","SAME_ID"
"PB-0516","PB-0516","SAME_ID"
"PB-0520","PB-0520","SAME_ID"
"PB-0521","PB-0521","SAME_ID"
"PB-0522","PB-0522","SAME_ID"
"PB-0523","PB-0523","SAME_ID"
"PB-0524","PB-0524","SAME_ID"
"PB-0525","PB-0525","SAME_ID"
"PB-0517","PB-0517","SAME_ID"
"PB-0473","PB-0473","SAME_ID"
"PB-0518","PB-0518","SAME_ID"
"PB-0519","PB-0519","SAME_ID"
"PB-0526.01","PB-0526.01","SAME_ID"
"PB-0530.01","PB-0530.02","RENUMBERED"
"PB-0530.02","PB-0530.01","RENUMBERED"
"PB-0531.01","PB-0531.02","RENUMBERED"
"PB-0531.02","PB-0531.01","RENUMBERED"
"PB-0532.01","PB-0532.02","RENUMBERED"
"PB-0532.02","PB-0532.04","RENUMBERED"
"PB-0532.03","PB-0532.01","RENUMBERED"
"PB-0532.04","PB-0532.03","RENUMBERED"
"PB-0533.01","PB-0533.02","RENUMBERED"
"PB-0533.02","PB-0533.01","RENUMBERED"
"PB-0534.01","PB-0534.02","RENUMBERED"
"PB-0534.02","PB-0534.01","RENUMBERED"
"PB-0535.01","PB-0535.03","RENUMBERED"
"PB-0535.02","PB-0535.04","RENUMBERED"
"PB-0535.03","PB-0535.06","RENUMBERED"
"PB-0535.04","PB-0535.01","RENUMBERED"
"PB-0535.05","PB-0535.02","RENUMBERED"
"PB-0535.06","PB-0535.05","RENUMBERED"
"PB-0536.01","PB-0536.01","SAME_ID"
"PB-0537.01","PB-0537.01","SAME_ID"
"PB-0538.01","PB-0538.01","SAME_ID"
"PB-0539.01","PB-0539.02","RENUMBERED"
"PB-0539.02","PB-0539.01","RENUMBERED"
"PB-0540.01","PB-0540.02","RENUMBERED"
"PB-0540.02","PB-0540.01","RENUMBERED"
"PB-0541.01","PB-0541.01","SAME_ID"
"PB-0542.01","PB-0542.01","SAME_ID"
"PB-0542.02","PB-0542.02","SAME_ID"
"PB-0542.03","PB-0542.03","SAME_ID"
"PB-0543.01","PB-0543.01","SAME_ID"
"PB-0544.01","PB-0544.01","SAME_ID"
"PB-0545.01","PB-0545.01","SAME_ID"
"PB-0546.01","PB-0546.01","SAME_ID"
"PB-0547.01","PB-0547.01","SAME_ID"
"PB-0548.01","PB-0548.01","SAME_ID"
"PB-0549.01","PB-0549.01","SAME_ID"
"PB-0550.01","PB-0550.01","SAME_ID"
"PB-0551.01","PB-0551.01","SAME_ID"
"PB-0552.01","PB-0552.02","RENUMBERED"
"PB-0552.02","PB-0552.01","RENUMBERED"
"PB-0553.01","PB-0553.02","RENUMBERED"
"PB-0553.02","PB-0553.01","RENUMBERED"
"PB-0554.01","PB-0554.01","SAME_ID"
"PB-0555.01","PB-0555.01","SAME_ID"
"PB-0195A.01","PB-0195A.02","RENUMBERED"
"PB-0195A.02","PB-0195A.01","RENUMBERED"
"PB-0527.01","PB-0527.01","SAME_ID"
"PB-0528.01","PB-0528.02","RENUMBERED"
"PB-0528.02","PB-0528.01","RENUMBERED"
"PB-0529.01","PB-0529.02","RENUMBERED"
"PB-0529.02","PB-0529.01","RENUMBERED"
"PB-0560.01","PB-0560.01","SAME_ID"
"PB-0561.01","PB-0561.01","SAME_ID"
"PB-0562.01","PB-0562.01","SAME_ID"
"PB-0563.01","PB-0563.01","SAME_ID"
"PB-0564.01","PB-0564.01","SAME_ID"
"PB-0565.01","PB-0565.01","SAME_ID"
"PB-0566.01","PB-0566.01","SAME_ID"
"PB-0567.01","PB-0567.01","SAME_ID"
"PB-0568.01","PB-0568.01","SAME_ID"
"PB-0569.01","PB-0569.01","SAME_ID"
"PB-0570.01","PB-0570.01","SAME_ID"
"PB-0571.01","PB-0571.01","SAME_ID"
"PB-0572.01","PB-0572.01","SAME_ID"
"PB-0572.02","PB-0572.02","SAME_ID"
"PB-0572.03","PB-0572.03","SAME_ID"
"PB-0573.01","PB-0573.01","SAME_ID"
"PB-0573.02","PB-0573.02","SAME_ID"
"PB-0573.03","PB-0573.03","SAME_ID"
"PB-0574.01","PB-0574.01","SAME_ID"
"PB-0574.02","PB-0574.02","SAME_ID"
"PB-0574.03","PB-0574.03","SAME_ID"
"PB-0575.01","PB-0575.01","SAME_ID"
"PB-0575.02","PB-0575.02","SAME_ID"
"PB-0575.03","PB-0575.03","SAME_ID"
"PB-0576.01","PB-0576.02","RENUMBERED"
"PB-0576.02","PB-0576.01","RENUMBERED"
"PB-0580.01","PB-0580.02","RENUMBERED"
"PB-0580.02","PB-0580.01","RENUMBERED"
"PB-0581.01","PB-0581.02","RENUMBERED"
"PB-0581.02","PB-0581.01","RENUMBERED"
"PB-0582.01","PB-0582.02","RENUMBERED"
"PB-0582.02","PB-0582.01","RENUMBERED"
"PB-0583.01","PB-0583.03","RENUMBERED"
"PB-0583.02","PB-0583.04","RENUMBERED"
"PB-0583.03","PB-0583.06","RENUMBERED"
"PB-0583.04","PB-0583.01","RENUMBERED"
"PB-0583.05","PB-0583.02","RENUMBERED"
"PB-0583.06","PB-0583.05","RENUMBERED"
"PB-0584.01","PB-0584.09","RENUMBERED"
"PB-0584.02","PB-0584.04","RENUMBERED"
"PB-0584.03","PB-0584.05","RENUMBERED"
"PB-0584.04","PB-0584.06","RENUMBERED"
"PB-0584.05","PB-0584.08","RENUMBERED"
"PB-0584.06","PB-0584.01","RENUMBERED"
"PB-0584.07","PB-0584.02","RENUMBERED"
"PB-0584.08","PB-0584.03","RENUMBERED"
"PB-0584.09","PB-0584.07","RENUMBERED"
"PB-0585.01","PB-0585.02","RENUMBERED"
"PB-0585.02","PB-0585.04","RENUMBERED"
"PB-0585.03","PB-0585.01","RENUMBERED"
"PB-0585.04","PB-0585.03","RENUMBERED"
"PB-0586.01","PB-0586.02","RENUMBERED"
"PB-0586.02","PB-0586.01","RENUMBERED"
"PB-0587.01","PB-0587.02","RENUMBERED"
"PB-0587.02","PB-0587.01","RENUMBERED"
"PB-0588.01","PB-0588.01","SAME_ID"
"PB-0589.01","PB-0589.02","RENUMBERED"
"PB-0589.02","PB-0589.01","RENUMBERED"
"PB-0590.01","PB-0590.04","RENUMBERED"
"PB-0590.02","PB-0590.05","RENUMBERED"
"PB-0590.03","PB-0590.02","RENUMBERED"
"PB-0590.04","PB-0590.01","RENUMBERED"
"PB-0590.05","PB-0590.03","RENUMBERED"
"PB-0591.01","PB-0591.01","SAME_ID"
"PB-0591.02","PB-0591.02","SAME_ID"
"PB-0592.01","PB-0592.03","RENUMBERED"
"PB-0592.02","PB-0592.02","SAME_ID"
"PB-0592.03","PB-0592.01","RENUMBERED"
"PB-0593.01","PB-0593.01","SAME_ID"
"PB-0594.01","PB-0594.02","RENUMBERED"
"PB-0594.02","PB-0594.01","RENUMBERED"
"PB-0595.01","PB-0595.02","RENUMBERED"
"PB-0595.02","PB-0595.01","RENUMBERED"
"PB-0600.01","PB-0600.02","RENUMBERED"
"PB-0600.02","PB-0600.01","RENUMBERED"
"PB-0601.01","PB-0601.02","RENUMBERED"
"PB-0601.02","PB-0601.01","RENUMBERED"
"PB-0602.01","PB-0602.02","RENUMBERED"
"PB-0602.02","PB-0602.01","RENUMBERED"
"PB-0603.01","PB-0603.02","RENUMBERED"
"PB-0603.02","PB-0603.01","RENUMBERED"
"PB-0604.01","PB-0604.02","RENUMBERED"
"PB-0604.02","PB-0604.01","RENUMBERED"
"PB-0605.01","PB-0605.01","SAME_ID"
"PB-0606.01","PB-0606.01","SAME_ID"
"PB-0607.01","PB-0607.01","SAME_ID"
"PB-0425.01","PB-0425.01","SAME_ID"
"PB-0425.02","PB-0425.02","SAME_ID"
"PB-0425.03","PB-0425.03","SAME_ID"
"PB-0583A.01","PB-0583A.09","RENUMBERED"
"PB-0583A.02","PB-0583A.04","RENUMBERED"
"PB-0583A.03","PB-0583A.05","RENUMBERED"
"PB-0583A.04","PB-0583A.06","RENUMBERED"
"PB-0583A.05","PB-0583A.08","RENUMBERED"
"PB-0583A.06","PB-0583A.01","RENUMBERED"
"PB-0583A.07","PB-0583A.02","RENUMBERED"
"PB-0583A.08","PB-0583A.03","RENUMBERED"
"PB-0583A.09","PB-0583A.07","RENUMBERED"
"PB-0583B.01","PB-0583B.03","RENUMBERED"
"PB-0583B.02","PB-0583B.02","SAME_ID"
"PB-0583B.03","PB-0583B.01","RENUMBERED"
"PB-0583C.01","PB-0583C.02","RENUMBERED"
"PB-0583C.02","PB-0583C.01","RENUMBERED"
"PB-0583D.01","PB-0583D.03","RENUMBERED"
"PB-0583D.02","PB-0583D.04","RENUMBERED"
"PB-0583D.03","PB-0583D.06","RENUMBERED"
"PB-0583D.04","PB-0583D.01","RENUMBERED"
"PB-0583D.05","PB-0583D.02","RENUMBERED"
"PB-0583D.06","PB-0583D.05","RENUMBERED"
"PB-0583E.01","PB-0583E.02","RENUMBERED"
"PB-0583E.02","PB-0583E.01","RENUMBERED"
"PB-0580A.01","PB-0580A.02","RENUMBERED"
"PB-0580A.02","PB-0580A.01","RENUMBERED"
"PB-0581A.01","PB-0581A.02","RENUMBERED"
"PB-0581A.02","PB-0581A.01","RENUMBERED"
"PB-0585A.01","PB-0585A.02","RENUMBERED"
"PB-0585A.02","PB-0585A.04","RENUMBERED"
"PB-0585A.03","PB-0585A.01","RENUMBERED"
"PB-0585A.04","PB-0585A.03","RENUMBERED"
"PB-0457A.01","PB-0457A.01","SAME_ID"
"PB-0503A.01","PB-0503A.02","RENUMBERED"
"PB-0503A.02","PB-0503A.01","RENUMBERED"
"PB-0503A.03","PB-0503A.03","SAME_ID"
"PB-0577.01","PB-0577.01","SAME_ID"
"PB-0611","PB-0611","SAME_ID"
"PB-0612","PB-0612","SAME_ID"
"PB-0613","PB-0613","SAME_ID"
"PB-0614","PB-0614","SAME_ID"
"PB-0615","PB-0615","SAME_ID"
"PB-0490","PB-0490","SAME_ID"
"PB-0491","PB-0491","SAME_ID"
"PB-0415.S001","PB-0415.S107","RENUMBERED"
"PB-0413.S001","PB-0413.S030","RENUMBERED"
"PB-0414.S001","PB-0414.S104","RENUMBERED"
"PB-0413.S002","PB-0413.S031","RENUMBERED"
"PB-0415.S002","PB-0415.S108","RENUMBERED"
"PB-0413.S003","PB-0413.S032","RENUMBERED"
"PB-0415.S003","PB-0415.S109","RENUMBERED"
"PB-0414.S002","PB-0414.S105","RENUMBERED"
"PB-0413.S004","PB-0413.S033","RENUMBERED"
"PB-0415.S004","PB-0415.S110","RENUMBERED"
"PB-0414.S003","PB-0414.S106","RENUMBERED"
"PB-0413.S005","PB-0413.S034","RENUMBERED"
"PB-0414.S004","PB-0414.S107","RENUMBERED"
"PB-0413.S006","PB-0413.S035","RENUMBERED"
"PB-0413.S007","PB-0413.S036","RENUMBERED"
"PB-0413.S008","PB-0413.S037","RENUMBERED"
"PB-0413.S009","PB-0413.S038","RENUMBERED"
"PB-0413.S010","PB-0413.S039","RENUMBERED"
"PB-0415.S005","PB-0415.S046","RENUMBERED"
"PB-0415.S006","PB-0415.S047","RENUMBERED"
"PB-0414.S005","PB-0414.S045","RENUMBERED"
"PB-0413.S011","PB-0413.S014","RENUMBERED"
"PB-0413.S012","PB-0413.S015","RENUMBERED"
"PB-0415.S007","PB-0415.S048","RENUMBERED"
"PB-0414.S006","PB-0414.S046","RENUMBERED"
"PB-0415.S008","PB-0415.S049","RENUMBERED"
"PB-0415.S009","PB-0415.S050","RENUMBERED"
"PB-0414.S007","PB-0414.S047","RENUMBERED"
"PB-0415.S010","PB-0415.S051","RENUMBERED"
"PB-0414.S008","PB-0414.S048","RENUMBERED"
"PB-0415.S011","PB-0415.S052","RENUMBERED"
"PB-0414.S009","PB-0414.S049","RENUMBERED"
"PB-0415.S012","PB-0415.S053","RENUMBERED"
"PB-0414.S010","PB-0414.S050","RENUMBERED"
"PB-0414.S011","PB-0414.S051","RENUMBERED"
"PB-0414.S012","PB-0414.S052","RENUMBERED"
"PB-0415.S013","PB-0415.S054","RENUMBERED"
"PB-0415.S014","PB-0415.S055","RENUMBERED"
"PB-0414.S013","PB-0414.S053","RENUMBERED"
"PB-0415.S015","PB-0415.S056","RENUMBERED"
"PB-0414.S014","PB-0414.S054","RENUMBERED"
"PB-0414.S015","PB-0414.S055","RENUMBERED"
"PB-0415.S016","PB-0415.S057","RENUMBERED"
"PB-0414.S016","PB-0414.S056","RENUMBERED"
"PB-0415.S017","PB-0415.S058","RENUMBERED"
"PB-0414.S017","PB-0414.S057","RENUMBERED"
"PB-0415.S018","PB-0415.S059","RENUMBERED"
"PB-0414.S018","PB-0414.S058","RENUMBERED"
"PB-0415.S019","PB-0415.S060","RENUMBERED"
"PB-0414.S019","PB-0414.S059","RENUMBERED"
"PB-0415.S020","PB-0415.S061","RENUMBERED"
"PB-0415.S021","PB-0415.S062","RENUMBERED"
"PB-0414.S020","PB-0414.S060","RENUMBERED"
"PB-0414.S021","PB-0414.S061","RENUMBERED"
"PB-0415.S022","PB-0415.S063","RENUMBERED"
"PB-0414.S022","PB-0414.S062","RENUMBERED"
"PB-0415.S023","PB-0415.S064","RENUMBERED"
"PB-0414.S023","PB-0414.S063","RENUMBERED"
"PB-0415.S024","PB-0415.S065","RENUMBERED"
"PB-0414.S024","PB-0414.S064","RENUMBERED"
"PB-0415.S025","PB-0415.S066","RENUMBERED"
"PB-0415.S026","PB-0415.S067","RENUMBERED"
"PB-0415.S027","PB-0415.S068","RENUMBERED"
"PB-0414.S025","PB-0414.S065","RENUMBERED"
"PB-0415.S028","PB-0415.S069","RENUMBERED"
"PB-0415.S029","PB-0415.S070","RENUMBERED"
"PB-0414.S026","PB-0414.S066","RENUMBERED"
"PB-0414.S027","PB-0414.S067","RENUMBERED"
"PB-0415.S030","PB-0415.S071","RENUMBERED"
"PB-0415.S031","PB-0415.S072","RENUMBERED"
"PB-0414.S028","PB-0414.S068","RENUMBERED"
"PB-0414.S029","PB-0414.S069","RENUMBERED"
"PB-0415.S032","PB-0415.S073","RENUMBERED"
"PB-0414.S030","PB-0414.S070","RENUMBERED"
"PB-0415.S033","PB-0415.S074","RENUMBERED"
"PB-0414.S031","PB-0414.S071","RENUMBERED"
"PB-0415.S034","PB-0415.S075","RENUMBERED"
"PB-0414.S032","PB-0414.S072","RENUMBERED"
"PB-0415.S035","PB-0415.S076","RENUMBERED"
"PB-0413.S013","PB-0413.S016","RENUMBERED"
"PB-0414.S033","PB-0414.S073","RENUMBERED"
"PB-0413.S014","PB-0413.S017","RENUMBERED"
"PB-0415.S036","PB-0415.S077","RENUMBERED"
"PB-0413.S015","PB-0413.S018","RENUMBERED"
"PB-0415.S037","PB-0415.S078","RENUMBERED"
"PB-0414.S034","PB-0414.S074","RENUMBERED"
"PB-0413.S016","PB-0413.S019","RENUMBERED"
"PB-0413.S017","PB-0413.S020","RENUMBERED"
"PB-0413.S018","PB-0413.S021","RENUMBERED"
"PB-0413.S019","PB-0413.S022","RENUMBERED"
"PB-0414.S035","PB-0414.S075","RENUMBERED"
"PB-0413.S020","PB-0413.S023","RENUMBERED"
"PB-0414.S036","PB-0414.S076","RENUMBERED"
"PB-0413.S021","PB-0413.S024","RENUMBERED"
"PB-0415.S038","PB-0415.S079","RENUMBERED"
"PB-0413.S022","PB-0413.S025","RENUMBERED"
"PB-0415.S039","PB-0415.S080","RENUMBERED"
"PB-0414.S037","PB-0414.S077","RENUMBERED"
"PB-0415.S040","PB-0415.S081","RENUMBERED"
"PB-0414.S038","PB-0414.S078","RENUMBERED"
"PB-0415.S041","PB-0415.S082","RENUMBERED"
"PB-0414.S039","PB-0414.S079","RENUMBERED"
"PB-0415.S042","PB-0415.S083","RENUMBERED"
"PB-0414.S040","PB-0414.S080","RENUMBERED"
"PB-0415.S043","PB-0415.S084","RENUMBERED"
"PB-0414.S041","PB-0414.S081","RENUMBERED"
"PB-0415.S044","PB-0415.S085","RENUMBERED"
"PB-0414.S042","PB-0414.S082","RENUMBERED"
"PB-0415.S045","PB-0415.S086","RENUMBERED"
"PB-0414.S043","PB-0414.S083","RENUMBERED"
"PB-0414.S044","PB-0414.S084","RENUMBERED"
"PB-0415.S046","PB-0415.S087","RENUMBERED"
"PB-0415.S047","PB-0415.S088","RENUMBERED"
"PB-0414.S045","PB-0414.S085","RENUMBERED"
"PB-0414.S046","PB-0414.S112","RENUMBERED"
"PB-0415.S048","PB-0415.S115","RENUMBERED"
"PB-0415.S049","PB-0415.S116","RENUMBERED"
"PB-0415.S050","PB-0415.S117","RENUMBERED"
"PB-0415.S051","PB-0415.S118","RENUMBERED"
"PB-0415.S052","PB-0415.S098","RENUMBERED"
"PB-0414.S047","PB-0414.S095","RENUMBERED"
"PB-0415.S053","PB-0415.S099","RENUMBERED"
"PB-0414.S048","PB-0414.S096","RENUMBERED"
"PB-0414.S049","PB-0414.S097","RENUMBERED"
"PB-0415.S054","PB-0415.S100","RENUMBERED"
"PB-0415.S055","PB-0415.S101","RENUMBERED"
"PB-0414.S050","PB-0414.S098","RENUMBERED"
"PB-0415.S056","PB-0415.S102","RENUMBERED"
"PB-0414.S051","PB-0414.S099","RENUMBERED"
"PB-0414.S052","PB-0414.S100","RENUMBERED"
"PB-0415.S057","PB-0415.S103","RENUMBERED"
"PB-0414.S053","PB-0414.S101","RENUMBERED"
"PB-0415.S058","PB-0415.S104","RENUMBERED"
"PB-0415.S059","PB-0415.S105","RENUMBERED"
"PB-0414.S054","PB-0414.S102","RENUMBERED"
"PB-0414.S055","PB-0414.S103","RENUMBERED"
"PB-0413.S023","PB-0413.S029","RENUMBERED"
"PB-0415.S060","PB-0415.S001","RENUMBERED"
"PB-0415.S061","PB-0415.S002","RENUMBERED"
"PB-0414.S056","PB-0414.S001","RENUMBERED"
"PB-0415.S062","PB-0415.S003","RENUMBERED"
"PB-0413.S024","PB-0413.S001","RENUMBERED"
"PB-0413.S025","PB-0413.S002","RENUMBERED"
"PB-0414.S057","PB-0414.S002","RENUMBERED"
"PB-0415.S063","PB-0415.S004","RENUMBERED"
"PB-0414.S058","PB-0414.S003","RENUMBERED"
"PB-0415.S064","PB-0415.S005","RENUMBERED"
"PB-0415.S065","PB-0415.S006","RENUMBERED"
"PB-0414.S059","PB-0414.S004","RENUMBERED"
"PB-0415.S066","PB-0415.S007","RENUMBERED"
"PB-0414.S060","PB-0414.S005","RENUMBERED"
"PB-0415.S067","PB-0415.S008","RENUMBERED"
"PB-0414.S061","PB-0414.S006","RENUMBERED"
"PB-0415.S068","PB-0415.S009","RENUMBERED"
"PB-0414.S062","PB-0414.S007","RENUMBERED"
"PB-0414.S063","PB-0414.S008","RENUMBERED"
"PB-0414.S064","PB-0414.S009","RENUMBERED"
"PB-0415.S069","PB-0415.S010","RENUMBERED"
"PB-0413.S026","PB-0413.S003","RENUMBERED"
"PB-0415.S070","PB-0415.S011","RENUMBERED"
"PB-0415.S071","PB-0415.S012","RENUMBERED"
"PB-0415.S072","PB-0415.S013","RENUMBERED"
"PB-0415.S073","PB-0415.S014","RENUMBERED"
"PB-0415.S074","PB-0415.S015","RENUMBERED"
"PB-0414.S065","PB-0414.S010","RENUMBERED"
"PB-0414.S066","PB-0414.S011","RENUMBERED"
"PB-0414.S067","PB-0414.S012","RENUMBERED"
"PB-0414.S068","PB-0414.S013","RENUMBERED"
"PB-0414.S069","PB-0414.S014","RENUMBERED"
"PB-0414.S070","PB-0414.S015","RENUMBERED"
"PB-0415.S075","PB-0415.S016","RENUMBERED"
"PB-0415.S076","PB-0415.S017","RENUMBERED"
"PB-0415.S077","PB-0415.S018","RENUMBERED"
"PB-0415.S078","PB-0415.S019","RENUMBERED"
"PB-0414.S071","PB-0414.S016","RENUMBERED"
"PB-0414.S072","PB-0414.S017","RENUMBERED"
"PB-0414.S073","PB-0414.S018","RENUMBERED"
"PB-0415.S079","PB-0415.S020","RENUMBERED"
"PB-0415.S080","PB-0415.S021","RENUMBERED"
"PB-0415.S081","PB-0415.S022","RENUMBERED"
"PB-0415.S082","PB-0415.S023","RENUMBERED"
"PB-0414.S074","PB-0414.S019","RENUMBERED"
"PB-0414.S075","PB-0414.S020","RENUMBERED"
"PB-0414.S076","PB-0414.S021","RENUMBERED"
"PB-0415.S083","PB-0415.S024","RENUMBERED"
"PB-0415.S084","PB-0415.S025","RENUMBERED"
"PB-0414.S077","PB-0414.S022","RENUMBERED"
"PB-0415.S085","PB-0415.S026","RENUMBERED"
"PB-0415.S086","PB-0415.S027","RENUMBERED"
"PB-0415.S087","PB-0415.S028","RENUMBERED"
"PB-0415.S088","PB-0415.S029","RENUMBERED"
"PB-0414.S078","PB-0414.S023","RENUMBERED"
"PB-0414.S079","PB-0414.S024","RENUMBERED"
"PB-0414.S080","PB-0414.S025","RENUMBERED"
"PB-0414.S081","PB-0414.S026","RENUMBERED"
"PB-0415.S089","PB-0415.S030","RENUMBERED"
"PB-0414.S082","PB-0414.S027","RENUMBERED"
"PB-0415.S090","PB-0415.S031","RENUMBERED"
"PB-0415.S091","PB-0415.S032","RENUMBERED"
"PB-0415.S092","PB-0415.S033","RENUMBERED"
"PB-0414.S083","PB-0414.S028","RENUMBERED"
"PB-0414.S084","PB-0414.S029","RENUMBERED"
"PB-0413.S027","PB-0413.S004","RENUMBERED"
"PB-0413.S028","PB-0413.S005","RENUMBERED"
"PB-0413.S029","PB-0413.S006","RENUMBERED"
"PB-0413.S030","PB-0413.S007","RENUMBERED"
"PB-0413.S031","PB-0413.S008","RENUMBERED"
"PB-0413.S032","PB-0413.S009","RENUMBERED"
"PB-0413.S033","PB-0413.S010","RENUMBERED"
"PB-0414.S085","PB-0414.S030","RENUMBERED"
"PB-0414.S086","PB-0414.S031","RENUMBERED"
"PB-0414.S087","PB-0414.S032","RENUMBERED"
"PB-0414.S088","PB-0414.S033","RENUMBERED"
"PB-0414.S089","PB-0414.S034","RENUMBERED"
"PB-0413.S034","PB-0413.S011","RENUMBERED"
"PB-0415.S093","PB-0415.S034","RENUMBERED"
"PB-0415.S094","PB-0415.S035","RENUMBERED"
"PB-0415.S095","PB-0415.S036","RENUMBERED"
"PB-0414.S090","PB-0414.S035","RENUMBERED"
"PB-0414.S091","PB-0414.S036","RENUMBERED"
"PB-0413.S035","PB-0413.S012","RENUMBERED"
"PB-0415.S096","PB-0415.S037","RENUMBERED"
"PB-0413.S036","PB-0413.S013","RENUMBERED"
"PB-0415.S097","PB-0415.S038","RENUMBERED"
"PB-0415.S098","PB-0415.S039","RENUMBERED"
"PB-0415.S099","PB-0415.S040","RENUMBERED"
"PB-0415.S100","PB-0415.S041","RENUMBERED"
"PB-0414.S092","PB-0414.S037","RENUMBERED"
"PB-0414.S093","PB-0414.S038","RENUMBERED"
"PB-0414.S094","PB-0414.S039","RENUMBERED"
"PB-0414.S095","PB-0414.S040","RENUMBERED"
"PB-0415.S101","PB-0415.S042","RENUMBERED"
"PB-0414.S096","PB-0414.S041","RENUMBERED"
"PB-0415.S102","PB-0415.S043","RENUMBERED"
"PB-0415.S103","PB-0415.S044","RENUMBERED"
"PB-0415.S104","PB-0415.S045","RENUMBERED"
"PB-0414.S097","PB-0414.S042","RENUMBERED"
"PB-0414.S098","PB-0414.S043","RENUMBERED"
"PB-0414.S099","PB-0414.S044","RENUMBERED"
"PB-0415.S105","PB-0415.S106","RENUMBERED"
"PB-0414.S100","PB-0414.S086","RENUMBERED"
"PB-0413.S037","PB-0413.S027","RENUMBERED"
"PB-0414.S101","PB-0414.S087","RENUMBERED"
"PB-0415.S106","PB-0415.S089","RENUMBERED"
"PB-0415.S107","PB-0415.S090","RENUMBERED"
"PB-0414.S102","PB-0414.S088","RENUMBERED"
"PB-0415.S108","PB-0415.S091","RENUMBERED"
"PB-0414.S103","PB-0414.S089","RENUMBERED"
"PB-0415.S109","PB-0415.S092","RENUMBERED"
"PB-0414.S104","PB-0414.S090","RENUMBERED"
"PB-0415.S110","PB-0415.S093","RENUMBERED"
"PB-0415.S111","PB-0415.S094","RENUMBERED"
"PB-0415.S112","PB-0415.S095","RENUMBERED"
"PB-0415.S113","PB-0415.S096","RENUMBERED"
"PB-0414.S105","PB-0414.S091","RENUMBERED"
"PB-0415.S114","PB-0415.S097","RENUMBERED"
"PB-0414.S106","PB-0414.S092","RENUMBERED"
"PB-0414.S107","PB-0414.S093","RENUMBERED"
"PB-0414.S108","PB-0414.S094","RENUMBERED"
"PB-0413.S038","PB-0413.S028","RENUMBERED"
"PB-0415.S115","PB-0415.S120","RENUMBERED"
"PB-0415.S116","PB-0415.S121","RENUMBERED"
"PB-0415.S117","PB-0415.S122","RENUMBERED"
"PB-0415.S118","PB-0415.S111","RENUMBERED"
"PB-0414.S109","PB-0414.S108","RENUMBERED"
"PB-0415.S119","PB-0415.S112","RENUMBERED"
"PB-0414.S110","PB-0414.S109","RENUMBERED"
"PB-0415.S120","PB-0415.S113","RENUMBERED"
"PB-0414.S111","PB-0414.S110","RENUMBERED"
"PB-0415.S121","PB-0415.S114","RENUMBERED"
"PB-0414.S112","PB-0414.S111","RENUMBERED"
"PB-0413.S039","PB-0413.S026","RENUMBERED"
"PB-0010","PB-0010","SAME_ID"
"PB-0011","PB-0011","SAME_ID"
"PB-0012","PB-0012","SAME_ID"
"PB-0013","PB-0013","SAME_ID"
"PB-0014","PB-0014","SAME_ID"
"PB-0015","PB-0015","SAME_ID"
"PB-0016","PB-0016","SAME_ID"
"PB-0017","PB-0017","SAME_ID"
"PB-0018","PB-0018","SAME_ID"
"PB-0019","PB-0019","SAME_ID"
"PB-0020","PB-0020","SAME_ID"
"PB-0021","PB-0021","SAME_ID"
"PB-0022","PB-0022","SAME_ID"
"PB-0023","PB-0023","SAME_ID"
"PB-0024","PB-0024","SAME_ID"
"PB-0025","PB-0025","SAME_ID"
"PB-0026","PB-0026","SAME_ID"
"PB-0027","PB-0027","SAME_ID"
"PB-0028","PB-0028","SAME_ID"
"PB-0029","PB-0029","SAME_ID"
"PB-0030","PB-0030","SAME_ID"
"PB-0031","PB-0031","SAME_ID"
"PB-0032","PB-0032","SAME_ID"
"PB-0033","PB-0033","SAME_ID"
"PB-0034","PB-0034","SAME_ID"
"PB-0035","PB-0035","SAME_ID"
"PB-0036","PB-0036","SAME_ID"
"PB-0037","PB-0037","SAME_ID"
"PB-0038","PB-0038","SAME_ID"
"PB-0039","PB-0039","SAME_ID"
"PB-0040","PB-0040","SAME_ID"
"PB-0041","PB-0041","SAME_ID"
"PB-0042","PB-0042","SAME_ID"
"PB-0043","PB-0043","SAME_ID"
"PB-0044","PB-0044","SAME_ID"
"PB-0045","PB-0045","SAME_ID"
"PB-0046","PB-0046","SAME_ID"
"PB-0047","PB-0047","SAME_ID"
"PB-0048","PB-0048","SAME_ID"
"PB-0049","PB-0049","SAME_ID"
"PB-0050","PB-0050","SAME_ID"
"PB-0051","PB-0051","SAME_ID"
"PB-0052","PB-0052","SAME_ID"
"PB-0053","PB-0053","SAME_ID"
"PB-0054","PB-0054","SAME_ID"
"PB-0055","PB-0055","SAME_ID"
"PB-0056","PB-0056","SAME_ID"
"PB-0057","PB-0057","SAME_ID"
"PB-0058","PB-0058","SAME_ID"
"PB-0059","PB-0059","SAME_ID"
"PB-0060","PB-0060","SAME_ID"
"PB-0061","PB-0061","SAME_ID"
"PB-0062","PB-0062","SAME_ID"
"PB-0063","PB-0063","SAME_ID"
"PB-0064","PB-0064","SAME_ID"
"PB-0065","PB-0065","SAME_ID"
"PB-0066","PB-0066","SAME_ID"
"PB-0067","PB-0067","SAME_ID"
"PB-0068","PB-0068","SAME_ID"
"PB-0069","PB-0069","SAME_ID"
"","PB-0108.R1.01","ADDED_IN_CANONICAL_SPEC"
"","PB-0108.R1.02","ADDED_IN_CANONICAL_SPEC"
"","PB-0108.R2.01","ADDED_IN_CANONICAL_SPEC"
"","PB-0108.R3.01","ADDED_IN_CANONICAL_SPEC"
"","PB-0108.R4.01","ADDED_IN_CANONICAL_SPEC"
"","PB-0390P","ADDED_IN_CANONICAL_SPEC"
"","PB-0415.S119","ADDED_IN_CANONICAL_SPEC"
