"patch_id","outcome","detail"
"PB-0413.S001","SUPERSEDED","full_copy row: 02 full_copy is derived from the rendered sections (EXF-002)"
"PB-0413.S002","SUPERSEDED","full_copy row: 02 full_copy is derived from the rendered sections (EXF-002)"
"PB-0413.S003","SUPERSEDED","full_copy row: 02 full_copy is derived from the rendered sections (EXF-002)"
"PB-0413.S004","SUPERSEDED","full_copy row: 02 full_copy is derived from the rendered sections (EXF-002)"
"PB-0413.S005","SUPERSEDED","full_copy row: 02 full_copy is derived from the rendered sections (EXF-002)"
"PB-0413.S006","SUPERSEDED","full_copy row: 02 full_copy is derived from the rendered sections (EXF-002)"
"PB-0413.S007","SUPERSEDED","full_copy row: 02 full_copy is derived from the rendered sections (EXF-002)"
"PB-0413.S008","SUPERSEDED","full_copy row: 02 full_copy is derived from the rendered sections (EXF-002)"
"PB-0413.S009","SUPERSEDED","full_copy row: 02 full_copy is derived from the rendered sections (EXF-002)"
"PB-0413.S010","SUPERSEDED","full_copy row: 02 full_copy is derived from the rendered sections (EXF-002)"
"PB-0413.S011","SUPERSEDED","full_copy row: 02 full_copy is derived from the rendered sections (EXF-002)"
"PB-0413.S012","SUPERSEDED","full_copy row: 02 full_copy is derived from the rendered sections (EXF-002)"
"PB-0413.S013","SUPERSEDED","full_copy row: 02 full_copy is derived from the rendered sections (EXF-002)"
"PB-0413.S014","APPLIED","03_PAGE_SECTIONS!r70.body_ar: قد يكتسب الرقم معنى مختلفًا إذا أُعيد استخدام"
"PB-0413.S015","APPLIED","03_PAGE_SECTIONS!r83.body_ar: ستخدم مركز الأدلة للوصول إلى خلاصة أو مؤشر أو رسم أو سجل يست"
"PB-0413.S016","APPLIED","03_PAGE_SECTIONS!r457.body_ar: افتح الخلاصات وسجلات الأدلة المرتبطة لمراجعة "
"PB-0413.S017","APPLIED","03_PAGE_SECTIONS!r465.body_ar: افتح الخلاصات وسجلات الأدلة المرتبطة لمراجعة "
"PB-0413.S018","APPLIED","03_PAGE_SECTIONS!r473.body_ar: افتح الخلاصات وسجلات الأدلة المرتبطة لمراجعة "
"PB-0413.S019","APPLIED","03_PAGE_SECTIONS!r481.body_ar: افتح الخلاصات وسجلات الأدلة المرتبطة لمراجعة "
"PB-0413.S020","APPLIED","03_PAGE_SECTIONS!r489.body_ar: افتح الخلاصات وسجلات الأدلة المرتبطة لمراجعة "
"PB-0413.S021","APPLIED","03_PAGE_SECTIONS!r497.body_ar: افتح الخلاصات وسجلات الأدلة المرتبطة لمراجعة "
"PB-0413.S022","APPLIED","03_PAGE_SECTIONS!r505.body_ar: افتح الخلاصات وسجلات الأدلة المرتبطة لمراجعة "
"PB-0413.S023","APPLIED","03_PAGE_SECTIONS!r513.body_ar: افتح الخلاصات وسجلات الأدلة المرتبطة لمراجعة "
"PB-0413.S024","APPLIED","03_PAGE_SECTIONS!r521.body_ar: افتح الخلاصات وسجلات الأدلة المرتبطة لمراجعة "
"PB-0413.S025","APPLIED","03_PAGE_SECTIONS!r529.body_ar: افتح الخلاصات وسجلات الأدلة المرتبطة لمراجعة "
"PB-0413.S026","KEEP","User-voiced question: «الادعاء» is the ordinary fact-checking sense (a claim met elsewhere), not the product's governed claim; «الخلاصة» would change the question."
"PB-0413.S027","APPLIED","06_EVIDENCE_OBJECTS!r8.currentness_ar: مة قابلة للمقارنة في هذه الخلاصة هي 8 محافظ إلكترو"
"PB-0413.S028","APPLIED","06_EVIDENCE_OBJECTS!r112.limitations_ar: دمات مالية»؛ وهذا يضيق نطاق الخلاصة ولا يلغي المؤشر ا"
"PB-0413.S029","APPLIED","07_PUBLIC_CLAIMS!r63.does_not_prove_ar: دمات مالية»؛ وهذا يضيق نطاق الخلاصة ولا يلغي المؤشر ا"
"PB-0413.S030","APPLIED","09_READING_SECTIONS!r13.copy_ar: افتح الخلاصات وسجلات الأدلة المرتبطة لمراجعة "
"PB-0413.S031","APPLIED","09_READING_SECTIONS!r22.copy_ar: افتح الخلاصات وسجلات الأدلة المرتبطة لمراجعة "
"PB-0413.S032","APPLIED","09_READING_SECTIONS!r31.copy_ar: افتح الخلاصات وسجلات الأدلة المرتبطة لمراجعة "
"PB-0413.S033","APPLIED","09_READING_SECTIONS!r40.copy_ar: افتح الخلاصات وسجلات الأدلة المرتبطة لمراجعة "
"PB-0413.S034","APPLIED","09_READING_SECTIONS!r49.copy_ar: افتح الخلاصات وسجلات الأدلة المرتبطة لمراجعة "
"PB-0413.S035","APPLIED","09_READING_SECTIONS!r58.copy_ar: افتح الخلاصات وسجلات الأدلة المرتبطة لمراجعة "
"PB-0413.S036","APPLIED","09_READING_SECTIONS!r67.copy_ar: افتح الخلاصات وسجلات الأدلة المرتبطة لمراجعة "
"PB-0413.S037","APPLIED","09_READING_SECTIONS!r76.copy_ar: افتح الخلاصات وسجلات الأدلة المرتبطة لمراجعة "
"PB-0413.S038","APPLIED","09_READING_SECTIONS!r85.copy_ar: افتح الخلاصات وسجلات الأدلة المرتبطة لمراجعة "
"PB-0413.S039","APPLIED","09_READING_SECTIONS!r94.copy_ar: افتح الخلاصات وسجلات الأدلة المرتبطة لمراجعة "
"PB-0414.S001","SUPERSEDED","full_copy row: 02 full_copy is derived from the rendered sections (EXF-002)"
"PB-0414.S002","SUPERSEDED","full_copy row: 02 full_copy is derived from the rendered sections (EXF-002)"
"PB-0414.S003","SUPERSEDED","full_copy row: 02 full_copy is derived from the rendered sections (EXF-002)"
"PB-0414.S004","SUPERSEDED","full_copy row: 02 full_copy is derived from the rendered sections (EXF-002)"
"PB-0414.S005","SUPERSEDED","full_copy row: 02 full_copy is derived from the rendered sections (EXF-002)"
"PB-0414.S006","SUPERSEDED","full_copy row: 02 full_copy is derived from the rendered sections (EXF-002)"
"PB-0414.S007","SUPERSEDED","full_copy row: 02 full_copy is derived from the rendered sections (EXF-002)"
"PB-0414.S008","SUPERSEDED","full_copy row: 02 full_copy is derived from the rendered sections (EXF-002)"
"PB-0414.S009","SUPERSEDED","full_copy row: 02 full_copy is derived from the rendered sections (EXF-002)"
"PB-0414.S010","SUPERSEDED","full_copy row: 02 full_copy is derived from the rendered sections (EXF-002)"
"PB-0414.S011","SUPERSEDED","full_copy row: 02 full_copy is derived from the rendered sections (EXF-002)"
"PB-0414.S012","SUPERSEDED","full_copy row: 02 full_copy is derived from the rendered sections (EXF-002)"
"PB-0414.S013","SUPERSEDED","full_copy row: 02 full_copy is derived from the rendered sections (EXF-002)"
"PB-0414.S014","SUPERSEDED","full_copy row: 02 full_copy is derived from the rendered sections (EXF-002)"
"PB-0414.S015","SUPERSEDED","full_copy row: 02 full_copy is derived from the rendered sections (EXF-002)"
"PB-0414.S016","SUPERSEDED","full_copy row: 02 full_copy is derived from the rendered sections (EXF-002)"
"PB-0414.S017","SUPERSEDED","full_copy row: 02 full_copy is derived from the rendered sections (EXF-002)"
"PB-0414.S018","SUPERSEDED","full_copy row: 02 full_copy is derived from the rendered sections (EXF-002)"
"PB-0414.S019","SUPERSEDED","full_copy row: 02 full_copy is derived from the rendered sections (EXF-002)"
"PB-0414.S020","SUPERSEDED","full_copy row: 02 full_copy is derived from the rendered sections (EXF-002)"
"PB-0414.S021","SUPERSEDED","full_copy row: 02 full_copy is derived from the rendered sections (EXF-002)"
"PB-0414.S022","SUPERSEDED","full_copy row: 02 full_copy is derived from the rendered sections (EXF-002)"
"PB-0414.S023","SUPERSEDED","full_copy row: 02 full_copy is derived from the rendered sections (EXF-002)"
"PB-0414.S024","SUPERSEDED","full_copy row: 02 full_copy is derived from the rendered sections (EXF-002)"
"PB-0414.S025","SUPERSEDED","full_copy row: 02 full_copy is derived from the rendered sections (EXF-002)"
"PB-0414.S026","SUPERSEDED","full_copy row: 02 full_copy is derived from the rendered sections (EXF-002)"
"PB-0414.S027","SUPERSEDED","full_copy row: 02 full_copy is derived from the rendered sections (EXF-002)"
"PB-0414.S028","SUPERSEDED","full_copy row: 02 full_copy is derived from the rendered sections (EXF-002)"
"PB-0414.S029","SUPERSEDED","full_copy row: 02 full_copy is derived from the rendered sections (EXF-002)"
"PB-0414.S030","SUPERSEDED","full_copy row: 02 full_copy is derived from the rendered sections (EXF-002)"
"PB-0414.S031","SUPERSEDED","full_copy row: 02 full_copy is derived from the rendered sections (EXF-002)"
"PB-0414.S032","SUPERSEDED","full_copy row: 02 full_copy is derived from the rendered sections (EXF-002)"
"PB-0414.S033","SUPERSEDED","full_copy row: 02 full_copy is derived from the rendered sections (EXF-002)"
"PB-0414.S034","SUPERSEDED","full_copy row: 02 full_copy is derived from the rendered sections (EXF-002)"
"PB-0414.S035","SUPERSEDED","full_copy row: 02 full_copy is derived from the rendered sections (EXF-002)"
"PB-0414.S036","SUPERSEDED","full_copy row: 02 full_copy is derived from the rendered sections (EXF-002)"
"PB-0414.S037","SUPERSEDED","full_copy row: 02 full_copy is derived from the rendered sections (EXF-002)"
"PB-0414.S038","SUPERSEDED","full_copy row: 02 full_copy is derived from the rendered sections (EXF-002)"
"PB-0414.S039","SUPERSEDED","full_copy row: 02 full_copy is derived from the rendered sections (EXF-002)"
"PB-0414.S040","SUPERSEDED","full_copy row: 02 full_copy is derived from the rendered sections (EXF-002)"
"PB-0414.S041","SUPERSEDED","full_copy row: 02 full_copy is derived from the rendered sections (EXF-002)"
"PB-0414.S042","SUPERSEDED","full_copy row: 02 full_copy is derived from the rendered sections (EXF-002)"
"PB-0414.S043","SUPERSEDED","full_copy row: 02 full_copy is derived from the rendered sections (EXF-002)"
"PB-0414.S044","SUPERSEDED","full_copy row: 02 full_copy is derived from the rendered sections (EXF-002)"
"PB-0414.S045","REVISED","03_PAGE_SECTIONS!r45.heading_ar: لماذا لا يعرض هذا الموقع خريطة كاملة الآن؟"
"PB-0414.S046","REVISED","03_PAGE_SECTIONS!r102.body_ar:  لذلك لا تُعرض هنا كسلسلة اتجاه قبل "
"PB-0414.S047","REVISED","03_PAGE_SECTIONS!r122.body_ar: يتعامل هذا الموقع مع عامي 1997 و1998 ك"
"PB-0414.S048","REVISED","03_PAGE_SECTIONS!r126.body_ar: ة متصلة. ويحافظ هذا الموقع على النقاط الفصلي"
"PB-0414.S049","REVISED","03_PAGE_SECTIONS!r134.body_ar: يحدد هذا الموقع لوحة من 32 مقياسً"
"PB-0414.S050","REVISED","03_PAGE_SECTIONS!r136.body_ar: ي 2022. ويتعامل هذا الموقع معها كمراسي لموجا"
"PB-0414.S051","REVISED","03_PAGE_SECTIONS!r194.body_ar: يخية الموثقة هنا تُظهر أن حصة النم"
"PB-0414.S052","REVISED","03_PAGE_SECTIONS!r194.body_ar: عادة الإنتاج هنا صياغة 91% كحصة من"
"PB-0414.S053","REVISED","03_PAGE_SECTIONS!r312.body_ar: تلفة. لذلك يفصل هذا الموقع بينها قبل تفسير أ"
"PB-0414.S054","REVISED","03_PAGE_SECTIONS!r314.body_ar: بلغ عنها. يحافظ هذا الموقع على هذه النقاط وا"
"PB-0414.S055","REVISED","03_PAGE_SECTIONS!r320.body_ar: دية المعتمدة هنا قراءةً لسياق المي"
"PB-0414.S056","REVISED","03_PAGE_SECTIONS!r322.body_ar: ة؛ لذلك لا يصنع هذا الموقع إجماليًا تراكميًا"
"PB-0414.S057","REVISED","03_PAGE_SECTIONS!r328.body_ar: وصول. لذلك يربط هذا الموقع التمويل بالمنشآت "
"PB-0414.S058","REVISED","03_PAGE_SECTIONS!r330.body_ar: ما تزال قاعدة الأدلة تفتقر إلى سلسلة م"
"PB-0414.S059","REVISED","03_PAGE_SECTIONS!r358.body_ar: لا يختزل هذا الموقع أهمية القرار وإمك"
"PB-0414.S060","REVISED","03_PAGE_SECTIONS!r360.heading_ar: لماذا القياس جزء من هذا الموقع؟"
"PB-0414.S061","REVISED","03_PAGE_SECTIONS!r360.body_ar: بط القياس أجزاء هذا الموقع بعضها ببعض. فموجة"
"PB-0414.S062","REVISED","03_PAGE_SECTIONS!r375.body_ar: تلفة. لذلك يفصل هذا الموقع تاريخ القياس أو ا"
"PB-0414.S063","REVISED","03_PAGE_SECTIONS!r377.body_ar: عندما يحسب هذا الموقع فجوة أو حصة أو نس"
"PB-0414.S064","REVISED","03_PAGE_SECTIONS!r379.body_ar: ياس واحد، يُتحقَّق من التعريف والفتر"
"PB-0414.S065","REVISED","03_PAGE_SECTIONS!r404.body_ar: ما تزال قاعدة الأدلة تفتقر إلى قياس قا"
"PB-0414.S066","REVISED","03_PAGE_SECTIONS!r413.body_ar: قاسة، ولا يفترض هذا الموقع أن المفاهيم متطاب"
"PB-0414.S067","REVISED","03_PAGE_SECTIONS!r413.body_ar: ي 2022. ويتعامل هذا الموقع معها كمراسي لموجا"
"PB-0414.S068","REVISED","03_PAGE_SECTIONS!r421.body_ar: ف؛ لذلك لا ينسب هذا الموقع مستوىً سكانيًا في"
"PB-0414.S069","REVISED","03_PAGE_SECTIONS!r421.body_ar: ة. لذلك لا ينسب هذا الموقع مستويات القدرات إ"
"PB-0414.S070","REVISED","03_PAGE_SECTIONS!r427.body_ar: ل الدخول. ويحفظ هذا الموقع تفضيل اللغة في مت"
"PB-0414.S071","REVISED","03_PAGE_SECTIONS!r438.body_ar:  2025. ولا يعرض هذا الموقع المسار 7←9←8 بوصف"
"PB-0414.S072","REVISED","03_PAGE_SECTIONS!r444.body_ar: ملاء. لذلك يربط هذا الموقع حالة مقدم الخدمة "
"PB-0414.S073","REVISED","03_PAGE_SECTIONS!r463.body_ar: ورة مكتملة في قاعدة الأدلة."
"PB-0414.S074","REVISED","03_PAGE_SECTIONS!r479.body_ar: لا تتوفر في قاعدة الأدلة حاليًا قياسات وطن"
"PB-0414.S075","REVISED","03_PAGE_SECTIONS!r511.body_ar: لا تحتوي قاعدة الأدلة بعد على لوحة أولي"
"PB-0414.S076","REVISED","03_PAGE_SECTIONS!r519.body_ar: لا تستطيع قاعدة الأدلة حاليًا إثبات ما إ"
"PB-0414.S077","REVISED","03_PAGE_SECTIONS!r530.body_ar: يفصل هذا الموقع بين القاعدة والتم"
"PB-0414.S078","REVISED","03_PAGE_SECTIONS!r532.body_ar: يستخدم هذا الموقع سلسلة انتقال واحد"
"PB-0414.S079","REVISED","03_PAGE_SECTIONS!r538.body_ar:  مناسب، لا ينسب هذا الموقع مستوى القدرة أو ت"
"PB-0414.S080","REVISED","03_PAGE_SECTIONS!r544.body_ar: دة. لذلك يستخدم هذا الموقع تسميات للحالة حتى"
"PB-0414.S081","REVISED","03_PAGE_SECTIONS!r551.body_ar: فسها. لذلك يفصل هذا الموقع هذه الأدلة ويُظهر"
"PB-0414.S082","REVISED","03_PAGE_SECTIONS!r569.body_ar:  نصه. لذلك يفصل هذا الموقع بين صلاحية الدليل"
"PB-0414.S083","REVISED","03_PAGE_SECTIONS!r570.body_ar: مقيدة، قد يحتفظ هذا الموقع بالبيانات الوصفية"
"PB-0414.S084","REVISED","03_PAGE_SECTIONS!r571.body_ar: المصدر داخل هذا الموقع حقوقًا إضافية."
"PB-0414.S085","REVISED","03_PAGE_SECTIONS!r580.body_ar: ل اليمني، ويربط هذا الموقع بالناشر الأصلي بد"
"PB-0414.S086","REVISED","06_EVIDENCE_OBJECTS!r8.summary_ar:  لذلك لا تُعرض هنا كسلسلة اتجاه قبل "
"PB-0414.S087","REVISED","06_EVIDENCE_OBJECTS!r9.limitations_ar: اء؛ ولا توجد في قاعدة الأدلة سلسلة إدارية موثق"
"PB-0414.S088","REVISED","06_EVIDENCE_OBJECTS!r25.summary_ar: يتعامل هذا الموقع مع عامي 1997 و1998 ك"
"PB-0414.S089","REVISED","06_EVIDENCE_OBJECTS!r38.summary_ar: يمن المعتمدة في قاعدة الأدلة لموجة المؤشر العا"
"PB-0414.S090","REVISED","06_EVIDENCE_OBJECTS!r47.summary_ar: ي 2022. ويتعامل هذا الموقع معها كمراسي لموجا"
"PB-0414.S091","REVISED","06_EVIDENCE_OBJECTS!r64.summary_ar: ة متصلة. ويحافظ هذا الموقع على النقاط الفصلي"
"PB-0414.S092","REVISED","06_EVIDENCE_OBJECTS!r66.summary_ar: سبة +11%. يُبقي هذا الموقع الإجماليات المنشو"
"PB-0414.S093","REVISED","06_EVIDENCE_OBJECTS!r100.summary_ar: يخية الموثقة هنا تُظهر أن حصة النم"
"PB-0414.S094","REVISED","06_EVIDENCE_OBJECTS!r100.summary_ar: عادة الإنتاج هنا صياغة 91% كحصة من"
"PB-0414.S095","REVISED","07_PUBLIC_CLAIMS!r7.copy_ar: سبة +11%. يُبقي هذا الموقع القيمتين ظاهرتين "
"PB-0414.S096","REVISED","07_PUBLIC_CLAIMS!r14.copy_ar:  لذلك لا تُعرض هنا كسلسلة اتجاه قبل "
"PB-0414.S097","REVISED","07_PUBLIC_CLAIMS!r15.does_not_prove_ar: اء؛ ولا توجد في قاعدة الأدلة سلسلة إدارية موثق"
"PB-0414.S098","REVISED","07_PUBLIC_CLAIMS!r24.copy_ar: يتعامل هذا الموقع مع عامي 1997 و1998 ك"
"PB-0414.S099","REVISED","07_PUBLIC_CLAIMS!r26.copy_ar: ة متصلة. ويحافظ هذا الموقع على النقاط الفصلي"
"PB-0414.S100","REVISED","07_PUBLIC_CLAIMS!r27.copy_ar: يمن المعتمدة في قاعدة الأدلة لموجة المؤشر العا"
"PB-0414.S101","REVISED","07_PUBLIC_CLAIMS!r31.copy_ar: ي 2022. ويتعامل هذا الموقع معها كمراسي لموجا"
"PB-0414.S102","REVISED","07_PUBLIC_CLAIMS!r59.copy_ar: يخية الموثقة هنا تُظهر أن حصة النم"
"PB-0414.S103","REVISED","07_PUBLIC_CLAIMS!r59.copy_ar: عادة الإنتاج هنا صياغة 91% كحصة من"
"PB-0414.S104","REVISED","09_READING_SECTIONS!r20.copy_ar: ورة مكتملة في قاعدة الأدلة."
"PB-0414.S105","REVISED","09_READING_SECTIONS!r38.copy_ar: لا تستطيع قاعدة الأدلة حاليًا إثبات ما إ"
"PB-0414.S106","REVISED","09_READING_SECTIONS!r47.copy_ar: لا تتوفر في قاعدة الأدلة حاليًا قياسات وطن"
"PB-0414.S107","REVISED","09_READING_SECTIONS!r56.copy_ar: لا تحتوي قاعدة الأدلة بعد على لوحة أولي"
"PB-0414.S108","REVISED","10_MEASUREMENT_AGENDA!r5.what_changes_ar: يمكن تحديث خط الأساس ا"
"PB-0414.S109","REVISED","10_MEASUREMENT_AGENDA!r8.what_changes_ar: يمكن قياس التسرب من ال"
"PB-0414.S110","REVISED","10_MEASUREMENT_AGENDA!r11.current_evidence_ar: ونية موثقة، لكن قاعدة الأدلة لا تتضمن دليلًا عل"
"PB-0414.S111","REVISED","10_MEASUREMENT_AGENDA!r14.what_changes_ar: تسمح بتحديد إلى أي مدى"
"PB-0414.S112","REVISED","11_VISUAL_LIBRARY!r5.what_it_shows_ar: دى اكتمال معرفة قاعدة الأدلة بمقدمي الخدمة."
"PB-0415.S001","SUPERSEDED","full_copy row: 02 full_copy is derived from the rendered sections (EXF-002)"
"PB-0415.S002","SUPERSEDED","full_copy row: 02 full_copy is derived from the rendered sections (EXF-002)"
"PB-0415.S003","SUPERSEDED","full_copy row: 02 full_copy is derived from the rendered sections (EXF-002)"
"PB-0415.S004","SUPERSEDED","full_copy row: 02 full_copy is derived from the rendered sections (EXF-002)"
"PB-0415.S005","SUPERSEDED","full_copy row: 02 full_copy is derived from the rendered sections (EXF-002)"
"PB-0415.S006","SUPERSEDED","full_copy row: 02 full_copy is derived from the rendered sections (EXF-002)"
"PB-0415.S007","SUPERSEDED","full_copy row: 02 full_copy is derived from the rendered sections (EXF-002)"
"PB-0415.S008","SUPERSEDED","full_copy row: 02 full_copy is derived from the rendered sections (EXF-002)"
"PB-0415.S009","SUPERSEDED","full_copy row: 02 full_copy is derived from the rendered sections (EXF-002)"
"PB-0415.S010","SUPERSEDED","full_copy row: 02 full_copy is derived from the rendered sections (EXF-002)"
"PB-0415.S011","SUPERSEDED","full_copy row: 02 full_copy is derived from the rendered sections (EXF-002)"
"PB-0415.S012","SUPERSEDED","full_copy row: 02 full_copy is derived from the rendered sections (EXF-002)"
"PB-0415.S013","SUPERSEDED","full_copy row: 02 full_copy is derived from the rendered sections (EXF-002)"
"PB-0415.S014","SUPERSEDED","full_copy row: 02 full_copy is derived from the rendered sections (EXF-002)"
"PB-0415.S015","SUPERSEDED","full_copy row: 02 full_copy is derived from the rendered sections (EXF-002)"
"PB-0415.S016","SUPERSEDED","full_copy row: 02 full_copy is derived from the rendered sections (EXF-002)"
"PB-0415.S017","SUPERSEDED","full_copy row: 02 full_copy is derived from the rendered sections (EXF-002)"
"PB-0415.S018","SUPERSEDED","full_copy row: 02 full_copy is derived from the rendered sections (EXF-002)"
"PB-0415.S019","SUPERSEDED","full_copy row: 02 full_copy is derived from the rendered sections (EXF-002)"
"PB-0415.S020","SUPERSEDED","full_copy row: 02 full_copy is derived from the rendered sections (EXF-002)"
"PB-0415.S021","SUPERSEDED","full_copy row: 02 full_copy is derived from the rendered sections (EXF-002)"
"PB-0415.S022","SUPERSEDED","full_copy row: 02 full_copy is derived from the rendered sections (EXF-002)"
"PB-0415.S023","SUPERSEDED","full_copy row: 02 full_copy is derived from the rendered sections (EXF-002)"
"PB-0415.S024","SUPERSEDED","full_copy row: 02 full_copy is derived from the rendered sections (EXF-002)"
"PB-0415.S025","SUPERSEDED","full_copy row: 02 full_copy is derived from the rendered sections (EXF-002)"
"PB-0415.S026","SUPERSEDED","full_copy row: 02 full_copy is derived from the rendered sections (EXF-002)"
"PB-0415.S027","SUPERSEDED","full_copy row: 02 full_copy is derived from the rendered sections (EXF-002)"
"PB-0415.S028","SUPERSEDED","full_copy row: 02 full_copy is derived from the rendered sections (EXF-002)"
"PB-0415.S029","SUPERSEDED","full_copy row: 02 full_copy is derived from the rendered sections (EXF-002)"
"PB-0415.S030","SUPERSEDED","full_copy row: 02 full_copy is derived from the rendered sections (EXF-002)"
"PB-0415.S031","SUPERSEDED","full_copy row: 02 full_copy is derived from the rendered sections (EXF-002)"
"PB-0415.S032","SUPERSEDED","full_copy row: 02 full_copy is derived from the rendered sections (EXF-002)"
"PB-0415.S033","SUPERSEDED","full_copy row: 02 full_copy is derived from the rendered sections (EXF-002)"
"PB-0415.S034","SUPERSEDED","full_copy row: 02 full_copy is derived from the rendered sections (EXF-002)"
"PB-0415.S035","SUPERSEDED","full_copy row: 02 full_copy is derived from the rendered sections (EXF-002)"
"PB-0415.S036","SUPERSEDED","full_copy row: 02 full_copy is derived from the rendered sections (EXF-002)"
"PB-0415.S037","SUPERSEDED","full_copy row: 02 full_copy is derived from the rendered sections (EXF-002)"
"PB-0415.S038","SUPERSEDED","full_copy row: 02 full_copy is derived from the rendered sections (EXF-002)"
"PB-0415.S039","SUPERSEDED","full_copy row: 02 full_copy is derived from the rendered sections (EXF-002)"
"PB-0415.S040","SUPERSEDED","full_copy row: 02 full_copy is derived from the rendered sections (EXF-002)"
"PB-0415.S041","SUPERSEDED","full_copy row: 02 full_copy is derived from the rendered sections (EXF-002)"
"PB-0415.S042","SUPERSEDED","full_copy row: 02 full_copy is derived from the rendered sections (EXF-002)"
"PB-0415.S043","SUPERSEDED","full_copy row: 02 full_copy is derived from the rendered sections (EXF-002)"
"PB-0415.S044","SUPERSEDED","full_copy row: 02 full_copy is derived from the rendered sections (EXF-002)"
"PB-0415.S045","SUPERSEDED","full_copy row: 02 full_copy is derived from the rendered sections (EXF-002)"
"PB-0415.S046","APPLIED","03_PAGE_SECTIONS!r29.body_en: mains visible and this resource states what evide"
"PB-0415.S047","APPLIED","03_PAGE_SECTIONS!r44.body_en: nnot be verified, this resource shows the locatio"
"PB-0415.S048","APPLIED","03_PAGE_SECTIONS!r102.body_en: cial statement—so this resource does not present "
"PB-0415.S049","APPLIED","03_PAGE_SECTIONS!r110.body_en: The evidence here is not equally curre"
"PB-0415.S050","APPLIED","03_PAGE_SECTIONS!r122.body_en: This resource treats 1997 and 1"
"PB-0415.S051","APPLIED","03_PAGE_SECTIONS!r126.body_en: tinuously annual: This resource preserves exact q"
"PB-0415.S052","APPLIED","03_PAGE_SECTIONS!r134.body_en: This resource defines a 32-metr"
"PB-0415.S053","APPLIED","03_PAGE_SECTIONS!r136.body_en: of 11.9% in 2022. This resource treats these as o"
"PB-0415.S054","APPLIED","03_PAGE_SECTIONS!r236.body_en: s. It shows where this resource relies on older e"
"PB-0415.S055","APPLIED","03_PAGE_SECTIONS!r312.body_en:  valuation bases. This resource separates them be"
"PB-0415.S056","APPLIED","03_PAGE_SECTIONS!r313.body_en: ported portfolio. This resource keeps those obser"
"PB-0415.S057","APPLIED","03_PAGE_SECTIONS!r321.body_en: pping components. This resource therefore does no"
"PB-0415.S058","APPLIED","03_PAGE_SECTIONS!r327.body_en: y wider outreach. This resource links Finance to "
"PB-0415.S059","APPLIED","03_PAGE_SECTIONS!r329.body_en: This resource still lacks a ful"
"PB-0415.S060","APPLIED","03_PAGE_SECTIONS!r357.body_en: This resource does not compress"
"PB-0415.S061","APPLIED","03_PAGE_SECTIONS!r359.heading_en: Why measurement is part of this resource"
"PB-0415.S062","APPLIED","03_PAGE_SECTIONS!r359.body_en: nects the rest of this resource. A new people-sid"
"PB-0415.S063","APPLIED","03_PAGE_SECTIONS!r374.body_en:  different times. This resource preserves observa"
"PB-0415.S064","APPLIED","03_PAGE_SECTIONS!r376.body_en: When this resource calculates a gap,"
"PB-0415.S065","APPLIED","03_PAGE_SECTIONS!r378.body_en: es share a scale, this resource checks definition"
"PB-0415.S066","APPLIED","03_PAGE_SECTIONS!r380.heading_en: tates change what this resource may do"
"PB-0415.S067","APPLIED","03_PAGE_SECTIONS!r393.body_en: ugh January 2026. This resource therefore stops t"
"PB-0415.S068","APPLIED","03_PAGE_SECTIONS!r403.body_en: This resource still lacks a com"
"PB-0415.S069","APPLIED","03_PAGE_SECTIONS!r412.body_en:  to be identical. This resource does not interpol"
"PB-0415.S070","APPLIED","03_PAGE_SECTIONS!r412.body_en: of 11.9% in 2022. This resource treats these as o"
"PB-0415.S071","APPLIED","03_PAGE_SECTIONS!r420.body_en: kind of evidence. This resource does not attribut"
"PB-0415.S072","APPLIED","03_PAGE_SECTIONS!r420.body_en: t evidence class; this resource does not attribut"
"PB-0415.S073","APPLIED","03_PAGE_SECTIONS!r427.body_en: ead the evidence. This resource stores a language"
"PB-0415.S074","APPLIED","03_PAGE_SECTIONS!r437.body_en: r 2025 statement. This resource does not plot 7→9"
"PB-0415.S075","APPLIED","03_PAGE_SECTIONS!r443.body_en:  customer access. This resource therefore links p"
"PB-0415.S076","APPLIED","03_PAGE_SECTIONS!r445.body_en: rce category, but this resource still lacks a ful"
"PB-0415.S077","APPLIED","03_PAGE_SECTIONS!r471.body_en: strative metrics, this resource does not yet have"
"PB-0415.S078","APPLIED","03_PAGE_SECTIONS!r479.body_en: This resource lacks a current n"
"PB-0415.S079","APPLIED","03_PAGE_SECTIONS!r528.body_en: ence, would allow this resource to distinguish st"
"PB-0415.S080","APPLIED","03_PAGE_SECTIONS!r530.body_en: This resource separates rule, f"
"PB-0415.S081","APPLIED","03_PAGE_SECTIONS!r531.body_en: This resource uses one transmis"
"PB-0415.S082","APPLIED","03_PAGE_SECTIONS!r537.body_en: ne or evaluation, this resource does not attribut"
"PB-0415.S083","APPLIED","03_PAGE_SECTIONS!r543.body_en:  observed result. This resource uses state labels"
"PB-0415.S084","APPLIED","03_PAGE_SECTIONS!r551.body_en: e reference year. This resource keeps these evide"
"PB-0415.S085","APPLIED","03_PAGE_SECTIONS!r569.body_en: substantial text. This resource therefore treats "
"PB-0415.S086","APPLIED","03_PAGE_SECTIONS!r570.body_en: se is restricted, this resource may keep safe met"
"PB-0415.S087","APPLIED","03_PAGE_SECTIONS!r572.body_en: fficiently clear, this resource may provide publi"
"PB-0415.S088","APPLIED","03_PAGE_SECTIONS!r579.body_en: ce for Yemen, and this resource links to the orig"
"PB-0415.S089","APPLIED","06_EVIDENCE_OBJECTS!r12.summary_en: s. It shows where this resource relies on older e"
"PB-0415.S090","APPLIED","06_EVIDENCE_OBJECTS!r25.summary_en: This resource treats 1997 and 1"
"PB-0415.S091","APPLIED","06_EVIDENCE_OBJECTS!r27.period_en:  evidence horizon available here"
"PB-0415.S092","APPLIED","06_EVIDENCE_OBJECTS!r47.summary_en: of 11.9% in 2022. This resource treats these as o"
"PB-0415.S093","APPLIED","06_EVIDENCE_OBJECTS!r51.summary_en: The people-side evidence here does not have one"
"PB-0415.S094","APPLIED","06_EVIDENCE_OBJECTS!r51.summary_en: vidence currently available here for account use, "
"PB-0415.S095","APPLIED","06_EVIDENCE_OBJECTS!r63.summary_en: The evidence here is not equally curre"
"PB-0415.S096","APPLIED","06_EVIDENCE_OBJECTS!r64.summary_en: tinuously annual: This resource preserves exact q"
"PB-0415.S097","APPLIED","06_EVIDENCE_OBJECTS!r66.summary_en: ic displays +11%. This resource keeps both the re"
"PB-0415.S098","APPLIED","07_PUBLIC_CLAIMS!r7.copy_en: ic displays +11%. This resource preserves both as"
"PB-0415.S099","APPLIED","07_PUBLIC_CLAIMS!r14.copy_en: cial statement—so this resource does not present "
"PB-0415.S100","APPLIED","07_PUBLIC_CLAIMS!r18.copy_en: The evidence here is not equally curre"
"PB-0415.S101","APPLIED","07_PUBLIC_CLAIMS!r24.copy_en: This resource treats 1997 and 1"
"PB-0415.S102","APPLIED","07_PUBLIC_CLAIMS!r26.copy_en: tinuously annual: This resource preserves exact q"
"PB-0415.S103","APPLIED","07_PUBLIC_CLAIMS!r31.copy_en: of 11.9% in 2022. This resource treats these as o"
"PB-0415.S104","APPLIED","07_PUBLIC_CLAIMS!r35.copy_en: The people-side evidence here does not have one"
"PB-0415.S105","APPLIED","07_PUBLIC_CLAIMS!r35.copy_en: vidence currently available here for account use, "
"PB-0415.S106","APPLIED","08_READINGS!r8.thesis_en: usion observation available here is older. The evi"
"PB-0415.S107","APPLIED","09_READING_SECTIONS!r12.copy_en: ence, would allow this resource to distinguish st"
"PB-0415.S108","APPLIED","09_READING_SECTIONS!r29.copy_en: strative metrics, this resource does not yet have"
"PB-0415.S109","APPLIED","09_READING_SECTIONS!r32.copy_en: usion observation available here is older. These e"
"PB-0415.S110","APPLIED","09_READING_SECTIONS!r47.copy_en: This resource lacks a current n"
"PB-0415.S111","APPLIED","10_MEASUREMENT_AGENDA!r5.what_changes_en: This resource could update the "
"PB-0415.S112","APPLIED","10_MEASUREMENT_AGENDA!r8.what_changes_en: This resource could quantify at"
"PB-0415.S113","APPLIED","10_MEASUREMENT_AGENDA!r11.current_evidence_en: e documented, but this resource lacks journey-lev"
"PB-0415.S114","APPLIED","10_MEASUREMENT_AGENDA!r14.what_changes_en: Allows this resource to say how far a "
"PB-0415.S115","APPLIED","11_VISUAL_LIBRARY!r7.accessible_summary_en: s. It shows where this resource relies on older e"
"PB-0415.S116","APPLIED","11_VISUAL_LIBRARY!r33.source_period: Current evidence available here; dates vary by ob"
"PB-0415.S117","APPLIED","11_VISUAL_LIBRARY!r33.freshness_profile: Current evidence available here; dates vary by ob"
"PB-0415.S118","APPLIED","11_VISUAL_LIBRARY!r33.period: Current evidence available here; dates vary by ob"
"PB-0415.S119","REVISED","14_SYSTEM_CHRONOLOGY!r28.system_implication_en: This resource can trace transmission across the system without turning s"
"PB-0415.S120","APPLIED","33_ANALYTICS_MASTER!r55.comparison: For banks, this resource has a current off"
"PB-0415.S121","APPLIED","33_ANALYTICS_MASTER!r68.comparison: This resource can synthesize re"
"PB-0415.S122","APPLIED","33_ANALYTICS_MASTER!r186.metric: aries explicit so this resource can serve regulat"
"PB-0413.T01","APPLIED","07!A1 sheet title"
"PB-0413.B01","APPLIED","scripts/build.py ×1: تحليل متعدد المصادر يبقى مربوطًا بالخلاصات والأدلة."
"PB-0413.B02","APPLIED","scripts/build.py ×1: وجودها في الدليل لا يرقّيها إلى نتيجة أو خلاصة."
"PB-0413.B03","APPLIED","scripts/build.py ×1: ابحث في الخلاصات والأدلة والقراءات…"
"PB-0414.B01","APPLIED","scripts/build.py ×1: افتح سجل المصدر هنا، أو انتقل إلى الرابط الأصلي حين تسمح حالة النشر بذلك."
"PB-0414.B02a","REVISED","scripts/build.py ×1: لا ينشئ هذا الموقع سجل إصدارات"
"PB-0414.B02b","APPLIED","scripts/build.py ×1: This resource does not manufacture a release or correction history"
"PB-0415.B-EN","APPLIED","scripts/build.py ×1: Open the source record here, or follow the original locator when publication state allows it."
