repo_row_id,fdp_id,split,api_indicator_code,api_label,value_raw,value_rounded_1dp,series_url
WB-FINDEX-OBS-2022-001,FDP-001,total,account.t.d,Account  (% age 15+),11.9033656433415,11.9,https://api.worldbank.org/v2/country/YEM/indicator/account.t.d?source=28&format=json&date=2022
FSG-0001|WB-FINDEX-OBS-2022-002,FDP-001,sex: female,account.t.d.1,"Account, women (% age 15+)",5.43631354617772,5.4,https://api.worldbank.org/v2/country/YEM/indicator/account.t.d.1?source=28&format=json&date=2022
FSG-0005,FDP-001,workforce: out of workforce,account.t.d.11,"Account, out of laborforce (% age 15+)",6.99392941786424,7.0,https://api.worldbank.org/v2/country/YEM/indicator/account.t.d.11?source=28&format=json&date=2022
FSG-0005,FDP-001,workforce: in workforce,account.t.d.12,"Account, in laborforce (% age 15+)",23.4936545655994,23.5,https://api.worldbank.org/v2/country/YEM/indicator/account.t.d.12?source=28&format=json&date=2022
FSG-0001|WB-FINDEX-OBS-2022-003,FDP-001,sex: male,account.t.d.2,"Account, men (% age 15+)",18.3451844121311,18.3,https://api.worldbank.org/v2/country/YEM/indicator/account.t.d.2?source=28&format=json&date=2022
FSG-0002|WB-FINDEX-OBS-2022-008,FDP-001,age: 15-24,account.t.d.3,"Account, young (% ages 15-24)",5.00995602610102,5.0,https://api.worldbank.org/v2/country/YEM/indicator/account.t.d.3?source=28&format=json&date=2022
FSG-0002|WB-FINDEX-OBS-2022-009,FDP-001,age: 25+,account.t.d.4,"Account, older (% age 25+)",16.1080518800915,16.1,https://api.worldbank.org/v2/country/YEM/indicator/account.t.d.4?source=28&format=json&date=2022
FSG-0003|WB-FINDEX-OBS-2022-006,FDP-001,edu: primary or less,account.t.d.5,"Account, primary education or less (% age 15+)",6.9816569745174,7.0,https://api.worldbank.org/v2/country/YEM/indicator/account.t.d.5?source=28&format=json&date=2022
FSG-0003|WB-FINDEX-OBS-2022-007,FDP-001,edu: secondary or more,account.t.d.6,"Account, secondary education or more (% age 15+)",19.5270470575131,19.5,https://api.worldbank.org/v2/country/YEM/indicator/account.t.d.6?source=28&format=json&date=2022
FSG-0004|WB-FINDEX-OBS-2022-004,FDP-001,income: poorest 40%,account.t.d.7,"Account, poorest 40% (% age 15+)",6.50493974547528,6.5,https://api.worldbank.org/v2/country/YEM/indicator/account.t.d.7?source=28&format=json&date=2022
FSG-0004|WB-FINDEX-OBS-2022-005,FDP-001,income: richest 60%,account.t.d.8,"Account, richest 60% (% age 15+)",15.4967084235072,15.5,https://api.worldbank.org/v2/country/YEM/indicator/account.t.d.8?source=28&format=json&date=2022
,FDP-002,total,fiaccount.t.d,Bank or similar financial institution account  (% age 15+),11.9033656433415,11.9,https://api.worldbank.org/v2/country/YEM/indicator/fiaccount.t.d?source=28&format=json&date=2022
FSG-0007,FDP-002,sex: female,fiaccount.t.d.1,"Bank or similar financial institution account, women (% age 15+)",5.43631354617772,5.4,https://api.worldbank.org/v2/country/YEM/indicator/fiaccount.t.d.1?source=28&format=json&date=2022
FSG-0011,FDP-002,workforce: out of workforce,fiaccount.t.d.11,"Bank or similar financial institution account, out of laborforce (% age 15+)",6.99392941786424,7.0,https://api.worldbank.org/v2/country/YEM/indicator/fiaccount.t.d.11?source=28&format=json&date=2022
FSG-0011,FDP-002,workforce: in workforce,fiaccount.t.d.12,"Bank or similar financial institution account, in laborforce (% age 15+)",23.4936545655994,23.5,https://api.worldbank.org/v2/country/YEM/indicator/fiaccount.t.d.12?source=28&format=json&date=2022
FSG-0007,FDP-002,sex: male,fiaccount.t.d.2,"Bank or similar financial institution account, men (% age 15+)",18.3451844121311,18.3,https://api.worldbank.org/v2/country/YEM/indicator/fiaccount.t.d.2?source=28&format=json&date=2022
FSG-0008,FDP-002,age: 15-24,fiaccount.t.d.3,"Bank or similar financial institution account, young (% ages 15-24)",5.00995602610102,5.0,https://api.worldbank.org/v2/country/YEM/indicator/fiaccount.t.d.3?source=28&format=json&date=2022
FSG-0008,FDP-002,age: 25+,fiaccount.t.d.4,"Bank or similar financial institution account, older (% age 25+)",16.1080518800915,16.1,https://api.worldbank.org/v2/country/YEM/indicator/fiaccount.t.d.4?source=28&format=json&date=2022
FSG-0009,FDP-002,edu: primary or less,fiaccount.t.d.5,"Bank or similar financial institution account, primary education or less (% age 15+)",6.9816569745174,7.0,https://api.worldbank.org/v2/country/YEM/indicator/fiaccount.t.d.5?source=28&format=json&date=2022
FSG-0009,FDP-002,edu: secondary or more,fiaccount.t.d.6,"Bank or similar financial institution account, secondary education or more (% age 15+)",19.5270470575131,19.5,https://api.worldbank.org/v2/country/YEM/indicator/fiaccount.t.d.6?source=28&format=json&date=2022
FSG-0010,FDP-002,income: poorest 40%,fiaccount.t.d.7,"Bank or similar financial institution account, poorest 40% (% age 15+)",6.50493974547528,6.5,https://api.worldbank.org/v2/country/YEM/indicator/fiaccount.t.d.7?source=28&format=json&date=2022
FSG-0010,FDP-002,income: richest 60%,fiaccount.t.d.8,"Bank or similar financial institution account, richest 60% (% age 15+)",15.4967084235072,15.5,https://api.worldbank.org/v2/country/YEM/indicator/fiaccount.t.d.8?source=28&format=json&date=2022
,FDP-011,total,fin17a,Saved at a bank or similar financial institution  (% age 15+),3.06423176216409,3.1,https://api.worldbank.org/v2/country/YEM/indicator/fin17a?source=28&format=json&date=2022
,FDP-013,total,fin22a,Borrowed from a formal bank or similar financial institution  (% age 15+),1.79326303531445,1.8,https://api.worldbank.org/v2/country/YEM/indicator/fin22a?source=28&format=json&date=2022
,FDP-014,total,fin22b,Borrowed from family or friends  (% age 15+),41.0749337953646,41.1,https://api.worldbank.org/v2/country/YEM/indicator/fin22b?source=28&format=json&date=2022
FSG-0079,FDP-014,sex: female,fin22b.1,"Borrowed from family or friends, women (% age 15+)",41.144254885595,41.1,https://api.worldbank.org/v2/country/YEM/indicator/fin22b.1?source=28&format=json&date=2022
FSG-0083,FDP-014,workforce: out of workforce,fin22b.11,"Borrowed from family or friends, out of laborforce (% age 15+)",37.5910092850506,37.6,https://api.worldbank.org/v2/country/YEM/indicator/fin22b.11?source=28&format=json&date=2022
FSG-0083,FDP-014,workforce: in workforce,fin22b.12,"Borrowed from family or friends, in laborforce (% age 15+)",49.2998479817078,49.3,https://api.worldbank.org/v2/country/YEM/indicator/fin22b.12?source=28&format=json&date=2022
FSG-0079,FDP-014,sex: male,fin22b.2,"Borrowed from family or friends, men (% age 15+)",41.0058831841417,41.0,https://api.worldbank.org/v2/country/YEM/indicator/fin22b.2?source=28&format=json&date=2022
FSG-0080,FDP-014,age: 15-24,fin22b.3,"Borrowed from family or friends, young (% ages 15-24)",28.1367793449368,28.1,https://api.worldbank.org/v2/country/YEM/indicator/fin22b.3?source=28&format=json&date=2022
FSG-0080,FDP-014,age: 25+,fin22b.4,"Borrowed from family or friends, older (% age 25+)",48.9666569000823,49.0,https://api.worldbank.org/v2/country/YEM/indicator/fin22b.4?source=28&format=json&date=2022
FSG-0081,FDP-014,edu: primary or less,fin22b.5,"Borrowed from family or friends, primary education or less (% age 15+)",41.8496769706346,41.8,https://api.worldbank.org/v2/country/YEM/indicator/fin22b.5?source=28&format=json&date=2022
FSG-0081,FDP-014,edu: secondary or more,fin22b.6,"Borrowed from family or friends, secondary education or more (% age 15+)",39.8455987049614,39.8,https://api.worldbank.org/v2/country/YEM/indicator/fin22b.6?source=28&format=json&date=2022
FSG-0082,FDP-014,income: poorest 40%,fin22b.7,"Borrowed from family or friends, poorest 40% (% age 15+)",48.4138968234297,48.4,https://api.worldbank.org/v2/country/YEM/indicator/fin22b.7?source=28&format=json&date=2022
FSG-0082,FDP-014,income: richest 60%,fin22b.8,"Borrowed from family or friends, richest 60% (% age 15+)",36.1899154011649,36.2,https://api.worldbank.org/v2/country/YEM/indicator/fin22b.8?source=28&format=json&date=2022
,FDP-015,total,fin24aN,Coming up with emergency funds in 30 days: not possible  (% age 15+),10.8366540112218,10.8,https://api.worldbank.org/v2/country/YEM/indicator/fin24aN?source=28&format=json&date=2022
FSG-0085,FDP-015,sex: female,fin24aN.1,"Coming up with emergency funds in 30 days: not possible, women (% age 15+)",13.8715363173734,13.9,https://api.worldbank.org/v2/country/YEM/indicator/fin24aN.1?source=28&format=json&date=2022
FSG-0089,FDP-015,workforce: out of workforce,fin24aN.11,"Coming up with emergency funds in 30 days: not possible, out of laborforce (% age 15+)",14.278221647855,14.3,https://api.worldbank.org/v2/country/YEM/indicator/fin24aN.11?source=28&format=json&date=2022
FSG-0089,FDP-015,workforce: in workforce,fin24aN.12,"Coming up with emergency funds in 30 days: not possible, in laborforce (% age 15+)",2.71173672498215,2.7,https://api.worldbank.org/v2/country/YEM/indicator/fin24aN.12?source=28&format=json&date=2022
FSG-0085,FDP-015,sex: male,fin24aN.2,"Coming up with emergency funds in 30 days: not possible, men (% age 15+)",7.8136132954359,7.8,https://api.worldbank.org/v2/country/YEM/indicator/fin24aN.2?source=28&format=json&date=2022
FSG-0086,FDP-015,age: 15-24,fin24aN.3,"Coming up with emergency funds in 30 days: not possible, young (% ages 15-24)",10.493071178621,10.5,https://api.worldbank.org/v2/country/YEM/indicator/fin24aN.3?source=28&format=json&date=2022
FSG-0086,FDP-015,age: 25+,fin24aN.4,"Coming up with emergency funds in 30 days: not possible, older (% age 25+)",11.0462249039492,11.0,https://api.worldbank.org/v2/country/YEM/indicator/fin24aN.4?source=28&format=json&date=2022
FSG-0087,FDP-015,edu: primary or less,fin24aN.5,"Coming up with emergency funds in 30 days: not possible, primary education or less (% age 15+)",15.9286485699693,15.9,https://api.worldbank.org/v2/country/YEM/indicator/fin24aN.5?source=28&format=json&date=2022
FSG-0087,FDP-015,edu: secondary or more,fin24aN.6,"Coming up with emergency funds in 30 days: not possible, secondary education or more (% age 15+)",2.96107730194788,3.0,https://api.worldbank.org/v2/country/YEM/indicator/fin24aN.6?source=28&format=json&date=2022
FSG-0088,FDP-015,income: poorest 40%,fin24aN.7,"Coming up with emergency funds in 30 days: not possible, poorest 40% (% age 15+)",15.66305951099,15.7,https://api.worldbank.org/v2/country/YEM/indicator/fin24aN.7?source=28&format=json&date=2022
FSG-0088,FDP-015,income: richest 60%,fin24aN.8,"Coming up with emergency funds in 30 days: not possible, richest 60% (% age 15+)",7.62406395536887,7.6,https://api.worldbank.org/v2/country/YEM/indicator/fin24aN.8?source=28&format=json&date=2022
,FDP-015,total,fin24aND,Coming up with emergency funds in 30 days: possible and not difficult at all  (% age 15+),23.2094622368414,23.2,https://api.worldbank.org/v2/country/YEM/indicator/fin24aND?source=28&format=json&date=2022
FSG-0085,FDP-015,sex: female,fin24aND.1,"Coming up with emergency funds in 30 days: possible and not difficult at all, women (% age 15+)",19.3669931392436,19.4,https://api.worldbank.org/v2/country/YEM/indicator/fin24aND.1?source=28&format=json&date=2022
FSG-0089,FDP-015,workforce: out of workforce,fin24aND.11,"Coming up with emergency funds in 30 days: possible and not difficult at all, out of laborforce (% age 15+)",17.9358497014772,17.9,https://api.worldbank.org/v2/country/YEM/indicator/fin24aND.11?source=28&format=json&date=2022
FSG-0089,FDP-015,workforce: in workforce,fin24aND.12,"Coming up with emergency funds in 30 days: possible and not difficult at all, in laborforce (% age 15+)",35.659505407118,35.7,https://api.worldbank.org/v2/country/YEM/indicator/fin24aND.12?source=28&format=json&date=2022
FSG-0085,FDP-015,sex: male,fin24aND.2,"Coming up with emergency funds in 30 days: possible and not difficult at all, men (% age 15+)",27.0369386788907,27.0,https://api.worldbank.org/v2/country/YEM/indicator/fin24aND.2?source=28&format=json&date=2022
FSG-0086,FDP-015,age: 15-24,fin24aND.3,"Coming up with emergency funds in 30 days: possible and not difficult at all, young (% ages 15-24)",21.3060545059309,21.3,https://api.worldbank.org/v2/country/YEM/indicator/fin24aND.3?source=28&format=json&date=2022
FSG-0086,FDP-015,age: 25+,fin24aND.4,"Coming up with emergency funds in 30 days: possible and not difficult at all, older (% age 25+)",24.3704598756683,24.4,https://api.worldbank.org/v2/country/YEM/indicator/fin24aND.4?source=28&format=json&date=2022
FSG-0087,FDP-015,edu: primary or less,fin24aND.5,"Coming up with emergency funds in 30 days: possible and not difficult at all, primary education or less (% age 15+)",15.5031814248817,15.5,https://api.worldbank.org/v2/country/YEM/indicator/fin24aND.5?source=28&format=json&date=2022
FSG-0087,FDP-015,edu: secondary or more,fin24aND.6,"Coming up with emergency funds in 30 days: possible and not difficult at all, secondary education or more (% age 15+)",35.1487652541026,35.1,https://api.worldbank.org/v2/country/YEM/indicator/fin24aND.6?source=28&format=json&date=2022
FSG-0088,FDP-015,income: poorest 40%,fin24aND.7,"Coming up with emergency funds in 30 days: possible and not difficult at all, poorest 40% (% age 15+)",11.4810447388278,11.5,https://api.worldbank.org/v2/country/YEM/indicator/fin24aND.7?source=28&format=json&date=2022
FSG-0088,FDP-015,income: richest 60%,fin24aND.8,"Coming up with emergency funds in 30 days: possible and not difficult at all, richest 60% (% age 15+)",31.016223899702,31.0,https://api.worldbank.org/v2/country/YEM/indicator/fin24aND.8?source=28&format=json&date=2022
,FDP-015,total,fin24aP,Coming up with emergency funds in 30 days: possible  (% age 15+),89.1633459887782,89.2,https://api.worldbank.org/v2/country/YEM/indicator/fin24aP?source=28&format=json&date=2022
FSG-0085,FDP-015,sex: female,fin24aP.1,"Coming up with emergency funds in 30 days: possible, women (% age 15+)",86.1284636826266,86.1,https://api.worldbank.org/v2/country/YEM/indicator/fin24aP.1?source=28&format=json&date=2022
FSG-0089,FDP-015,workforce: out of workforce,fin24aP.11,"Coming up with emergency funds in 30 days: possible, out of laborforce (% age 15+)",85.721778352145,85.7,https://api.worldbank.org/v2/country/YEM/indicator/fin24aP.11?source=28&format=json&date=2022
FSG-0089,FDP-015,workforce: in workforce,fin24aP.12,"Coming up with emergency funds in 30 days: possible, in laborforce (% age 15+)",97.2882632750178,97.3,https://api.worldbank.org/v2/country/YEM/indicator/fin24aP.12?source=28&format=json&date=2022
FSG-0085,FDP-015,sex: male,fin24aP.2,"Coming up with emergency funds in 30 days: possible, men (% age 15+)",92.1863867045641,92.2,https://api.worldbank.org/v2/country/YEM/indicator/fin24aP.2?source=28&format=json&date=2022
FSG-0086,FDP-015,age: 15-24,fin24aP.3,"Coming up with emergency funds in 30 days: possible, young (% ages 15-24)",89.506928821379,89.5,https://api.worldbank.org/v2/country/YEM/indicator/fin24aP.3?source=28&format=json&date=2022
FSG-0086,FDP-015,age: 25+,fin24aP.4,"Coming up with emergency funds in 30 days: possible, older (% age 25+)",88.9537750960508,89.0,https://api.worldbank.org/v2/country/YEM/indicator/fin24aP.4?source=28&format=json&date=2022
FSG-0087,FDP-015,edu: primary or less,fin24aP.5,"Coming up with emergency funds in 30 days: possible, primary education or less (% age 15+)",84.0713514300308,84.1,https://api.worldbank.org/v2/country/YEM/indicator/fin24aP.5?source=28&format=json&date=2022
FSG-0087,FDP-015,edu: secondary or more,fin24aP.6,"Coming up with emergency funds in 30 days: possible, secondary education or more (% age 15+)",97.0389226980521,97.0,https://api.worldbank.org/v2/country/YEM/indicator/fin24aP.6?source=28&format=json&date=2022
FSG-0088,FDP-015,income: poorest 40%,fin24aP.7,"Coming up with emergency funds in 30 days: possible, poorest 40% (% age 15+)",84.3369404890099,84.3,https://api.worldbank.org/v2/country/YEM/indicator/fin24aP.7?source=28&format=json&date=2022
FSG-0088,FDP-015,income: richest 60%,fin24aP.8,"Coming up with emergency funds in 30 days: possible, richest 60% (% age 15+)",92.3759360446311,92.4,https://api.worldbank.org/v2/country/YEM/indicator/fin24aP.8?source=28&format=json&date=2022
,FDP-015,total,fin24aSD,Coming up with emergency funds in 30 days: possible and somewhat difficult  (% age 15+),40.3684544098576,40.4,https://api.worldbank.org/v2/country/YEM/indicator/fin24aSD?source=28&format=json&date=2022
FSG-0085,FDP-015,sex: female,fin24aSD.1,"Coming up with emergency funds in 30 days: possible and somewhat difficult, women (% age 15+)",40.7841638482635,40.8,https://api.worldbank.org/v2/country/YEM/indicator/fin24aSD.1?source=28&format=json&date=2022
FSG-0089,FDP-015,workforce: out of workforce,fin24aSD.11,"Coming up with emergency funds in 30 days: possible and somewhat difficult, out of laborforce (% age 15+)",41.0561128733181,41.1,https://api.worldbank.org/v2/country/YEM/indicator/fin24aSD.11?source=28&format=json&date=2022
FSG-0089,FDP-015,workforce: in workforce,fin24aSD.12,"Coming up with emergency funds in 30 days: possible and somewhat difficult, in laborforce (% age 15+)",38.7450174396444,38.7,https://api.worldbank.org/v2/country/YEM/indicator/fin24aSD.12?source=28&format=json&date=2022
FSG-0085,FDP-015,sex: male,fin24aSD.2,"Coming up with emergency funds in 30 days: possible and somewhat difficult, men (% age 15+)",39.9543669983984,40.0,https://api.worldbank.org/v2/country/YEM/indicator/fin24aSD.2?source=28&format=json&date=2022
FSG-0086,FDP-015,age: 15-24,fin24aSD.3,"Coming up with emergency funds in 30 days: possible and somewhat difficult, young (% ages 15-24)",45.9309787349935,45.9,https://api.worldbank.org/v2/country/YEM/indicator/fin24aSD.3?source=28&format=json&date=2022
FSG-0086,FDP-015,age: 25+,fin24aSD.4,"Coming up with emergency funds in 30 days: possible and somewhat difficult, older (% age 25+)",36.97555151127,37.0,https://api.worldbank.org/v2/country/YEM/indicator/fin24aSD.4?source=28&format=json&date=2022
FSG-0087,FDP-015,edu: primary or less,fin24aSD.5,"Coming up with emergency funds in 30 days: possible and somewhat difficult, primary education or less (% age 15+)",37.0601723538652,37.1,https://api.worldbank.org/v2/country/YEM/indicator/fin24aSD.5?source=28&format=json&date=2022
FSG-0087,FDP-015,edu: secondary or more,fin24aSD.6,"Coming up with emergency funds in 30 days: possible and somewhat difficult, secondary education or more (% age 15+)",45.4582599481964,45.5,https://api.worldbank.org/v2/country/YEM/indicator/fin24aSD.6?source=28&format=json&date=2022
FSG-0088,FDP-015,income: poorest 40%,fin24aSD.7,"Coming up with emergency funds in 30 days: possible and somewhat difficult, poorest 40% (% age 15+)",39.1029883716056,39.1,https://api.worldbank.org/v2/country/YEM/indicator/fin24aSD.7?source=28&format=json&date=2022
FSG-0088,FDP-015,income: richest 60%,fin24aSD.8,"Coming up with emergency funds in 30 days: possible and somewhat difficult, richest 60% (% age 15+)",41.210783884806,41.2,https://api.worldbank.org/v2/country/YEM/indicator/fin24aSD.8?source=28&format=json&date=2022
,FDP-015,total,fin24aSD_ND,Coming up with emergency funds in 30 days: possible and not difficult or somewhat difficult  (% age 15+),63.577916646699,63.6,https://api.worldbank.org/v2/country/YEM/indicator/fin24aSD_ND?source=28&format=json&date=2022
FSG-0085,FDP-015,sex: female,fin24aSD_ND.1,"Coming up with emergency funds in 30 days: possible and not difficult or somewhat difficult, women (% age 15+)",60.1511569875071,60.2,https://api.worldbank.org/v2/country/YEM/indicator/fin24aSD_ND.1?source=28&format=json&date=2022
FSG-0089,FDP-015,workforce: out of workforce,fin24aSD_ND.11,"Coming up with emergency funds in 30 days: possible and not difficult or somewhat difficult, out of laborforce (% age 15+)",58.9919625747953,59.0,https://api.worldbank.org/v2/country/YEM/indicator/fin24aSD_ND.11?source=28&format=json&date=2022
FSG-0089,FDP-015,workforce: in workforce,fin24aSD_ND.12,"Coming up with emergency funds in 30 days: possible and not difficult or somewhat difficult, in laborforce (% age 15+)",74.4045228467624,74.4,https://api.worldbank.org/v2/country/YEM/indicator/fin24aSD_ND.12?source=28&format=json&date=2022
FSG-0085,FDP-015,sex: male,fin24aSD_ND.2,"Coming up with emergency funds in 30 days: possible and not difficult or somewhat difficult, men (% age 15+)",66.991305677289,67.0,https://api.worldbank.org/v2/country/YEM/indicator/fin24aSD_ND.2?source=28&format=json&date=2022
FSG-0086,FDP-015,age: 15-24,fin24aSD_ND.3,"Coming up with emergency funds in 30 days: possible and not difficult or somewhat difficult, young (% ages 15-24)",67.2370332409245,67.2,https://api.worldbank.org/v2/country/YEM/indicator/fin24aSD_ND.3?source=28&format=json&date=2022
FSG-0086,FDP-015,age: 25+,fin24aSD_ND.4,"Coming up with emergency funds in 30 days: possible and not difficult or somewhat difficult, older (% age 25+)",61.3460113869383,61.3,https://api.worldbank.org/v2/country/YEM/indicator/fin24aSD_ND.4?source=28&format=json&date=2022
FSG-0087,FDP-015,edu: primary or less,fin24aSD_ND.5,"Coming up with emergency funds in 30 days: possible and not difficult or somewhat difficult, primary education or less (% age 15+)",52.5633537787468,52.6,https://api.worldbank.org/v2/country/YEM/indicator/fin24aSD_ND.5?source=28&format=json&date=2022
FSG-0087,FDP-015,edu: secondary or more,fin24aSD_ND.6,"Coming up with emergency funds in 30 days: possible and not difficult or somewhat difficult, secondary education or more (% age 15+)",80.6070252022991,80.6,https://api.worldbank.org/v2/country/YEM/indicator/fin24aSD_ND.6?source=28&format=json&date=2022
FSG-0088,FDP-015,income: poorest 40%,fin24aSD_ND.7,"Coming up with emergency funds in 30 days: possible and not difficult or somewhat difficult, poorest 40% (% age 15+)",50.5840331104333,50.6,https://api.worldbank.org/v2/country/YEM/indicator/fin24aSD_ND.7?source=28&format=json&date=2022
FSG-0088,FDP-015,income: richest 60%,fin24aSD_ND.8,"Coming up with emergency funds in 30 days: possible and not difficult or somewhat difficult, richest 60% (% age 15+)",72.2270077845081,72.2,https://api.worldbank.org/v2/country/YEM/indicator/fin24aSD_ND.8?source=28&format=json&date=2022
,FDP-015,total,fin24aVD,Coming up with emergency funds in 30 days: possible and very difficult  (% age 15+),25.0525685542679,25.1,https://api.worldbank.org/v2/country/YEM/indicator/fin24aVD?source=28&format=json&date=2022
FSG-0085,FDP-015,sex: female,fin24aVD.1,"Coming up with emergency funds in 30 days: possible and very difficult, women (% age 15+)",25.3316060691963,25.3,https://api.worldbank.org/v2/country/YEM/indicator/fin24aVD.1?source=28&format=json&date=2022
FSG-0089,FDP-015,workforce: out of workforce,fin24aVD.11,"Coming up with emergency funds in 30 days: possible and very difficult, out of laborforce (% age 15+)",25.9999012266825,26.0,https://api.worldbank.org/v2/country/YEM/indicator/fin24aVD.11?source=28&format=json&date=2022
FSG-0089,FDP-015,workforce: in workforce,fin24aVD.12,"Coming up with emergency funds in 30 days: possible and very difficult, in laborforce (% age 15+)",22.8160878516974,22.8,https://api.worldbank.org/v2/country/YEM/indicator/fin24aVD.12?source=28&format=json&date=2022
FSG-0085,FDP-015,sex: male,fin24aVD.2,"Coming up with emergency funds in 30 days: possible and very difficult, men (% age 15+)",24.774619795876,24.8,https://api.worldbank.org/v2/country/YEM/indicator/fin24aVD.2?source=28&format=json&date=2022
FSG-0086,FDP-015,age: 15-24,fin24aVD.3,"Coming up with emergency funds in 30 days: possible and very difficult, young (% ages 15-24)",21.4194112202865,21.4,https://api.worldbank.org/v2/country/YEM/indicator/fin24aVD.3?source=28&format=json&date=2022
FSG-0086,FDP-015,age: 25+,fin24aVD.4,"Coming up with emergency funds in 30 days: possible and very difficult, older (% age 25+)",27.268639771033,27.3,https://api.worldbank.org/v2/country/YEM/indicator/fin24aVD.4?source=28&format=json&date=2022
FSG-0087,FDP-015,edu: primary or less,fin24aVD.5,"Coming up with emergency funds in 30 days: possible and very difficult, primary education or less (% age 15+)",30.7847792835072,30.8,https://api.worldbank.org/v2/country/YEM/indicator/fin24aVD.5?source=28&format=json&date=2022
FSG-0087,FDP-015,edu: secondary or more,fin24aVD.6,"Coming up with emergency funds in 30 days: possible and very difficult, secondary education or more (% age 15+)",16.1933893497429,16.2,https://api.worldbank.org/v2/country/YEM/indicator/fin24aVD.6?source=28&format=json&date=2022
FSG-0088,FDP-015,income: poorest 40%,fin24aVD.7,"Coming up with emergency funds in 30 days: possible and very difficult, poorest 40% (% age 15+)",33.1304434133241,33.1,https://api.worldbank.org/v2/country/YEM/indicator/fin24aVD.7?source=28&format=json&date=2022
FSG-0088,FDP-015,income: richest 60%,fin24aVD.8,"Coming up with emergency funds in 30 days: possible and very difficult, richest 60% (% age 15+)",19.6757098452608,19.7,https://api.worldbank.org/v2/country/YEM/indicator/fin24aVD.8?source=28&format=json&date=2022
,FDP-017,total,fh1,Sent domestic remittances  (% age 15+),17.6714332248251,17.7,https://api.worldbank.org/v2/country/YEM/indicator/fh1?source=28&format=json&date=2022
FSG-0097,FDP-017,sex: female,fh1.1,"Sent domestic remittances, women (% age 15+)",8.58882037842272,8.6,https://api.worldbank.org/v2/country/YEM/indicator/fh1.1?source=28&format=json&date=2022
FSG-0101,FDP-017,workforce: out of workforce,fh1.11,"Sent domestic remittances, out of laborforce (% age 15+)",9.21692859146651,9.2,https://api.worldbank.org/v2/country/YEM/indicator/fh1.11?source=28&format=json&date=2022
FSG-0101,FDP-017,workforce: in workforce,fh1.12,"Sent domestic remittances, in laborforce (% age 15+)",37.6309859911244,37.6,https://api.worldbank.org/v2/country/YEM/indicator/fh1.12?source=28&format=json&date=2022
FSG-0097,FDP-017,sex: male,fh1.2,"Sent domestic remittances, men (% age 15+)",26.7186072733015,26.7,https://api.worldbank.org/v2/country/YEM/indicator/fh1.2?source=28&format=json&date=2022
FSG-0098,FDP-017,age: 15-24,fh1.3,"Sent domestic remittances, young (% ages 15-24)",15.6091246798087,15.6,https://api.worldbank.org/v2/country/YEM/indicator/fh1.3?source=28&format=json&date=2022
FSG-0098,FDP-017,age: 25+,fh1.4,"Sent domestic remittances, older (% age 25+)",18.9293535917616,18.9,https://api.worldbank.org/v2/country/YEM/indicator/fh1.4?source=28&format=json&date=2022
FSG-0099,FDP-017,edu: primary or less,fh1.5,"Sent domestic remittances, primary education or less (% age 15+)",9.67389142089313,9.7,https://api.worldbank.org/v2/country/YEM/indicator/fh1.5?source=28&format=json&date=2022
FSG-0099,FDP-017,edu: secondary or more,fh1.6,"Sent domestic remittances, secondary education or more (% age 15+)",30.0586947064387,30.1,https://api.worldbank.org/v2/country/YEM/indicator/fh1.6?source=28&format=json&date=2022
FSG-0100,FDP-017,income: poorest 40%,fh1.7,"Sent domestic remittances, poorest 40% (% age 15+)",9.94381772160671,9.9,https://api.worldbank.org/v2/country/YEM/indicator/fh1.7?source=28&format=json&date=2022
FSG-0100,FDP-017,income: richest 60%,fh1.8,"Sent domestic remittances, richest 60% (% age 15+)",22.815149541717,22.8,https://api.worldbank.org/v2/country/YEM/indicator/fh1.8?source=28&format=json&date=2022
,FDP-018,total,fh2,Received domestic remittances  (% age 15+),31.9313981068809,31.9,https://api.worldbank.org/v2/country/YEM/indicator/fh2?source=28&format=json&date=2022
FSG-0103,FDP-018,sex: female,fh2.1,"Received domestic remittances, women (% age 15+)",25.504345127995,25.5,https://api.worldbank.org/v2/country/YEM/indicator/fh2.1?source=28&format=json&date=2022
FSG-0107,FDP-018,workforce: out of workforce,fh2.11,"Received domestic remittances, out of laborforce (% age 15+)",26.3893240630628,26.4,https://api.worldbank.org/v2/country/YEM/indicator/fh2.11?source=28&format=json&date=2022
FSG-0107,FDP-018,workforce: in workforce,fh2.12,"Received domestic remittances, in laborforce (% age 15+)",45.0152302306305,45.0,https://api.worldbank.org/v2/country/YEM/indicator/fh2.12?source=28&format=json&date=2022
FSG-0103,FDP-018,sex: male,fh2.2,"Received domestic remittances, men (% age 15+)",38.3333738270936,38.3,https://api.worldbank.org/v2/country/YEM/indicator/fh2.2?source=28&format=json&date=2022
FSG-0104,FDP-018,age: 15-24,fh2.3,"Received domestic remittances, young (% ages 15-24)",26.6672800552033,26.7,https://api.worldbank.org/v2/country/YEM/indicator/fh2.3?source=28&format=json&date=2022
FSG-0104,FDP-018,age: 25+,fh2.4,"Received domestic remittances, older (% age 25+)",35.1422858894899,35.1,https://api.worldbank.org/v2/country/YEM/indicator/fh2.4?source=28&format=json&date=2022
FSG-0105,FDP-018,edu: primary or less,fh2.5,"Received domestic remittances, primary education or less (% age 15+)",25.1952658848162,25.2,https://api.worldbank.org/v2/country/YEM/indicator/fh2.5?source=28&format=json&date=2022
FSG-0105,FDP-018,edu: secondary or more,fh2.6,"Received domestic remittances, secondary education or more (% age 15+)",42.3736274768921,42.4,https://api.worldbank.org/v2/country/YEM/indicator/fh2.6?source=28&format=json&date=2022
FSG-0106,FDP-018,income: poorest 40%,fh2.7,"Received domestic remittances, poorest 40% (% age 15+)",24.6553223421261,24.7,https://api.worldbank.org/v2/country/YEM/indicator/fh2.7?source=28&format=json&date=2022
FSG-0106,FDP-018,income: richest 60%,fh2.8,"Received domestic remittances, richest 60% (% age 15+)",36.7745569853893,36.8,https://api.worldbank.org/v2/country/YEM/indicator/fh2.8?source=28&format=json&date=2022
,FDP-019,total,fin32,Received wages  (% age 15+),12.3567460054291,12.4,https://api.worldbank.org/v2/country/YEM/indicator/fin32?source=28&format=json&date=2022
FSG-0109,FDP-019,sex: female,fin32.1,"Received wages, women (% age 15+)",5.90161269819338,5.9,https://api.worldbank.org/v2/country/YEM/indicator/fin32.1?source=28&format=json&date=2022
FSG-0113,FDP-019,workforce: out of workforce,fin32.11,"Received wages, out of laborforce (% age 15+)",5.3569778473739,5.4,https://api.worldbank.org/v2/country/YEM/indicator/fin32.11?source=28&format=json&date=2022
FSG-0113,FDP-019,workforce: in workforce,fin32.12,"Received wages, in laborforce (% age 15+)",28.8819296751271,28.9,https://api.worldbank.org/v2/country/YEM/indicator/fin32.12?source=28&format=json&date=2022
FSG-0109,FDP-019,sex: male,fin32.2,"Received wages, men (% age 15+)",18.7866924893653,18.8,https://api.worldbank.org/v2/country/YEM/indicator/fin32.2?source=28&format=json&date=2022
FSG-0110,FDP-019,age: 15-24,fin32.3,"Received wages, young (% ages 15-24)",9.69147844155013,9.7,https://api.worldbank.org/v2/country/YEM/indicator/fin32.3?source=28&format=json&date=2022
FSG-0110,FDP-019,age: 25+,fin32.4,"Received wages, older (% age 25+)",13.9824456903964,14.0,https://api.worldbank.org/v2/country/YEM/indicator/fin32.4?source=28&format=json&date=2022
FSG-0111,FDP-019,edu: primary or less,fin32.5,"Received wages, primary education or less (% age 15+)",6.8848561294278,6.9,https://api.worldbank.org/v2/country/YEM/indicator/fin32.5?source=28&format=json&date=2022
FSG-0111,FDP-019,edu: secondary or more,fin32.6,"Received wages, secondary education or more (% age 15+)",20.8322030464019,20.8,https://api.worldbank.org/v2/country/YEM/indicator/fin32.6?source=28&format=json&date=2022
FSG-0112,FDP-019,income: poorest 40%,fin32.7,"Received wages, poorest 40% (% age 15+)",10.3361268049683,10.3,https://api.worldbank.org/v2/country/YEM/indicator/fin32.7?source=28&format=json&date=2022
FSG-0112,FDP-019,income: richest 60%,fin32.8,"Received wages, richest 60% (% age 15+)",13.701726478035,13.7,https://api.worldbank.org/v2/country/YEM/indicator/fin32.8?source=28&format=json&date=2022
,FDP-020,total,fin37,Received government transfer  (% age 15+),3.76321147207714,3.8,https://api.worldbank.org/v2/country/YEM/indicator/fin37?source=28&format=json&date=2022
,FDP-021,total,fin42,"Received payments for the sale of agricultural products, livestock, or crops  (% age 15+)",28.9095892359127,28.9,https://api.worldbank.org/v2/country/YEM/indicator/fin42?source=28&format=json&date=2022
FSG-0121,FDP-021,sex: female,fin42.1,"Received payments for the sale of agricultural products, livestock, or crops, women (% age 15+)",24.0106346301895,24.0,https://api.worldbank.org/v2/country/YEM/indicator/fin42.1?source=28&format=json&date=2022
FSG-0125,FDP-021,workforce: out of workforce,fin42.11,"Received payments for the sale of agricultural products, livestock, or crops, out of laborforce (% age 15+)",23.4259223794898,23.4,https://api.worldbank.org/v2/country/YEM/indicator/fin42.11?source=28&format=json&date=2022
FSG-0125,FDP-021,workforce: in workforce,fin42.12,"Received payments for the sale of agricultural products, livestock, or crops, in laborforce (% age 15+)",41.8555325785566,41.9,https://api.worldbank.org/v2/country/YEM/indicator/fin42.12?source=28&format=json&date=2022
FSG-0121,FDP-021,sex: male,fin42.2,"Received payments for the sale of agricultural products, livestock, or crops, men (% age 15+)",33.7894289607909,33.8,https://api.worldbank.org/v2/country/YEM/indicator/fin42.2?source=28&format=json&date=2022
FSG-0122,FDP-021,age: 15-24,fin42.3,"Received payments for the sale of agricultural products, livestock, or crops, young (% ages 15-24)",23.4852647798418,23.5,https://api.worldbank.org/v2/country/YEM/indicator/fin42.3?source=28&format=json&date=2022
FSG-0122,FDP-021,age: 25+,fin42.4,"Received payments for the sale of agricultural products, livestock, or crops, older (% age 25+)",32.218196101094,32.2,https://api.worldbank.org/v2/country/YEM/indicator/fin42.4?source=28&format=json&date=2022
FSG-0123,FDP-021,edu: primary or less,fin42.5,"Received payments for the sale of agricultural products, livestock, or crops, primary education or less (% age 15+)",28.4796918557576,28.5,https://api.worldbank.org/v2/country/YEM/indicator/fin42.5?source=28&format=json&date=2022
FSG-0123,FDP-021,edu: secondary or more,fin42.6,"Received payments for the sale of agricultural products, livestock, or crops, secondary education or more (% age 15+)",29.5384964428914,29.5,https://api.worldbank.org/v2/country/YEM/indicator/fin42.6?source=28&format=json&date=2022
FSG-0124,FDP-021,income: poorest 40%,fin42.7,"Received payments for the sale of agricultural products, livestock, or crops, poorest 40% (% age 15+)",27.7803504177524,27.8,https://api.worldbank.org/v2/country/YEM/indicator/fin42.7?source=28&format=json&date=2022
FSG-0124,FDP-021,income: richest 60%,fin42.8,"Received payments for the sale of agricultural products, livestock, or crops, richest 60% (% age 15+)",29.6612420752938,29.7,https://api.worldbank.org/v2/country/YEM/indicator/fin42.8?source=28&format=json&date=2022
WB-FINDEX-OBS-2022-010,FDP-026,total,save.any.t.d,Saved any money  (% age 15+),21.6445272422787,21.6,https://api.worldbank.org/v2/country/YEM/indicator/save.any.t.d?source=28&format=json&date=2022
FSG-0151,FDP-026,sex: female,save.any.t.d.1,"Saved any money, women (% age 15+)",16.2215538480094,16.2,https://api.worldbank.org/v2/country/YEM/indicator/save.any.t.d.1?source=28&format=json&date=2022
FSG-0155,FDP-026,workforce: out of workforce,save.any.t.d.11,"Saved any money, out of laborforce (% age 15+)",16.5903381958194,16.6,https://api.worldbank.org/v2/country/YEM/indicator/save.any.t.d.11?source=28&format=json&date=2022
FSG-0155,FDP-026,workforce: in workforce,save.any.t.d.12,"Saved any money, in laborforce (% age 15+)",33.576551333391,33.6,https://api.worldbank.org/v2/country/YEM/indicator/save.any.t.d.12?source=28&format=json&date=2022
FSG-0151,FDP-026,sex: male,save.any.t.d.2,"Saved any money, men (% age 15+)",27.0463411242437,27.0,https://api.worldbank.org/v2/country/YEM/indicator/save.any.t.d.2?source=28&format=json&date=2022
FSG-0152,FDP-026,age: 15-24,save.any.t.d.3,"Saved any money, young (% ages 15-24)",24.4618149275628,24.5,https://api.worldbank.org/v2/country/YEM/indicator/save.any.t.d.3?source=28&format=json&date=2022
FSG-0152,FDP-026,age: 25+,save.any.t.d.4,"Saved any money, older (% age 25+)",19.9261017586612,19.9,https://api.worldbank.org/v2/country/YEM/indicator/save.any.t.d.4?source=28&format=json&date=2022
FSG-0153,FDP-026,edu: primary or less,save.any.t.d.5,"Saved any money, primary education or less (% age 15+)",13.3978362607057,13.4,https://api.worldbank.org/v2/country/YEM/indicator/save.any.t.d.5?source=28&format=json&date=2022
FSG-0153,FDP-026,edu: secondary or more,save.any.t.d.6,"Saved any money, secondary education or more (% age 15+)",34.4194474461155,34.4,https://api.worldbank.org/v2/country/YEM/indicator/save.any.t.d.6?source=28&format=json&date=2022
FSG-0154,FDP-026,income: poorest 40%,save.any.t.d.7,"Saved any money, poorest 40% (% age 15+)",13.0712706936109,13.1,https://api.worldbank.org/v2/country/YEM/indicator/save.any.t.d.7?source=28&format=json&date=2022
FSG-0154,FDP-026,income: richest 60%,save.any.t.d.8,"Saved any money, richest 60% (% age 15+)",27.3511258146217,27.4,https://api.worldbank.org/v2/country/YEM/indicator/save.any.t.d.8?source=28&format=json&date=2022
WB-FINDEX-OBS-2022-011,FDP-027,total,borrow.any.t.d,Borrowed any money  (% age 15+),51.2811034475895,51.3,https://api.worldbank.org/v2/country/YEM/indicator/borrow.any.t.d?source=28&format=json&date=2022
FSG-0157,FDP-027,sex: female,borrow.any.t.d.1,"Borrowed any money, women (% age 15+)",48.1802648950432,48.2,https://api.worldbank.org/v2/country/YEM/indicator/borrow.any.t.d.1?source=28&format=json&date=2022
FSG-0161,FDP-027,workforce: out of workforce,borrow.any.t.d.11,"Borrowed any money, out of laborforce (% age 15+)",46.4192330839913,46.4,https://api.worldbank.org/v2/country/YEM/indicator/borrow.any.t.d.11?source=28&format=json&date=2022
FSG-0161,FDP-027,workforce: in workforce,borrow.any.t.d.12,"Borrowed any money, in laborforce (% age 15+)",62.7590979929181,62.8,https://api.worldbank.org/v2/country/YEM/indicator/borrow.any.t.d.12?source=28&format=json&date=2022
FSG-0157,FDP-027,sex: male,borrow.any.t.d.2,"Borrowed any money, men (% age 15+)",54.3698430598063,54.4,https://api.worldbank.org/v2/country/YEM/indicator/borrow.any.t.d.2?source=28&format=json&date=2022
FSG-0158,FDP-027,age: 15-24,borrow.any.t.d.3,"Borrowed any money, young (% ages 15-24)",42.3746010466588,42.4,https://api.worldbank.org/v2/country/YEM/indicator/borrow.any.t.d.3?source=28&format=json&date=2022
FSG-0158,FDP-027,age: 25+,borrow.any.t.d.4,"Borrowed any money, older (% age 25+)",56.713690533248,56.7,https://api.worldbank.org/v2/country/YEM/indicator/borrow.any.t.d.4?source=28&format=json&date=2022
FSG-0159,FDP-027,edu: primary or less,borrow.any.t.d.5,"Borrowed any money, primary education or less (% age 15+)",49.6956456164215,49.7,https://api.worldbank.org/v2/country/YEM/indicator/borrow.any.t.d.5?source=28&format=json&date=2022
FSG-0159,FDP-027,edu: secondary or more,borrow.any.t.d.6,"Borrowed any money, secondary education or more (% age 15+)",53.7100052397767,53.7,https://api.worldbank.org/v2/country/YEM/indicator/borrow.any.t.d.6?source=28&format=json&date=2022
FSG-0160,FDP-027,income: poorest 40%,borrow.any.t.d.7,"Borrowed any money, poorest 40% (% age 15+)",56.3909168195487,56.4,https://api.worldbank.org/v2/country/YEM/indicator/borrow.any.t.d.7?source=28&format=json&date=2022
FSG-0160,FDP-027,income: richest 60%,borrow.any.t.d.8,"Borrowed any money, richest 60% (% age 15+)",47.8798692108871,47.9,https://api.worldbank.org/v2/country/YEM/indicator/borrow.any.t.d.8?source=28&format=json&date=2022
,FDP-028,total,fh1.fh2,Sent or received domestic remittances  (% age 15+),37.7705325180586,37.8,https://api.worldbank.org/v2/country/YEM/indicator/fh1.fh2?source=28&format=json&date=2022
FSG-0163,FDP-028,sex: female,fh1.fh2.1,"Sent or received domestic remittances, women (% age 15+)",27.823355489313,27.8,https://api.worldbank.org/v2/country/YEM/indicator/fh1.fh2.1?source=28&format=json&date=2022
FSG-0167,FDP-028,workforce: out of workforce,fh1.fh2.11,"Sent or received domestic remittances, out of laborforce (% age 15+)",29.0870248074433,29.1,https://api.worldbank.org/v2/country/YEM/indicator/fh1.fh2.11?source=28&format=json&date=2022
FSG-0167,FDP-028,workforce: in workforce,fh1.fh2.12,"Sent or received domestic remittances, in laborforce (% age 15+)",58.2707200349872,58.3,https://api.worldbank.org/v2/country/YEM/indicator/fh1.fh2.12?source=28&format=json&date=2022
FSG-0163,FDP-028,sex: male,fh1.fh2.2,"Sent or received domestic remittances, men (% age 15+)",47.678897367686,47.7,https://api.worldbank.org/v2/country/YEM/indicator/fh1.fh2.2?source=28&format=json&date=2022
FSG-0164,FDP-028,age: 15-24,fh1.fh2.3,"Sent or received domestic remittances, young (% ages 15-24)",33.7453238553724,33.7,https://api.worldbank.org/v2/country/YEM/indicator/fh1.fh2.3?source=28&format=json&date=2022
FSG-0164,FDP-028,age: 25+,fh1.fh2.4,"Sent or received domestic remittances, older (% age 25+)",40.225738345624,40.2,https://api.worldbank.org/v2/country/YEM/indicator/fh1.fh2.4?source=28&format=json&date=2022
FSG-0165,FDP-028,edu: primary or less,fh1.fh2.5,"Sent or received domestic remittances, primary education or less (% age 15+)",28.4112816220336,28.4,https://api.worldbank.org/v2/country/YEM/indicator/fh1.fh2.5?source=28&format=json&date=2022
FSG-0165,FDP-028,edu: secondary or more,fh1.fh2.6,"Sent or received domestic remittances, secondary education or more (% age 15+)",52.2756895225781,52.3,https://api.worldbank.org/v2/country/YEM/indicator/fh1.fh2.6?source=28&format=json&date=2022
FSG-0166,FDP-028,income: poorest 40%,fh1.fh2.7,"Sent or received domestic remittances, poorest 40% (% age 15+)",28.7350991469493,28.7,https://api.worldbank.org/v2/country/YEM/indicator/fh1.fh2.7?source=28&format=json&date=2022
FSG-0166,FDP-028,income: richest 60%,fh1.fh2.8,"Sent or received domestic remittances, richest 60% (% age 15+)",43.784768868432,43.8,https://api.worldbank.org/v2/country/YEM/indicator/fh1.fh2.8?source=28&format=json&date=2022
WB-FINDEX-OBS-2022-012,FDP-031,total,g20.any,Made or received a digital payment  (% age 15+),9.33455931917802,9.3,https://api.worldbank.org/v2/country/YEM/indicator/g20.any?source=28&format=json&date=2022
,FDP-032,total,merchant.pay,Made a digital merchant payment  (% age 15+),0.610879263962454,0.6,https://api.worldbank.org/v2/country/YEM/indicator/merchant.pay?source=28&format=json&date=2022
,,total,fin10,Owns a credit card  (% age 15+),0.506842961915591,0.5,https://api.worldbank.org/v2/country/YEM/indicator/fin10?source=28&format=json&date=2022
,,total,fin17a.17a1.d,Saved at a bank or similar financial institution or using a mobile money account  (% age 15+),3.06423176216409,3.1,https://api.worldbank.org/v2/country/YEM/indicator/fin17a.17a1.d?source=28&format=json&date=2022
,,total,fin17c,Saved using a savings club or a person outside the family  (% age 15+),5.43607276444323,5.4,https://api.worldbank.org/v2/country/YEM/indicator/fin17c?source=28&format=json&date=2022
,,total,fin2.t.d,Owns a debit card  (% age 15+),4.21460680503208,4.2,https://api.worldbank.org/v2/country/YEM/indicator/fin2.t.d?source=28&format=json&date=2022
,,total,fin22a.22a1.22g.d,Borrowed any money from a formal bank or similar financial institution or using a mobile money account  (% age 15+),1.79326303531445,1.8,https://api.worldbank.org/v2/country/YEM/indicator/fin22a.22a1.22g.d?source=28&format=json&date=2022
,,total,fin22c,Borrowed from a savings club  (% age 15+),0.595313090391001,0.6,https://api.worldbank.org/v2/country/YEM/indicator/fin22c?source=28&format=json&date=2022
,,total,fin22d,Borrowed for health or medical purposes  (% age 15+),27.3126894015007,27.3,https://api.worldbank.org/v2/country/YEM/indicator/fin22d?source=28&format=json&date=2022
,,sex: female,fin22d.1,"Borrowed for health or medical purposes, women (% age 15+)",26.4499380313931,26.4,https://api.worldbank.org/v2/country/YEM/indicator/fin22d.1?source=28&format=json&date=2022
,,workforce: out of workforce,fin22d.11,"Borrowed for health or medical purposes, out of laborforce (% age 15+)",25.1379970240878,25.1,https://api.worldbank.org/v2/country/YEM/indicator/fin22d.11?source=28&format=json&date=2022
,,workforce: in workforce,fin22d.12,"Borrowed for health or medical purposes, in laborforce (% age 15+)",32.446743865931,32.4,https://api.worldbank.org/v2/country/YEM/indicator/fin22d.12?source=28&format=json&date=2022
,,sex: male,fin22d.2,"Borrowed for health or medical purposes, men (% age 15+)",28.1720744636986,28.2,https://api.worldbank.org/v2/country/YEM/indicator/fin22d.2?source=28&format=json&date=2022
,,age: 15-24,fin22d.3,"Borrowed for health or medical purposes, young (% ages 15-24)",22.7094539677137,22.7,https://api.worldbank.org/v2/country/YEM/indicator/fin22d.3?source=28&format=json&date=2022
,,age: 25+,fin22d.4,"Borrowed for health or medical purposes, older (% age 25+)",30.1204669379693,30.1,https://api.worldbank.org/v2/country/YEM/indicator/fin22d.4?source=28&format=json&date=2022
,,edu: primary or less,fin22d.5,"Borrowed for health or medical purposes, primary education or less (% age 15+)",28.2792711837031,28.3,https://api.worldbank.org/v2/country/YEM/indicator/fin22d.5?source=28&format=json&date=2022
,,edu: secondary or more,fin22d.6,"Borrowed for health or medical purposes, secondary education or more (% age 15+)",25.7793765919602,25.8,https://api.worldbank.org/v2/country/YEM/indicator/fin22d.6?source=28&format=json&date=2022
,,income: poorest 40%,fin22d.7,"Borrowed for health or medical purposes, poorest 40% (% age 15+)",32.9220747231058,32.9,https://api.worldbank.org/v2/country/YEM/indicator/fin22d.7?source=28&format=json&date=2022
,,income: richest 60%,fin22d.8,"Borrowed for health or medical purposes, richest 60% (% age 15+)",23.5789261475632,23.6,https://api.worldbank.org/v2/country/YEM/indicator/fin22d.8?source=28&format=json&date=2022
,,total,fin22g,Used a credit card  (% age 15+),0.506842961915591,0.5,https://api.worldbank.org/v2/country/YEM/indicator/fin22g?source=28&format=json&date=2022
,,total,fin22h,Paid off all credit card balances in full by their due date  (% age 15+),0.452390076775118,0.5,https://api.worldbank.org/v2/country/YEM/indicator/fin22h?source=28&format=json&date=2022
,,total,fin24bor,"Main source of emergency funds in 30 days: loan from a bank, employer, or private lender  (% age 15+)",4.69989458648123,4.7,https://api.worldbank.org/v2/country/YEM/indicator/fin24bor?source=28&format=json&date=2022
,,total,fin24bor_SD_ND,"Main source of emergency funds in 30 days: borrowing, possible and not difficult or somewhat difficult  (% age 15+)",2.48783612703152,2.5,https://api.worldbank.org/v2/country/YEM/indicator/fin24bor_SD_ND?source=28&format=json&date=2022
,,total,fin24bor_VD,"Main source of emergency funds in 30 days: borrowing, possible and very difficult  (% age 15+)",2.21205845944972,2.2,https://api.worldbank.org/v2/country/YEM/indicator/fin24bor_VD?source=28&format=json&date=2022
,,total,fin24fam,Main source of emergency funds in 30 days: family or friends  (% age 15+),64.1624711911639,64.2,https://api.worldbank.org/v2/country/YEM/indicator/fin24fam?source=28&format=json&date=2022
,,sex: female,fin24fam.1,"Main source of emergency funds in 30 days: family or friends, women (% age 15+)",64.9079283327726,64.9,https://api.worldbank.org/v2/country/YEM/indicator/fin24fam.1?source=28&format=json&date=2022
,,workforce: out of workforce,fin24fam.11,"Main source of emergency funds in 30 days: family or friends, out of laborforce (% age 15+)",66.3406718213298,66.3,https://api.worldbank.org/v2/country/YEM/indicator/fin24fam.11?source=28&format=json&date=2022
,,workforce: in workforce,fin24fam.12,"Main source of emergency funds in 30 days: family or friends, in laborforce (% age 15+)",59.0201343779766,59.0,https://api.worldbank.org/v2/country/YEM/indicator/fin24fam.12?source=28&format=json&date=2022
,,sex: male,fin24fam.2,"Main source of emergency funds in 30 days: family or friends, men (% age 15+)",63.4199226954977,63.4,https://api.worldbank.org/v2/country/YEM/indicator/fin24fam.2?source=28&format=json&date=2022
,,age: 15-24,fin24fam.3,"Main source of emergency funds in 30 days: family or friends, young (% ages 15-24)",69.9365565084515,69.9,https://api.worldbank.org/v2/country/YEM/indicator/fin24fam.3?source=28&format=json&date=2022
,,age: 25+,fin24fam.4,"Main source of emergency funds in 30 days: family or friends, older (% age 25+)",60.6405250989572,60.6,https://api.worldbank.org/v2/country/YEM/indicator/fin24fam.4?source=28&format=json&date=2022
,,edu: primary or less,fin24fam.5,"Main source of emergency funds in 30 days: family or friends, primary education or less (% age 15+)",61.6591480592003,61.7,https://api.worldbank.org/v2/country/YEM/indicator/fin24fam.5?source=28&format=json&date=2022
,,edu: secondary or more,fin24fam.6,"Main source of emergency funds in 30 days: family or friends, secondary education or more (% age 15+)",68.018606791917,68.0,https://api.worldbank.org/v2/country/YEM/indicator/fin24fam.6?source=28&format=json&date=2022
,,income: poorest 40%,fin24fam.7,"Main source of emergency funds in 30 days: family or friends, poorest 40% (% age 15+)",59.2667305742129,59.3,https://api.worldbank.org/v2/country/YEM/indicator/fin24fam.7?source=28&format=json&date=2022
,,income: richest 60%,fin24fam.8,"Main source of emergency funds in 30 days: family or friends, richest 60% (% age 15+)",67.4212126340052,67.4,https://api.worldbank.org/v2/country/YEM/indicator/fin24fam.8?source=28&format=json&date=2022
,,total,fin24fam_SD_ND,"Main source of emergency funds in 30 days: family or friends, possible and not difficult or somewhat difficult  (% age 15+)",45.3915747406066,45.4,https://api.worldbank.org/v2/country/YEM/indicator/fin24fam_SD_ND?source=28&format=json&date=2022
,,sex: female,fin24fam_SD_ND.1,"Main source of emergency funds in 30 days: family or friends, possible and not difficult or somewhat difficult, women (% age 15+)",45.2987463192705,45.3,https://api.worldbank.org/v2/country/YEM/indicator/fin24fam_SD_ND.1?source=28&format=json&date=2022
,,workforce: out of workforce,fin24fam_SD_ND.11,"Main source of emergency funds in 30 days: family or friends, possible and not difficult or somewhat difficult, out of laborforce (% age 15+)",45.2320503847846,45.2,https://api.worldbank.org/v2/country/YEM/indicator/fin24fam_SD_ND.11?source=28&format=json&date=2022
,,workforce: in workforce,fin24fam_SD_ND.12,"Main source of emergency funds in 30 days: family or friends, possible and not difficult or somewhat difficult, in laborforce (% age 15+)",45.7681828253638,45.8,https://api.worldbank.org/v2/country/YEM/indicator/fin24fam_SD_ND.12?source=28&format=json&date=2022
,,sex: male,fin24fam_SD_ND.2,"Main source of emergency funds in 30 days: family or friends, possible and not difficult or somewhat difficult, men (% age 15+)",45.48404096136,45.5,https://api.worldbank.org/v2/country/YEM/indicator/fin24fam_SD_ND.2?source=28&format=json&date=2022
,,age: 15-24,fin24fam_SD_ND.3,"Main source of emergency funds in 30 days: family or friends, possible and not difficult or somewhat difficult, young (% ages 15-24)",53.9310758937741,53.9,https://api.worldbank.org/v2/country/YEM/indicator/fin24fam_SD_ND.3?source=28&format=json&date=2022
,,age: 25+,fin24fam_SD_ND.4,"Main source of emergency funds in 30 days: family or friends, possible and not difficult or somewhat difficult, older (% age 25+)",40.1828427834002,40.2,https://api.worldbank.org/v2/country/YEM/indicator/fin24fam_SD_ND.4?source=28&format=json&date=2022
,,edu: primary or less,fin24fam_SD_ND.5,"Main source of emergency funds in 30 days: family or friends, possible and not difficult or somewhat difficult, primary education or less (% age 15+)",38.2755143811845,38.3,https://api.worldbank.org/v2/country/YEM/indicator/fin24fam_SD_ND.5?source=28&format=json&date=2022
,,edu: secondary or more,fin24fam_SD_ND.6,"Main source of emergency funds in 30 days: family or friends, possible and not difficult or somewhat difficult, secondary education or more (% age 15+)",56.377446482056,56.4,https://api.worldbank.org/v2/country/YEM/indicator/fin24fam_SD_ND.6?source=28&format=json&date=2022
,,income: poorest 40%,fin24fam_SD_ND.7,"Main source of emergency funds in 30 days: family or friends, possible and not difficult or somewhat difficult, poorest 40% (% age 15+)",36.8167766023917,36.8,https://api.worldbank.org/v2/country/YEM/indicator/fin24fam_SD_ND.7?source=28&format=json&date=2022
,,income: richest 60%,fin24fam_SD_ND.8,"Main source of emergency funds in 30 days: family or friends, possible and not difficult or somewhat difficult, richest 60% (% age 15+)",51.0991994379302,51.1,https://api.worldbank.org/v2/country/YEM/indicator/fin24fam_SD_ND.8?source=28&format=json&date=2022
,,total,fin24fam_VD,"Main source of emergency funds in 30 days: family or friends, possible and very difficult  (% age 15+)",18.4867883248243,18.5,https://api.worldbank.org/v2/country/YEM/indicator/fin24fam_VD?source=28&format=json&date=2022
,,sex: female,fin24fam_VD.1,"Main source of emergency funds in 30 days: family or friends, possible and very difficult, women (% age 15+)",19.4619611038804,19.5,https://api.worldbank.org/v2/country/YEM/indicator/fin24fam_VD.1?source=28&format=json&date=2022
,,workforce: out of workforce,fin24fam_VD.11,"Main source of emergency funds in 30 days: family or friends, possible and very difficult, out of laborforce (% age 15+)",20.7328266650822,20.7,https://api.worldbank.org/v2/country/YEM/indicator/fin24fam_VD.11?source=28&format=json&date=2022
,,workforce: in workforce,fin24fam_VD.12,"Main source of emergency funds in 30 days: family or friends, possible and very difficult, in laborforce (% age 15+)",13.1842989760547,13.2,https://api.worldbank.org/v2/country/YEM/indicator/fin24fam_VD.12?source=28&format=json&date=2022
,,sex: male,fin24fam_VD.2,"Main source of emergency funds in 30 days: family or friends, possible and very difficult, men (% age 15+)",17.5154205027387,17.5,https://api.worldbank.org/v2/country/YEM/indicator/fin24fam_VD.2?source=28&format=json&date=2022
,,age: 15-24,fin24fam_VD.3,"Main source of emergency funds in 30 days: family or friends, possible and very difficult, young (% ages 15-24)",15.8115686435625,15.8,https://api.worldbank.org/v2/country/YEM/indicator/fin24fam_VD.3?source=28&format=json&date=2022
,,age: 25+,fin24fam_VD.4,"Main source of emergency funds in 30 days: family or friends, possible and very difficult, older (% age 25+)",20.1185583774775,20.1,https://api.worldbank.org/v2/country/YEM/indicator/fin24fam_VD.4?source=28&format=json&date=2022
,,edu: primary or less,fin24fam_VD.5,"Main source of emergency funds in 30 days: family or friends, possible and very difficult, primary education or less (% age 15+)",23.0699692863461,23.1,https://api.worldbank.org/v2/country/YEM/indicator/fin24fam_VD.5?source=28&format=json&date=2022
,,edu: secondary or more,fin24fam_VD.6,"Main source of emergency funds in 30 days: family or friends, possible and very difficult, secondary education or more (% age 15+)",11.4026521638508,11.4,https://api.worldbank.org/v2/country/YEM/indicator/fin24fam_VD.6?source=28&format=json&date=2022
,,income: poorest 40%,fin24fam_VD.7,"Main source of emergency funds in 30 days: family or friends, possible and very difficult, poorest 40% (% age 15+)",22.4499539718212,22.4,https://api.worldbank.org/v2/country/YEM/indicator/fin24fam_VD.7?source=28&format=json&date=2022
,,income: richest 60%,fin24fam_VD.8,"Main source of emergency funds in 30 days: family or friends, possible and very difficult, richest 60% (% age 15+)",15.8487947812127,15.8,https://api.worldbank.org/v2/country/YEM/indicator/fin24fam_VD.8?source=28&format=json&date=2022
,,total,fin24other,Main source of emergency funds in 30 days: other  (% age 15+),1.37547380684704,1.4,https://api.worldbank.org/v2/country/YEM/indicator/fin24other?source=28&format=json&date=2022
,,total,fin24other_SD_ND,"Main source of emergency funds in 30 days: other, possible and not difficult or somewhat difficult  (% age 15+)",0.580584018222682,0.6,https://api.worldbank.org/v2/country/YEM/indicator/fin24other_SD_ND?source=28&format=json&date=2022
,,total,fin24other_VD,"Main source of emergency funds in 30 days: other, possible and very difficult  (% age 15+)",0.794889788624356,0.8,https://api.worldbank.org/v2/country/YEM/indicator/fin24other_VD?source=28&format=json&date=2022
,,total,fin24sav,Main source of emergency funds in 30 days: savings  (% age 15+),5.7853475814711,5.8,https://api.worldbank.org/v2/country/YEM/indicator/fin24sav?source=28&format=json&date=2022
,,total,fin24sav_SD_ND,"Main source of emergency funds in 30 days: savings, possible and not difficult or somewhat difficult  (% age 15+)",5.71588293615895,5.7,https://api.worldbank.org/v2/country/YEM/indicator/fin24sav_SD_ND?source=28&format=json&date=2022
,,total,fin24sav_VD,"Main source of emergency funds in 30 days: savings, possible and very difficult  (% age 15+)",0.069464645312155,0.1,https://api.worldbank.org/v2/country/YEM/indicator/fin24sav_VD?source=28&format=json&date=2022
,,total,fin24sell,Main source of emergency funds in 30 days: sale of assets  (% age 15+),3.71297536402694,3.7,https://api.worldbank.org/v2/country/YEM/indicator/fin24sell?source=28&format=json&date=2022
,,total,fin24sell_SD_ND,"Main source of emergency funds in 30 days: sale of assets, possible and not difficult or somewhat difficult  (% age 15+)",2.55391051980606,2.6,https://api.worldbank.org/v2/country/YEM/indicator/fin24sell_SD_ND?source=28&format=json&date=2022
,,total,fin24sell_VD,"Main source of emergency funds in 30 days: sale of assets, possible and very difficult  (% age 15+)",0.910312182142489,0.9,https://api.worldbank.org/v2/country/YEM/indicator/fin24sell_VD?source=28&format=json&date=2022
,,total,fin24work,Main source of emergency funds in 30 days: work  (% age 15+),9.42718345878798,9.4,https://api.worldbank.org/v2/country/YEM/indicator/fin24work?source=28&format=json&date=2022
,,total,fin24work_SD_ND,"Main source of emergency funds in 30 days: work, possible and not difficult or somewhat difficult  (% age 15+)",6.84812830487315,6.8,https://api.worldbank.org/v2/country/YEM/indicator/fin24work_SD_ND?source=28&format=json&date=2022
,,total,fin24work_VD,"Main source of emergency funds in 30 days: work, possible and very difficult  (% age 15+)",2.57905515391483,2.6,https://api.worldbank.org/v2/country/YEM/indicator/fin24work_VD?source=28&format=json&date=2022
,,total,fin25e2,Used mobile phone or card to pay for in-store purchase  (% age 15+),0.573305229436334,0.6,https://api.worldbank.org/v2/country/YEM/indicator/fin25e2?source=28&format=json&date=2022
,,total,fin25e2b,Did NOT use mobile phone or card to pay for in-store purchase   (% age 15+),11.3300604139052,11.3,https://api.worldbank.org/v2/country/YEM/indicator/fin25e2b?source=28&format=json&date=2022
,,sex: female,fin25e2b.1,"Did NOT use mobile phone or card to pay for in-store purchase , women (% age 15+)",5.30773260096568,5.3,https://api.worldbank.org/v2/country/YEM/indicator/fin25e2b.1?source=28&format=json&date=2022
,,workforce: out of workforce,fin25e2b.11,"Did NOT use mobile phone or card to pay for in-store purchase , out of laborforce (% age 15+)",6.73565921103011,6.7,https://api.worldbank.org/v2/country/YEM/indicator/fin25e2b.11?source=28&format=json&date=2022
,,workforce: in workforce,fin25e2b.12,"Did NOT use mobile phone or card to pay for in-store purchase , in laborforce (% age 15+)",22.1766087588558,22.2,https://api.worldbank.org/v2/country/YEM/indicator/fin25e2b.12?source=28&format=json&date=2022
,,sex: male,fin25e2b.2,"Did NOT use mobile phone or card to pay for in-store purchase , men (% age 15+)",17.3288901363704,17.3,https://api.worldbank.org/v2/country/YEM/indicator/fin25e2b.2?source=28&format=json&date=2022
,,age: 15-24,fin25e2b.3,"Did NOT use mobile phone or card to pay for in-store purchase , young (% ages 15-24)",4.93901601897951,4.9,https://api.worldbank.org/v2/country/YEM/indicator/fin25e2b.3?source=28&format=json&date=2022
,,age: 25+,fin25e2b.4,"Did NOT use mobile phone or card to pay for in-store purchase , older (% age 25+)",15.228325263653,15.2,https://api.worldbank.org/v2/country/YEM/indicator/fin25e2b.4?source=28&format=json&date=2022
,,edu: primary or less,fin25e2b.5,"Did NOT use mobile phone or card to pay for in-store purchase , primary education or less (% age 15+)",6.9816569745174,7.0,https://api.worldbank.org/v2/country/YEM/indicator/fin25e2b.5?source=28&format=json&date=2022
,,edu: secondary or more,fin25e2b.6,"Did NOT use mobile phone or card to pay for in-store purchase , secondary education or more (% age 15+)",18.0661144750672,18.1,https://api.worldbank.org/v2/country/YEM/indicator/fin25e2b.6?source=28&format=json&date=2022
,,income: poorest 40%,fin25e2b.7,"Did NOT use mobile phone or card to pay for in-store purchase , poorest 40% (% age 15+)",6.26159288739914,6.3,https://api.worldbank.org/v2/country/YEM/indicator/fin25e2b.7?source=28&format=json&date=2022
,,income: richest 60%,fin25e2b.8,"Did NOT use mobile phone or card to pay for in-store purchase , richest 60% (% age 15+)",14.7037737031945,14.7,https://api.worldbank.org/v2/country/YEM/indicator/fin25e2b.8?source=28&format=json&date=2022
,,total,fin26a,Used a mobile phone or the internet to pay bills  (% age 15+),2.10446597589918,2.1,https://api.worldbank.org/v2/country/YEM/indicator/fin26a?source=28&format=json&date=2022
,,total,fin26b,Used a mobile phone or the internet to buy something online  (% age 15+),1.69155647838288,1.7,https://api.worldbank.org/v2/country/YEM/indicator/fin26b?source=28&format=json&date=2022
,,total,fin27a,Made a digital online merchant payment for an online purchase  (% age 15+),0.268900881281437,0.3,https://api.worldbank.org/v2/country/YEM/indicator/fin27a?source=28&format=json&date=2022
,,total,fin27b,Made a cash payment upon delivery for an online purchase  (% age 15+),1.32476926679049,1.3,https://api.worldbank.org/v2/country/YEM/indicator/fin27b?source=28&format=json&date=2022
,,total,fin28,Sent domestic remittances: using an account  (% age 15+),0,0.0,https://api.worldbank.org/v2/country/YEM/indicator/fin28?source=28&format=json&date=2022
,,total,fin28.29,Sent or received domestic remittances: using an account  (% age 15+),0,0.0,https://api.worldbank.org/v2/country/YEM/indicator/fin28.29?source=28&format=json&date=2022
,,total,fin29,Received domestic remittances: into an account  (% age 15+),0,0.0,https://api.worldbank.org/v2/country/YEM/indicator/fin29?source=28&format=json&date=2022
,,total,fin30,Made a utility payment  (% age 15+),10.7348531613247,10.7,https://api.worldbank.org/v2/country/YEM/indicator/fin30?source=28&format=json&date=2022
,,sex: female,fin30.1,"Made a utility payment, women (% age 15+)",8.4572027752941,8.5,https://api.worldbank.org/v2/country/YEM/indicator/fin30.1?source=28&format=json&date=2022
,,workforce: out of workforce,fin30.11,"Made a utility payment, out of laborforce (% age 15+)",7.58097034555373,7.6,https://api.worldbank.org/v2/country/YEM/indicator/fin30.11?source=28&format=json&date=2022
,,workforce: in workforce,fin30.12,"Made a utility payment, in laborforce (% age 15+)",18.1805987383896,18.2,https://api.worldbank.org/v2/country/YEM/indicator/fin30.12?source=28&format=json&date=2022
,,sex: male,fin30.2,"Made a utility payment, men (% age 15+)",13.0036165460989,13.0,https://api.worldbank.org/v2/country/YEM/indicator/fin30.2?source=28&format=json&date=2022
,,age: 15-24,fin30.3,"Made a utility payment, young (% ages 15-24)",5.77060607587887,5.8,https://api.worldbank.org/v2/country/YEM/indicator/fin30.3?source=28&format=json&date=2022
,,age: 25+,fin30.4,"Made a utility payment, older (% age 25+)",13.7628324277528,13.8,https://api.worldbank.org/v2/country/YEM/indicator/fin30.4?source=28&format=json&date=2022
,,edu: primary or less,fin30.5,"Made a utility payment, primary education or less (% age 15+)",7.73788664019404,7.7,https://api.worldbank.org/v2/country/YEM/indicator/fin30.5?source=28&format=json&date=2022
,,edu: secondary or more,fin30.6,"Made a utility payment, secondary education or more (% age 15+)",15.3789151755041,15.4,https://api.worldbank.org/v2/country/YEM/indicator/fin30.6?source=28&format=json&date=2022
,,income: poorest 40%,fin30.7,"Made a utility payment, poorest 40% (% age 15+)",5.84334802800426,5.8,https://api.worldbank.org/v2/country/YEM/indicator/fin30.7?source=28&format=json&date=2022
,,income: richest 60%,fin30.8,"Made a utility payment, richest 60% (% age 15+)",13.9907753481806,14.0,https://api.worldbank.org/v2/country/YEM/indicator/fin30.8?source=28&format=json&date=2022
,,total,fin31a,Made a utility payment: using a bank or similar financial institution account  (% age 15+),1.33701574220791,1.3,https://api.worldbank.org/v2/country/YEM/indicator/fin31a?source=28&format=json&date=2022
,,total,fin31a.31b,Made a utility payment: using an account  (% age 15+),1.33701574220791,1.3,https://api.worldbank.org/v2/country/YEM/indicator/fin31a.31b?source=28&format=json&date=2022
,,total,fin31b,Made a utility payment: using a mobile phone  (% age 15+),1.73752605051788,1.7,https://api.worldbank.org/v2/country/YEM/indicator/fin31b?source=28&format=json&date=2022
,,total,fin31d,Made a utility payment: using cash only  (% age 15+),7.82835315636665,7.8,https://api.worldbank.org/v2/country/YEM/indicator/fin31d?source=28&format=json&date=2022
,,total,fin32.33,Received public sector wages  (% age 15+),3.06857958153757,3.1,https://api.worldbank.org/v2/country/YEM/indicator/fin32.33?source=28&format=json&date=2022
,,total,fin32.33.34a,Received public sector wages: into a bank or similar financial institution account  (% age 15+),1.4892588857001,1.5,https://api.worldbank.org/v2/country/YEM/indicator/fin32.33.34a?source=28&format=json&date=2022
,,total,fin32.33.34b,Received public sector wages: through a mobile phone  (% age 15+),0,0.0,https://api.worldbank.org/v2/country/YEM/indicator/fin32.33.34b?source=28&format=json&date=2022
,,total,fin32.33.34c,Received public sector wages: in cash only  (% age 15+),1.4157086126349,1.4,https://api.worldbank.org/v2/country/YEM/indicator/fin32.33.34c?source=28&format=json&date=2022
,,total,fin32.33.34d,Received public sector wages: to a card  (% age 15+),0,0.0,https://api.worldbank.org/v2/country/YEM/indicator/fin32.33.34d?source=28&format=json&date=2022
,,total,fin32.33.acc,Received public sector wages: into an account  (% age 15+),1.4892588857001,1.5,https://api.worldbank.org/v2/country/YEM/indicator/fin32.33.acc?source=28&format=json&date=2022
,,total,fin32.acc,Received wages: into an account  (% age 15+),3.22046115595053,3.2,https://api.worldbank.org/v2/country/YEM/indicator/fin32.acc?source=28&format=json&date=2022
,,total,fin32.n33,Received private sector wages  (% age 15+),9.28816642389152,9.3,https://api.worldbank.org/v2/country/YEM/indicator/fin32.n33?source=28&format=json&date=2022
,,total,fin32.n33.34a,Received private sector wages: into a bank or similar financial institution account  (% age 15+),1.61869092126712,1.6,https://api.worldbank.org/v2/country/YEM/indicator/fin32.n33.34a?source=28&format=json&date=2022
,,total,fin32.n33.34b,Received private sector wages: through a mobile phone  (% age 15+),0,0.0,https://api.worldbank.org/v2/country/YEM/indicator/fin32.n33.34b?source=28&format=json&date=2022
,,total,fin32.n33.34c,Received private sector wages: in cash only  (% age 15+),6.59433855041206,6.6,https://api.worldbank.org/v2/country/YEM/indicator/fin32.n33.34c?source=28&format=json&date=2022
,,total,fin32.n33.34d,Received private sector wages: to a card  (% age 15+),0.112511348983305,0.1,https://api.worldbank.org/v2/country/YEM/indicator/fin32.n33.34d?source=28&format=json&date=2022
,,total,fin32.n33.acc,Received private sector wages: into an account  (% age 15+),1.73120227025043,1.7,https://api.worldbank.org/v2/country/YEM/indicator/fin32.n33.acc?source=28&format=json&date=2022
,,total,fin34a,Received wages: into a bank or similar financial institution account  (% age 15+),3.10794980696722,3.1,https://api.worldbank.org/v2/country/YEM/indicator/fin34a?source=28&format=json&date=2022
,,total,fin34b,Received wages: through a mobile phone  (% age 15+),0,0.0,https://api.worldbank.org/v2/country/YEM/indicator/fin34b?source=28&format=json&date=2022
,,total,fin34c,Received wages: in cash only  (% age 15+),8.01004716304696,8.0,https://api.worldbank.org/v2/country/YEM/indicator/fin34c?source=28&format=json&date=2022
,,total,fin34d,Received wages: to a card  (% age 15+),0.112511348983305,0.1,https://api.worldbank.org/v2/country/YEM/indicator/fin34d?source=28&format=json&date=2022
,,total,fin37.38,Received government transfer or pension  (% age 15+),6.79328469308518,6.8,https://api.worldbank.org/v2/country/YEM/indicator/fin37.38?source=28&format=json&date=2022
,,total,fin37.38.39.acc,Received government transfer or pension: into an account  (% age 15+),3.01686373532105,3.0,https://api.worldbank.org/v2/country/YEM/indicator/fin37.38.39.acc?source=28&format=json&date=2022
,,total,fin37.38.39a,Received government transfer or pension: into bank or similar financial institution account  (% age 15+),2.52233566580385,2.5,https://api.worldbank.org/v2/country/YEM/indicator/fin37.38.39a?source=28&format=json&date=2022
,,total,fin37.38.39b,Received government transfer or pension: through a mobile phone  (% age 15+),0,0.0,https://api.worldbank.org/v2/country/YEM/indicator/fin37.38.39b?source=28&format=json&date=2022
,,total,fin37.38.39c,Received government transfer or pension: cash only  (% age 15+),2.91741045811794,2.9,https://api.worldbank.org/v2/country/YEM/indicator/fin37.38.39c?source=28&format=json&date=2022
,,total,fin37.38.39d,Received government transfer or pension: to a card  (% age 15+),0.494528069517201,0.5,https://api.worldbank.org/v2/country/YEM/indicator/fin37.38.39d?source=28&format=json&date=2022
,,total,fin37.39.acc,Received government transfer: into an account  (% age 15+),2.0033120549594,2.0,https://api.worldbank.org/v2/country/YEM/indicator/fin37.39.acc?source=28&format=json&date=2022
,,total,fin37.39a,Received government transfer: into a bank or similar financial institution account  (% age 15+),1.5087839854422,1.5,https://api.worldbank.org/v2/country/YEM/indicator/fin37.39a?source=28&format=json&date=2022
,,total,fin37.39b,Received government transfer: through a mobile phone  (% age 15+),0,0.0,https://api.worldbank.org/v2/country/YEM/indicator/fin37.39b?source=28&format=json&date=2022
,,total,fin37.39c,Received government transfer: cash only  (% age 15+),1.26875052386805,1.3,https://api.worldbank.org/v2/country/YEM/indicator/fin37.39c?source=28&format=json&date=2022
,,total,fin37.39d,Received government transfer: to a card  (% age 15+),0.494528069517201,0.5,https://api.worldbank.org/v2/country/YEM/indicator/fin37.39d?source=28&format=json&date=2022
,,total,fin38,Received a public sector pension  (% age 15+),3.79103552907677,3.8,https://api.worldbank.org/v2/country/YEM/indicator/fin38?source=28&format=json&date=2022
,,total,fin38.39.acc,Received a public sector pension: into an account  (% age 15+),1.61214165723433,1.6,https://api.worldbank.org/v2/country/YEM/indicator/fin38.39.acc?source=28&format=json&date=2022
,,total,fin38.39a,Received a public sector pension: into a bank or similar financial institution account  (% age 15+),1.61214165723433,1.6,https://api.worldbank.org/v2/country/YEM/indicator/fin38.39a?source=28&format=json&date=2022
,,total,fin38.39b,Received a public sector pension: through a mobile phone  (% age 15+),0,0.0,https://api.worldbank.org/v2/country/YEM/indicator/fin38.39b?source=28&format=json&date=2022
,,total,fin38.39c,Received a public sector pension: in cash only  (% age 15+),1.81103226544594,1.8,https://api.worldbank.org/v2/country/YEM/indicator/fin38.39c?source=28&format=json&date=2022
,,total,fin38.39d,Received a public sector pension: to a card  (% age 15+),0,0.0,https://api.worldbank.org/v2/country/YEM/indicator/fin38.39d?source=28&format=json&date=2022
,,total,fin42.acc,Received payments for agricultural products: into an account  (% age 15+),1.61662702012093,1.6,https://api.worldbank.org/v2/country/YEM/indicator/fin42.acc?source=28&format=json&date=2022
,,total,fin43a,Received payments for agricultural products: into a bank or similar financial institution account  (% age 15+),1.45053355436706,1.5,https://api.worldbank.org/v2/country/YEM/indicator/fin43a?source=28&format=json&date=2022
,,total,fin43b,Received payments for agricultural products: through a mobile phone  (% age 15+),0,0.0,https://api.worldbank.org/v2/country/YEM/indicator/fin43b?source=28&format=json&date=2022
,,total,fin43c,Received payments for agricultural products: in cash only  (% age 15+),26.6741023953741,26.7,https://api.worldbank.org/v2/country/YEM/indicator/fin43c?source=28&format=json&date=2022
,,sex: female,fin43c.1,"Received payments for agricultural products: in cash only, women (% age 15+)",22.8108292774592,22.8,https://api.worldbank.org/v2/country/YEM/indicator/fin43c.1?source=28&format=json&date=2022
,,workforce: out of workforce,fin43c.11,"Received payments for agricultural products: in cash only, out of laborforce (% age 15+)",21.8799910808932,21.9,https://api.worldbank.org/v2/country/YEM/indicator/fin43c.11?source=28&format=json&date=2022
,,workforce: in workforce,fin43c.12,"Received payments for agricultural products: in cash only, in laborforce (% age 15+)",37.9921301094214,38.0,https://api.worldbank.org/v2/country/YEM/indicator/fin43c.12?source=28&format=json&date=2022
,,sex: male,fin43c.2,"Received payments for agricultural products: in cash only, men (% age 15+)",30.5223016840206,30.5,https://api.worldbank.org/v2/country/YEM/indicator/fin43c.2?source=28&format=json&date=2022
,,age: 15-24,fin43c.3,"Received payments for agricultural products: in cash only, young (% ages 15-24)",21.6586577381855,21.7,https://api.worldbank.org/v2/country/YEM/indicator/fin43c.3?source=28&format=json&date=2022
,,age: 25+,fin43c.4,"Received payments for agricultural products: in cash only, older (% age 25+)",29.7333099997678,29.7,https://api.worldbank.org/v2/country/YEM/indicator/fin43c.4?source=28&format=json&date=2022
,,edu: primary or less,fin43c.5,"Received payments for agricultural products: in cash only, primary education or less (% age 15+)",26.7985407789736,26.8,https://api.worldbank.org/v2/country/YEM/indicator/fin43c.5?source=28&format=json&date=2022
,,edu: secondary or more,fin43c.6,"Received payments for agricultural products: in cash only, secondary education or more (% age 15+)",26.4438896104805,26.4,https://api.worldbank.org/v2/country/YEM/indicator/fin43c.6?source=28&format=json&date=2022
,,income: poorest 40%,fin43c.7,"Received payments for agricultural products: in cash only, poorest 40% (% age 15+)",26.6764612788029,26.7,https://api.worldbank.org/v2/country/YEM/indicator/fin43c.7?source=28&format=json&date=2022
,,income: richest 60%,fin43c.8,"Received payments for agricultural products: in cash only, richest 60% (% age 15+)",26.6725322568007,26.7,https://api.worldbank.org/v2/country/YEM/indicator/fin43c.8?source=28&format=json&date=2022
,,total,fin43c.s,"Received payments for agricultural products: in cash only (% of agricultural payment recipients, age 15+)",92.2673171787526,92.3,https://api.worldbank.org/v2/country/YEM/indicator/fin43c.s?source=28&format=json&date=2022
,,total,fin43d,Received payments for agricultural products: to a card  (% age 15+),0.166093465753877,0.2,https://api.worldbank.org/v2/country/YEM/indicator/fin43d?source=28&format=json&date=2022
,,total,fing2p,Received government payments  (% age 15+),9.24472116977044,9.2,https://api.worldbank.org/v2/country/YEM/indicator/fing2p?source=28&format=json&date=2022
,,total,fing2p.acc,Received government payments: into an account  (% age 15+),4.37838930502126,4.4,https://api.worldbank.org/v2/country/YEM/indicator/fing2p.acc?source=28&format=json&date=2022
,,total,fing2p.card,Received government payments: to a card  (% age 15+),0.494528069517201,0.5,https://api.worldbank.org/v2/country/YEM/indicator/fing2p.card?source=28&format=json&date=2022
,,total,fing2p.cash,Received government payments: in cash only  (% age 15+),3.86383907237433,3.9,https://api.worldbank.org/v2/country/YEM/indicator/fing2p.cash?source=28&format=json&date=2022
,,total,fing2p.fin,Received government payments: into a bank or similar financial institution account  (% age 15+),3.88386123550406,3.9,https://api.worldbank.org/v2/country/YEM/indicator/fing2p.fin?source=28&format=json&date=2022
,,total,fing2p.mob,Received government payments: through a mobile phone  (% age 15+),0,0.0,https://api.worldbank.org/v2/country/YEM/indicator/fing2p.mob?source=28&format=json&date=2022
,,total,g20.made,Made a digital payment  (% age 15+),4.34979945469647,4.3,https://api.worldbank.org/v2/country/YEM/indicator/g20.made?source=28&format=json&date=2022
,,total,g20.received,Received digital payments  (% age 15+),7.54869352940153,7.5,https://api.worldbank.org/v2/country/YEM/indicator/g20.received?source=28&format=json&date=2022
,,total,inactive.t.d,Has an inactive account  (% age 15+),1.01976861604376,1.0,https://api.worldbank.org/v2/country/YEM/indicator/inactive.t.d?source=28&format=json&date=2022
,,mobile-money (null for Yemen 2022),mobileaccount.t.d,Mobile money account (% age 15+),null,,https://api.worldbank.org/v2/country/YEM/indicator/mobileaccount.t.d?source=28&format=json&date=2022
,,mobile-money (null for Yemen 2022),mobileaccount.t.d.1,"Mobile money account, female (% age 15+)",null,,https://api.worldbank.org/v2/country/YEM/indicator/mobileaccount.t.d.1?source=28&format=json&date=2022
,,mobile-money (null for Yemen 2022),mobileaccount.t.d.10,"Mobile money account, urban (% age 15+)",null,,https://api.worldbank.org/v2/country/YEM/indicator/mobileaccount.t.d.10?source=28&format=json&date=2022
,,mobile-money (null for Yemen 2022),mobileaccount.t.d.11,"Mobile money account, out of labor force (% age 15+)",null,,https://api.worldbank.org/v2/country/YEM/indicator/mobileaccount.t.d.11?source=28&format=json&date=2022
,,mobile-money (null for Yemen 2022),mobileaccount.t.d.12,"Mobile money account, in labor force (% age 15+)",null,,https://api.worldbank.org/v2/country/YEM/indicator/mobileaccount.t.d.12?source=28&format=json&date=2022
,,mobile-money (null for Yemen 2022),mobileaccount.t.d.2,"Mobile money account, male (% age 15+)",null,,https://api.worldbank.org/v2/country/YEM/indicator/mobileaccount.t.d.2?source=28&format=json&date=2022
,,mobile-money (null for Yemen 2022),mobileaccount.t.d.3,"Mobile money account, young (% ages 15-24)",null,,https://api.worldbank.org/v2/country/YEM/indicator/mobileaccount.t.d.3?source=28&format=json&date=2022
,,mobile-money (null for Yemen 2022),mobileaccount.t.d.4,"Mobile money account, older (% age 25+)",null,,https://api.worldbank.org/v2/country/YEM/indicator/mobileaccount.t.d.4?source=28&format=json&date=2022
,,mobile-money (null for Yemen 2022),mobileaccount.t.d.5,"Mobile money account, primary education or less (% ages 15+)",null,,https://api.worldbank.org/v2/country/YEM/indicator/mobileaccount.t.d.5?source=28&format=json&date=2022
,,mobile-money (null for Yemen 2022),mobileaccount.t.d.6,"Mobile money account, secondary education or more (% ages 15+)",null,,https://api.worldbank.org/v2/country/YEM/indicator/mobileaccount.t.d.6?source=28&format=json&date=2022
,,mobile-money (null for Yemen 2022),mobileaccount.t.d.7,"Mobile money account, income, poorest 40% (% ages 15+)",null,,https://api.worldbank.org/v2/country/YEM/indicator/mobileaccount.t.d.7?source=28&format=json&date=2022
,,mobile-money (null for Yemen 2022),mobileaccount.t.d.8,"Mobile money account, income, richest 60% (% ages 15+)",null,,https://api.worldbank.org/v2/country/YEM/indicator/mobileaccount.t.d.8?source=28&format=json&date=2022
,,mobile-money (null for Yemen 2022),mobileaccount.t.d.9,"Mobile money account, rural (% age 15+)",null,,https://api.worldbank.org/v2/country/YEM/indicator/mobileaccount.t.d.9?source=28&format=json&date=2022
