finding_id,session,specialist,route_or_object,field,current_state,issue,evidence,severity,user_consequence,recommended_action,downstream_consequence,arabic_consequence,english_consequence,lead_decision,final_status
P1-F01,P1.2,Lead (independent review finding),/data/ s8; 02 /data/ full copy,03 body_en/ar,"""{N_CLAIMS}"" rendered literally in EN and AR",Tranche B spec rows PB-0372/0373 proposed a placeholder token that nothing resolved,dist/en|ar/data/index.html; Master 03 r79/r80 and 02 r10,BLOCKER,A reader sees a template token where a count should be,Derive repository counts from projections through a contract; reject unresolved tokens,content/public_inventory.json (DERIVED); tokens {{n:key}} resolved in Page Specs and search; validator P1-G01..G04,Label-value form avoids counted-noun agreement,Label-value form,Accepted: inventory contract (PUBLIC-INVENTORY-COUNTS),CLOSED (P1-A)
P1-F02,P1.2,Lead,"/data/, /explore/, /, /measurement/, /readings/; build.py Home/Explore",03 copy; build strings,"Typed counts: 159/158 (stale), 24, ""Eleven"", ""ten"", ""11""",Inventory counts typed into copy and code go stale silently,Actual 160/151 at entry; build.py lines 504/539,MATERIAL,Wrong or stale scope statements,"Show counts only where they tell the reader something the page does not (the /data/ inventory; Home ""View all N questions""), derived; remove decorative counts",Validator P1-G04 detects any count phrase not equal to the contract (digits only),Arabic number words removed where counts were decorative,Same,Accepted,CLOSED (P1-A)
P1-F03,P1.3,Lead + Editors H/I,/people/,"03 s2,s3,s5–s10 bodies","12 exact repeated sentences (EN), 11.9% ×10",03 bodies were flattened evidence cards: narrative + claim copy + summary + chip labels + boundary,dist before/after scan (audit/pre_tranche_c/runs/P1_DUPLICATION_BEFORE_AFTER.json),MATERIAL,"Run-on paragraphs (""…survey weighting coverage caveat Do not call…"") and repeated figures","Keep the authored narrative; merge unique facts (3.7%/6.4% anchors, 1,000 respondents and fieldwork dates, four-level capability ladder, source attribution); drop chips and restated boundaries","Same numbers, fewer occurrences; literal closure preserved (15% aligned to source precision 15.0%)","Rewritten natively, not translated",Rewritten,Accepted,CLOSED (P1-A)
P1-F04,P1.3,Lead + Editors H/I,"/firms/, /finance/",03 bodies,Same flattened-card pattern (7 sections),As P1-F03,As P1-F03,MATERIAL,As P1-F03,As P1-F03 (SMEPS USD 54.7 million and 68.71%/23.13% split retained),—,"Arabic SMEPS wording aligned (exact 8,217; MSME term)",—,Accepted,CLOSED (P1-A)
P1-F07,P1.3,Specialist A (IA),All 8 domain pages; presentation_priority.json,supporting/primary/progressive tiers,Band sections also rendered in primary or progressive (7–12 exact repeats per page),Contract placed the same sections in two tiers; band labels assigned by position,Tier overlap on every domain route,MATERIAL,Boundaries and answers read twice,"Tiers partition the sections; band holds only the always-visible boundaries, rendered once in full under their governed heading",Validator rule P1.3 (band ∩ other tiers = ∅); /firms/ band corrected (SMEPS evidence is not a boundary),Same,Same,Accepted,CLOSED (P1-A)
P1-F12,P1.3,Specialist J,All section renderers,body rendering,Authored line breaks collapsed into one paragraph,Renderer wrapped whole bodies in one <p>,/data/ inventory and Reading bodies rendered as run-on text,MATERIAL,Unreadable lists and paragraphs,One paragraph per authored line; pure label-value inventory renders as <dl>,Validator narrative-loss check per paragraph,Same,Same,Accepted,CLOSED (P1-A)
P1-F08,P1.3,Editor I,110 Evidence Record pages,hero lead vs summary,Summary printed twice on every record page,"Hero lead and ""What does this evidence establish?"" carried the same text",dist evidence pages,EDITORIAL,Repetition on the core verification page,Lead shown only when it differs from the summary,—,—,—,Accepted,CLOSED (P1-C build)
P1-F09,P1.3,Specialist J,Domain visual blocks,meta pills,Period/unit pills repeated the text alternative's scope line,Duplicate rendering,dist domain pages,EDITORIAL,Noise,Scope stated once inside the text alternative,P3 design rule for text alternatives,—,—,Accepted,CLOSED (P1-A)
P1-F10,P1.3,Editor I,/explore/,question-list heading,Hero and list heading near-identical,"""Start with the question, not the dataset"" / ""Start with the decision or problem, not the dataset""",dist /explore/,EDITORIAL,Repetition at first load,"List heading names the task: ""Find the question closest to your decision""",—,Rewritten,Rewritten,Accepted,CLOSED (P1-A)
P1-F06,P1.3,Editors H/I,/about/,s5 body; s7 body,"""It does not make decisions for users or simulate policy outcomes"" in lead and s5; «المنتج» self-reference in AR s5",Duplicate sentence; residual product self-reference,dist /about/,EDITORIAL,Repetition,Keep in lead; remove from s5; AR self-reference removed,—,Fixed,Fixed,Accepted,CLOSED (P1-A)
P1-F05,P1.4,Specialist A + Editors,Domain verify blocks; evidence/methodology/measurement cards; /explore/; /readings/; /measurement/ s3; /about/ s7,ID display and copy,"""without needing to know internal IDs"" beside visible CLM-001; decorative ID badges; ""immutable ID … release history"" jargon",No public-ID policy,dist scan (CLM/MA/VIS/DS IDs on non-detail pages),MATERIAL,Contradictory message; backend look,"PID-1: descriptive labels drive links; stable references shown only where they aid verification or citation (Evidence Record page, Evidence directory, Measurement Agenda list, Reading verification path, source directory), always labelled ""Reference""",Validator P1-G05,«المرجع»,"""Reference""",Accepted,CLOSED (P1-A)
P1-F11,P1.4,Editor H/I,/measurement/ cards,priority label,"P0/P1 labelled ""Evidence sequence"" / «ترتيب فجوة الدليل»",Label misdescribes a governed priority code,build.py,EDITORIAL,Misleading label,"""Priority"" / «الأولوية»; each card anchored at its reference for deep links",Anchors enable /measurement/#MA-00x (P2.3),Fixed,Fixed,Accepted,CLOSED (P1-A)
P1-X1,P1.2/P1.6,Specialist B (P16-X1),scripts/audit_public_literals.py,classification,"Substring matching (""26"" in ""2026"") and paragraph keyword/ID-term escape routes",The main public-truth gate could pass untraced numbers,P16 analysis §0; v2 prototype,BLOCKER,Untraced public numbers can reach release,"Audit v2: token-bounded, token-level classes; explicit reasoned allowances file","v2 found /reforms/ FMIIP baselines, /providers/ wallet counts and the CWR-010 45,460 figure untraced; all closed before switch-over",—,—,Accepted,CLOSED (P1-D)
P1-X2,P1.6,Specialist B/D (P16-X2),/reforms/ s6,public numbers,"1,062,441; 200,898; 375,252; 170; 65 published with no record carrying them",Passed only through the keyword heuristic,PUBLIC_LITERAL_CLOSURE v1,MATERIAL,Unverifiable public numbers,"New Evidence Record FMIIP-BASELINE-2025-01 (SRC-WB-FMIIP-P180708), bound to /reforms/ and /evidence/compare/",+2 HTML pages,Bilingual record,Bilingual record,Accepted (new route justified: independently addressable verification object),CLOSED (P1-C)
P1-X3,P1.6,Specialist D (P16-X3),XW-FMIIP-005,summary/limitations/sources,"2030 target 1,021 published without the 817 baseline",Breach of the governed target-with-baseline rule,dist /evidence/XW-FMIIP-005/,MATERIAL,Target read without its baseline,Extend with the 817 baseline and SRC-WB-FMIIP-P180708; no progress percentage,Bound also to /access/,Fixed,Fixed,Accepted,CLOSED (P1-C)
P1-L01,P1.5,Specialist F (P15),CLM-017,06 lineage,"BOUND_PARTIAL (listing page ""unbound"")",The listing page is a governed source (15 SRC-CBY-POS-PUBLICATION-PAGE-2026-001),15 r70; 16 DS-PAYMENT-CURRENTNESS,MATERIAL,Understated traceability,Close to that source,—,—,—,Accepted,CLOSED (P1-B)
P1-L02,P1.5,Specialist F (P15),CLM-045,06 lineage,BOUND_PARTIAL (dataset token),Row-level QQL-012/013/014 tie the named links to three CCY sources,32 r89–r91 → QUAL-014/016/018,MATERIAL,Understated traceability,"Close; locator-less sources stated, never named (publication firewall)",Renderer note P15-F2,Governed note,Governed note,Accepted with firewall correction (Lead rejected naming locator-less sources),CLOSED (P1-B)
P1-L03,P1.5,"Specialists B/F (P15-F1, P16-X4)",CLM-054,06 source_dependencies,Prints CBY-Aden market rates without binding SRC-CBY-001,Reader trace led to documents that do not contain the figures,18 OBS-CBY-00621/00657,MATERIAL,False trace,Add SRC-CBY-001,—,—,—,Accepted,CLOSED (P1-B)
P1-L04,P1.5,Specialist F (P15),VIS-PROVIDER-TIME; VIS-DEMAND-VINTAGE-LADDER; DS-FINDEX-HISTORY-CROSSWALK; DS-QUAL-EVIDENCE,06 lineage,Unbound / unlisted composites,Members or row-level sources are demonstrable from governed text,P15 §2–3,MATERIAL,Understated traceability,List members (3); bind the register to its 10 row-level sources,Composite member lists render with titles and labelled references,—,—,Accepted,CLOSED (P1-B)
P1-L08,P1.5,Specialist G (P15 §4),All 10 Readings,08 bindings,All PARTIALLY_RESOLVED; dataset tokens; figures carried by unbound records,Reading → record → source path not explicit,P15 §4; closure,MATERIAL,Readings not verifiable end to end,Bind the records that carry each proposition; drop dataset and internal tokens those records already carry; render the explicit path,9 of 10 Readings close; CWR-006 remains partial on CLM-056 (honest),Path copy governed in 04,Same,Accepted,CLOSED (P1-B)
P1-L10,P1.5,Specialist G (P15-F4) / audit v2,CWR-010; CLM-045,"06 summary, 07 copy","45,460 recipients stated by the Reading with no record carrying it",Source-direct figure,15 SRC-WB-G2PX-YEM-UCT-2024-001 why_it_matters,MATERIAL,Untraced public number,Extend CLM-045 (its bound source reports the figure),—,Same wording as the source card,Same,Accepted,CLOSED (P1-D)
P1-L11,P1.5,Specialist F,"CLM-039, CLM-046, CLM-056, VIS-PAYMENT-RAILS; 9 unlisted composites",06 lineage,Remain partial / unlisted,"Closing needs new governed evidence (source promotion, data rows) or members are not enumerable",P15 §1–2,MATERIAL (open),Stated honestly on each record page,Keep open; CLM-056 closes after Master-first data rows from SRC-SANAA-MF-2020 are verified,CWR-006 stays partial,—,—,Accepted: KEEP OPEN,OPEN — tracked
P1-H01,P1.6,Specialist D (P16),PB-0521 /payments/; CLM-010,06/07/03,Held,"E-wallet subscriber series (414,631 / 507,585 / 581,075; 2,102,484) with its break",19 OBS-00014/15/16/34,MATERIAL,Missing core digital-finance evidence,"Bind and extend CLM-010 (+/payments/, /providers/); new /payments/ section; drop the 11.9% sentence",Also closes 7/9/8 on /providers/,Bilingual,Bilingual,Accepted,CLOSED (P1-C)
P1-H02,P1.6,Specialist D/E (P16),PB-0522 /access/,03 new section; CLM-008/009 routes,Held,"Provider lists with the operating-status firewall; FMIIP 817/1,021",22 r139–141; bank list; 31 FMIIP-RF-004,MATERIAL,Access page lacked provider magnitudes,Bind CLM-008/009; extend XW-FMIIP-005; new /access/ section,—,Bilingual,Bilingual,Accepted,CLOSED (P1-C)
P1-H03,P1.6,Specialist C (P16),PB-0520 /firms/,new record CLM-062 + section,Held,Firm financing behaviour (accounts 58.2%; bank share of working capital 0.56%; exchangers 73.48%; informal 80.18% without account),"20_FIRM_FINANCE r5, r47–55, r71",MATERIAL,Firm-side access ≠ use evidence absent,New claim CLM-062 on SRC-WB-FSD-2024-001 (two omitted working-capital shares added; base caveats); new /firms/ section,+2 HTML pages; CLM-061 not issued (was reserved for rejected PB-0322),Bilingual,Bilingual,Accepted (new route justified),CLOSED (P1-C)
P1-H04,P1.6,Specialist B (P16),PB-0345 /evidence/compare/,new section; CLM-001 route,Held,"Worked ""not comparable"" example: 11.9% / about 3.3 million / FMIIP account baselines","CLM-001, CLM-054, FMIIP-BASELINE-2025-01",MATERIAL,Compare lacked a worked example,Bind CLM-001; new FMIIP baseline record; new section,Records selectable in Compare,Bilingual,Bilingual,Accepted,CLOSED (P1-C)
P1-H05,P1.6,Specialist B (P16-X6),PB-0614 /methodology/,new section,Held,Uncertainty rule; the numeric example collided with a raw case share (15.5%) on the route,CLM-024 limitations,MATERIAL,—,Publish the rule without numbers,—,Bilingual,Bilingual,Accepted,CLOSED (P1-C)
P1-H06,P1.6,Lead,PB-0160/0161 /finance/,—,Held,"Single nominal-rial credit stock that may not be converted, deflated or compared across the January-2023 valuation change; low interpretable value on /finance/",18 OBS-CBY-00381,MATERIAL,—,REJECT now; a CBY monetary series with its valuation break is a candidate for the Measurement/Design stage,SRC-CBY-001 lineage gap closed through CLM-054 instead,—,—,Rejected,CLOSED (rejected)
P1-H07,P1.6,Lead,PB-0322 (CLM-061 income-gap claim),—,Held,Duplicative: the income-group gap is published on /people/ through VIS-FINDEX-GAPS and in MA-003 with its source,/people/ s3; VIS-FINDEX-GAPS,EDITORIAL,—,REJECT (duplicative); CLM-061 not issued,—,—,—,Rejected,CLOSED (rejected)
P1-H08,P1.6,Lead,PB-0525 (/providers/ status-event table),—,Held,Needs governed Arabic event text and entity names taken from the source instruments,22 status-event block is English-only,MATERIAL,—,Defer to R8.5 with that precondition,—,Precondition,—,Deferred with reason,DEFERRED (R8.5)
P1-C01,P1.7,Specialist F (P17-04),YSC-019,does_not_establish_en/ar,No agreement ≠ deposit ≠ disbursement boundary,Semantic firewall gap,34 EP-SAUDI-SUPPORT-FLOWSTATE-K04,MATERIAL,Agreement readable as money deposited,Add the boundary sentence,—,Added,Added,Accepted,CLOSED (P1-D)
P1-C02,P1.7,Specialist F (P17-03),15 SRC-WB-FMIIP-ISR-2026-04 / ISR2-2026-001,source identity,Two source records for one World Bank document,Duplicate identity,Same primary URL,MATERIAL,Inflated source count; untitled duplicate,Re-point YSC-018 and the catalog row to the titled record; retire the duplicate,"Sources 160→159, public locators 151→150 (derived automatically)",—,—,Accepted,CLOSED (P1-D)
P1-C03,P1.7,Editors (P17-08),YSC-018 fact_ar; YSC-023 fact_en/ar,wording,"Arabic FMIIP name differs from its source card; ""mission statement"" for a press release",Editorial precision,P17 §B,EDITORIAL,—,Align,—,Aligned,Aligned,Accepted,CLOSED (P1-D)
P1-C04,P1.7,Specialist F (P17-05),16 DS-V4R3-SYSTEM-CHRONOLOGY,rows/period/source counts,"Stale (20 rows, to 2026-03)",Current-state metadata drift,14_SYSTEM_CHRONOLOGY,EDITORIAL,—,Refresh from the sheet,—,—,—,Accepted,CLOSED (P1-D)
P1-C05,P1.7,Specialist F (P17-01),AIR-001 certified projection,audit lineage,Certified file (8d058126…) not retained,Per-field replay impossible,AIR-001 ledger,MATERIAL,Unreproducible restoration,Recover from the entry ZIP; archive; replay,Replay: all restored events field-identical except the logged PB-0415.S119 edit to YSC-020,—,—,Accepted,CLOSED (P1-D)
P1-C06,P1.7,Specialist F (P17-02/07),"YSC-014, YSC-015, YSC-017",fact,Not verifiable against IMF Country Report 26/80 (403 on every route); YSC-014 in tension with another IMF soundness panel; unit unstated,Original source unreachable in this environment,P17 §B,MATERIAL (open),Figures rest on an unread original,Primary read of CR 26/80 before release; no change without it,—,—,—,"Accepted: KEEP, flag",OPEN — needs primary read
P1-R01,P1,Lead,scripts/validate.py; scripts/rebind_authority.py,hard-coded counts,"284 pages, 108 records, 10 Readings frozen; page totals and search count not rebound; addressable-source rule loose",Counts frozen in code made the baseline a goal,validate.py l.108/543/1248; rebind counts(),MATERIAL,Route count preserved for its own sake,Derive from projections (2×specs+2; 06 records; 08 Readings; http rule),—,—,—,Accepted,CLOSED (P1-C)
P1-O01,P1.3,Lead,/data/ source directory,per-card copy,Rights sentence repeated on every source card (26 EN / 151 AR),Rights presentation,dup scan,EDITORIAL,Heavy repetition,Resolve with the P2.3 rights/citation contract,—,—,—,Accepted: compact per-card reuse-terms state; boundary stated once for the directory (P2.3),CLOSED (P2-B)
P2-F01,P2.1,A (IA/journey) + J (a11y),/evidence/compare/,URL state,"Selection lived only in the form; reload, copy or language switch lost it","A comparison could not be shared, cited or restored",Entry app.js: no records parameter read or written,MATERIAL,A user cannot send a colleague the comparison they are looking at,"?records=ID,ID[,ID[,ID]] in slot order; URL always mirrors the drawn comparison (replaceState); copy-link control; count/malformed/unknown = technical errors (role=alert, no verdict); duplicate = same-record verdict",app.js Compare block; build.py share control; tests (11); gate P2-G02,Arabic copy control and error texts added,Same,Accepted,CLOSED (P2-A/B)
P2-F02,P2.2,A + H + I,Search (EN/AR),ranking for high-value intents,"Legacy 28-term probe: 43 PASS / 13 WEAK (deposits, SME finance, RTGS, consumer protection, complaints, FMIIP in EN/AR; two AR intents)",Topic queries surfaced detail records ahead of the page that explains the topic,audit/pre_tranche_c/runs/SEARCH_CANONICAL_PROBE_BEFORE_AFTER.json,MATERIAL,Users land on a fragment before the explanation,"Governed discovery aliases SEARCH-ALIAS-018..024 (Master 04, route targets only, one boundary note on complaints); canonical 30-intent probe with explicit expected destinations and a rationale per intent; no ranking weights changed; no synonym asserted",Legacy probe 54 PASS / 2 WEAK; canonical probe 55/5 -> 60/0 PASS; validator P2-G01 fails on any FAIL or unexplained WEAK,Arabic alias terms authored natively (e.g. الودائع; التسوية الإجمالية الفورية),Same,"Accepted. The two remaining legacy WEAK (AR cash transfer, access points) rank an answer-carrying Evidence Record first; the canonical probe names those records as valid destinations with rationale rather than forcing the page up",CLOSED (P2-A)
P2-F03,P2.3,A,Search -> Measurement,route,All 10 Measurement search records pointed to /measurement/ with no anchor,A search hit for a priority dropped the user at the top of a long page,Entry search_index: route '/measurement/' x10,MATERIAL,The user has to find the priority again by scrolling,search_templates measurement_route '/measurement/#{id}'; generator formats the anchor; nav counts strip ?/#,Search records and anchors on /measurement/,Anchors are the same in both languages,Same,Accepted,CLOSED (P2-A)
P2-F04,P2.3,J + K (journalist),/data/?source=,deep-link error state,An unknown source reference was typed into the filter and produced an empty directory,A broken link looked like 'no sources',Entry app.js l.171-181,MATERIAL,A mistyped or retired link reads as absence of evidence,"Unknown reference: status role=alert, data-source-link-error=unknown, all sources stay visible; known reference opens and focuses its card",Test t_source_unknown/t_source_deeplink,Arabic alert text,Same,Accepted,CLOSED (P2-A)
P2-F05,P2.3,B + K (citizen),"Search, /data/ filter",empty state,'No matching public evidence.' / «لا توجد نتيجة مطابقة ضمن الأدلة العامة.»,An empty search was worded as an absence of evidence,Entry app.js l.85,MATERIAL,missing != zero: a reader may conclude there is no evidence on the topic,'No result matches this search. This does not mean there is no evidence on the topic…' (search and source filter),"Tests t_search_results, t_source_nomatch",Arabic says لا يعني ذلك غياب الأدلة,Same,Accepted,CLOSED (P2-A)
P2-F06,P2.3,F + K (source owner),"/contact/, /corrections/",record context,Contact had no record context; Corrections accepted any well-formed string and linked it as a record; malformed input was silently ignored,"A report could lose the record it is about, or point at a record that does not exist",Entry app.js l.185-191; entry contact HTML,MATERIAL,Reports arrive without the reference; unknown references look valid,"Record context on both pages, validated against the published record set; malformed/unknown = technical error (role=alert); on Contact a mail action carries the reference into the subject line using the governed address and subject instruction","Tests t_record_context, t_report_issue (EN/AR); gate P2-G02",Arabic subject uses «المرجع»,Same,Accepted,CLOSED (P2-B/D)
P2-F07,P2.3,F + I,source citation payloads; source aside,cite text,124 locator-only sources cited as 'SRC-X · SRC-X · URL'; the source aside used the reference as its own link text beside the same reference,Citation text repeated the reference as if it were a title,dist/en/data: 124 of 150 payloads,MATERIAL,A copied citation looks malformed and implies a title that does not exist,Locator-only: 'reference · locator'; titled: 'title · reference · locator'; aside link named for its action; never invent bibliography,Gate: no citation repeats a part; test t_cite_source,Same rule,Same,Accepted,CLOSED (P2-C)
P2-F08,P2.4,J,site-wide section headers,eyebrow + h2,"696 section headers printed the same label twice (eyebrow and heading), e.g. 'Continue from here'","Visible repetition, and screen readers announce it twice",dist scan: 8 builder patterns,EDITORIAL,Noise on every page,"Heading kept, duplicate eyebrow removed",Gate P2-G03 (eyebrow equal to adjacent heading),Same,Same,Accepted,CLOSED (P2-D)
P2-F09,P2.3,H + I,/en/data/ source filter,placeholder; label,English page carried the Arabic placeholder «مثال: SRC-CBY…»; label said 'source ID' where PID-1 says 'Reference',Language leak and inconsistent reference vocabulary,build.py source_directory,EDITORIAL,English readers see Arabic in a control,Localised placeholder; label 'Find a source by title or reference' / «ابحث عن مصدر بعنوانه أو مرجعه»,Gate: no Arabic placeholder on an English page,Arabic label aligned to «المرجع»,English aligned to 'Reference',Accepted,CLOSED (P2-D)
P2-F10,P2.3,F (librarian),/data/ source directory,metadata_state,"133 of 159 source records are LOCATOR_ONLY (no governed title, publisher or document type); only 26 are DISPLAY_READY","A truthful category filter (laws, CBY decisions, surveys, datasets) cannot be built on missing metadata",source_reference_map.json metadata_state counts,MATERIAL,"Users find a law or decision by search or by the domain page, not by filtering the directory by type","Do not synthesise types in the interface. Promote bibliographic metadata Master-first (title, issuer, document type, date) with a primary read, then add the filter",Blocks a type filter in Design; does not block Tranche C design of the directory as a locator list,Arabic titles need native authoring at promotion,Same,Deferred: source-metadata promotion is corpus work outside P2 (no research redo in this programme),DEFERRED (corpus)
P2-F11,P2.3,A,Evidence Record -> Compare,entry point,No path from an Evidence Record into Compare with that record selected,Compare is reachable only from its own page,dist/en/evidence/CLM-001: no compare link,EDITORIAL,Extra steps for a common task,Design/React: 'compare this record' entry that pre-selects the record and asks for a second; keep the 2-4 URL contract,Recorded as a Design/React requirement in P2 closure,—,—,Accepted as design requirement,DESIGN REQUIREMENT
P3-F01,P3,J/B (binding audit),"11 VIS-CAPITAL-CONTEXT, VIS-FIRM-CONSTRAINTS, VIS-FIRM-FINANCE-SEVERITY, VIS-FCP-REDRESS-PATH",evidence_strength; freshness_profile,Values copied from other visuals (remittance vintage text; 2025-Q3; Findex caveat; 2021→),Design would print a wrong vintage/strength in frame,"11 r9, r22, r23, r25; Tranche B PB-0180 landed on the capital-context row",MATERIAL,A 2022 survey chart labelled 2025-Q3,Reset from each row's own period/source_period and governed class (35 fi_relevance_class; EP-FIRM-2022),Design contract metadata truthful,n/a (EN metadata),Same,Accepted,CLOSED (P3-A)
P3-F02,P3,J/B + K (citizen) + H,"VIS-FINDEX-GAPS (11, 06)",period; universe; currentness; title,'2022 observation'; «من تبقى خارج الوصول؟»,"Collapsed reporting year, wave and fieldwork; ownership titled as access; present tense on 2022-23 data",CLM-001 governs 'reporting year 2022; Findex 2021 study; fieldwork 2022-11-07 to 2023-01-09',MATERIAL,observation ≠ fieldwork ≠ publication firewall breached on a core visual,Align to CLM-001 fields; retitle 'Account ownership and measured gaps in the latest Yemen survey',"Evidence page, /people/, search",Arabic title uses «امتلاك الحساب والفجوات المقاسة»,Same,Accepted,CLOSED (P3-A)
P3-F03,P3,"K (journalist, IMF) + E",VIS-REMITTANCE-MACRO; CLM-007; EP-REMITTANCE-MACRO,universe; period; currentness; passport,Universe without scope; 'Observed 2018–2024'; currentness 'bounded to 2018–2030',IMF series is on the IMF analytical scope for IRG areas (CLM-036/042); history is staff calculations; projections are not current,CLM-036/042 governed universes; Tranche B REFINE of this visual,MATERIAL,A crop reads 'Yemen remittances' beside CBY values of another scope,Universe states IRG analytical scope; 'reported history (staff calculations)'; currentness separates estimate/projection,"Evidence pages, passport, data contract",Arabic uses «مناطق الحكومة المعترف بها دوليًا» as in CLM-042,Same,Accepted,CLOSED (P3-A)
P3-F04,P3,"K (payment provider, researcher)",VIS-POS-TERMINALS/-TRANSACTIONS/-VALUE,title; summary,"'Footprint Pulse', 'Usage Pulse', 'Transaction Value'; 'rose from 8,015 to 24,026'",Titles implied reach and people; value not marked nominal; endpoint framing hid the July 2025 high,"19 OBS-00064 = 27,187",MATERIAL,infrastructure ≠ use; nominal ≠ real,"Titles 'Reported POS terminals/transactions, monthly', 'Nominal value of reported POS transactions, monthly'; summary names the July high","Evidence pages, /payments/, search",Arabic titles «…المبلغ عنها شهريًا»,Same,Accepted,CLOSED (P3-A)
P3-F05,P3,H + K,11 VIS-POS-TERMINALS; 06/07 CLM-010; 33 DA corridor notes,Arabic text,"'1,357→1,473', '7→9→8', 'الإمارات→اليمن'",U+2192 is not mirrored in RTL: the arrow points against the reading order,Unicode Bidi_Mirrored=No for U+2192,EDITORIAL,Arabic reader sees a reversed sequence,Written in words; validator P3-G04 bars U+2192 between numbers on Arabic pages (U+2190 reads correctly),—,Arabic only,—,Accepted,CLOSED (P3-A)
P3-F06,P3,J/B,19_PAYMENTS_DATA r67-86,source_locator,'one-page monthly POS infographic; web ref turn…' ×20,Research-tool artefacts in governed locators that a data contract would carry,Master scan,EDITORIAL,Internal jargon in design data,Removed; the month is carried by source_id,—,—,—,Accepted,CLOSED (P3-A)
P3-F07,P3,J/B + K,"VIS-INCLUSION-TRANSMISSION; 13 SL-019, SL-022..026",contract; relationships,Promised an evidence state on each link; 21/26 links unreferenced; SL-022..026 cite an unregistered ID; SL-019 node exists nowhere,The Home system map could not be drawn truthfully,13_SYSTEM_RELATIONSHIPS,MATERIAL,A drawn map would invent evidence states and read as causal ('transmission'),Contract describes documented relationship statements; title 'connected system'; TABLE_TEXT_FIRST; references re-pointed to DS-V4R3-SYSTEM-CHRONOLOGY and CLM-060,Home text alternative; design tier,Arabic title «منظومة مترابطة»; design-brief phrase «خريطة هادئة» removed,Same,Accepted,CLOSED (P3-A)
P3-F08,P3,J/B + K,RV-CWR-006; RV-CWR-001,title,'are moving differently'; 'two published baselines',Titles contradicted the governed thesis/claim,CWR-006 thesis; CLM-032,EDITORIAL,A divergence story the evidence rejects,"'separate anchors, not one trend'; 'two published values'",Reading pages,Arabic titles aligned,Same,Accepted,CLOSED (P3-A/C)
P3-F09,P3,K (source owner) + E,CLM-034; /remittances/ s3,boundary copy,"'does not establish smoothing, interpolation, manipulation…'",Names an allegation of intent about a named official source,"06 r105, 07 r38, 03, 33 r82",EDITORIAL,Reads as an accusation; conflict-sensitive framing,'manipulation' removed; method-scrutiny boundary kept,Full copy regenerated,Arabic «التلاعب» removed,Same,Accepted,CLOSED (P3-A)
P3-F10,P3,J/B,22_PROVIDERS_DATA r5-60,current_state_as_of,Excel serials 46272 / 46282 in General format,Dates unreadable in any projection,"openpyxl: numeric, General",EDITORIAL,Dated provider states print as numbers,"ISO dates they encode (2026-09-07 / 2026-09-17), matching the governed PUC reference_state",providers_data projection,—,—,Accepted,CLOSED (P3-A)
P3-F11,P3,J/B,RV-CWR-001; 14 YSC-013,data rows; unit,"CBY vintage values for 2024 only in prose, YSC-013 without unit",A signature chart would bind to prose,"07 CLM-032 (USD bn), 14 YSC-013 (6,245 / 3,422.16)",MATERIAL,Signature not drawable from rows,Two rows in 23_REMITTANCES (RMO-CBY-2024-AR2024 / -AR2025); unit added to YSC-013,Data contract; chronology text,Arabic unit «مليون دولار»,Same,Accepted,CLOSED (P3-B)
P3-F12,P3,K (source owner),15 six CBY news sources,publisher,null,No governed credit line for the RV-CWR-009 signature frame,"Master attributes cby-ye.com documents to 'Central Bank of Yemen — Aden' (15, 34, 22)",MATERIAL,Detached chart without a credit line,Publisher set for the six; remaining 45 CBY-hosted sources stay with P2-F10,Source asides show publisher,Publisher governed in English only,—,Accepted (bounded),CLOSED (P3-C)
P3-F13,P3,K + H (C2),12 visuals without an Evidence Record,period_ar; universe_ar (new 11 columns),Arabic text alternative dropped the scope line English shows (6 of 18 had it),Arabic crops lose period and universe,dist scan,MATERIAL,Arabic co-authority breached on detached use,11 gains period_ar/universe_ar; renderer binds scope from 06 or 11 in both languages; validator P3-G03,Structure contract updated,24 Arabic scope strings,EN scope now period + universe for these twelve,Accepted,CLOSED (P3-D)
P3-G01,P3,J + H + I,04 governed interface copy,UI-VIS-* (33),"No governed vocabulary for evidence states, breaks, gaps, disagreement, target/result, chain states or frame labels",Design would author semantic labels,—,MATERIAL,Parallel truth in design,33 bilingual labels; generator fails on any ungoverned grammar label,visual_design_contracts.json grammar_labels,"Arabic Lead-authored, not externally certified",Same,Accepted,CLOSED (P3-B/C)
P3-D01,P3,K,RV-CWR-009 on Home,IA,Red team proposed RV-CWR-009 as the Home signature,Home binding belongs to closed R8.4A,R8.4A closure,EDITORIAL,—,Not adopted in P3; Design may propose it as a governed Master-first change,—,—,—,Rejected for P3,DISCARD
P3-D02,P3,J/B,"31 REF-PAY-006/010, 007/013; 33 DA/XW rows; VIS-OECD-FCP 2021 node; 45 CBY publishers",various,Duplicate events; analytics labels; possible stray node; publisher gaps,Hygiene with no truth effect on SIGNATURE/CORE contracts,binding audit,EDITORIAL,—,Data contract deduplicates events; others deferred to corpus/hygiene work,—,—,—,Deferred,DEFERRED
P3-B01,P3,Lead,RV-CWR-001 panel 2; RV-CWR-009 REF-PAY-001,data contract blockers,CBY AR2025 2021-2023 values not held; REF-PAY-001 locator has no source record,"Release blockers, not design blockers",visual_design_contracts.json blockers,MATERIAL,Panel/credit cannot ship,Primary read of SRC-CBY-AR2025-BOP; source record for REF-PAY-001 (Master-first),Summary of RV-CWR-001 must be amended if panel 2 is not drawn,—,—,Recorded,OPEN (release blocker)
P4-R01,P4.2,G + Lead,09_READING_SECTIONS vs 03/08,Reading copy,Two stores of Reading copy: 78 of 80 section bodies equal; CWR-008 s2 and MFI s5 bodies and the CWR-004/CWR-007 section-1 theses differed,Two Reading truths,P4A ledger; test_one_reading_truth,MATERIAL,A reader could see a different Reading in a projection than on the page,Adjudicate each difference; owners are 08 (thesis) and 03 (sections 2-9); 09 becomes a pure index (P4-D) and generation stops if text is written into it,reading_sections.json DERIVED from 08/03,Both editions adjudicated,Same,Accepted,"CLOSED (P4-A, P4-D)"
P4-L01,P4.3,B + H + I,06 limitations_* (38 records),limitations,English carried 'A | B' but Arabic lacked the delimiter in 38 records; the boundary was one merged sentence on the page,Prohibited inference and limit of the measure were not separable,P4A ledger; validator S04.1/P4-G02,MATERIAL,Readers could not tell a prohibited inference from a measurement limit,Author the delimiter in both languages; derive does_not_establish_* and measurement_limitation_*; render each part under its governed label; never print the delimiter,evidence_objects.json derived fields; build _boundary_parts; test_boundary_parts_bilingual,38 Arabic records re-cut,Same,Accepted,CLOSED (P4-A)
P4-L02,P4.3,H + I,04 interface copy,UI-EVID-DOES-NOT-ESTABLISH / UI-EVID-MEASUREMENT-LIMITS,No governed labels for the two boundary parts,Design would author them,P4A ledger,EDITORIAL,—,Two governed bilingual labels (Arabic label refined in P4-D),evidence record boundary band,«ما الذي لا يثبته هذا الدليل» / «حدود القياس»,Same,Accepted,"CLOSED (P4-A, P4-D)"
P4-E01,P4.3,H,CLM-047,limitations_ar; does_not_prove_ar,Arabic IIP wording did not match the English meaning,Meaning drift between editions,P4A ledger,EDITORIAL,—,Rewrite Arabic,—,Rewritten,—,Accepted,CLOSED (P4-A)
P4-E02,P4.3,I,06 limitations_en part B (16 records),limitations_en,"Part B was passport shorthand (e.g. '>1/4 PSUs replaced', 'E&O', 'IIP') once shown under its own label",Internal shorthand on public pages,P4B ledger,EDITORIAL,Unreadable limits,Rewrite as reader prose with the same content; passports keep their shorthand,—,—,Rewritten,Accepted,CLOSED (P4-B)
P4-C01,P4.1,A + Lead,README; Context; AUTHORITY; handoff manifest; navigation contract; handoff/*.md; design/architecture,current-state story,"Stale counts, hashes, navigation and programme state across current-state files",More than one current-state story,P4 closure §2,MATERIAL,Recipients act on stale facts,"Classify CURRENT_STATE vs HISTORICAL_LINEAGE; derive counts, navigation and hashes by rebind/generator; gates P4-G01 (counts), P4-G03 (navigation, EN/AR, children, trust, rendered labels), P4-G04 (hashes), P4-G05 (diagrams)",rebind_authority.py; derived navigation alignment; scripts/architecture_diagrams.py,—,—,Accepted,"CLOSED (P4-C, P4-F)"
P4-C02,P4.4,A + J,handoff/CLAUDE_DESIGN_MASTER_PROMPT.md and siblings,design prompt drift,"Counts, navigation, tool behaviour and visual tiers drifted; two §8A headings; typography rule contradicted itself across four files",Design would inherit contradictions,P4 closure §5,EDITORIAL,—,"Fix drift only; keep DRAFT — DO NOT EXECUTE YET; one typography rule (IBM Plex default, departure with written rationale)",—,—,—,Accepted,"CLOSED (P4-C, P4-F)"
P4-C03,P4.5,Lead,repository,hygiene,__pycache__/*.pyc present after gate runs,Temporary artefacts in the package,acceptance row 15,EDITORIAL,—,Gates run with PYTHONDONTWRITEBYTECODE=1; caches removed before packaging; no lineage or runtime duplicate removed (R8.5),—,—,—,Accepted,CLOSED (P4-F)
V-D1,P4 verification,K + F + Lead,CLM-044; /readings/same-year-different-number/,publication state,A source with no public locator and unassessed rights (CCY) was named and its value printed on the record and the Reading; the Reading claimed every figure traced to a named source,Publication-firewall breach; false completeness claim,INDEPENDENT_VERIFICATION D1,BLOCKER,"A reader reuses an unverifiable, unassessed figure","Master-first: withhold producer and value on every public surface; CLM-044 becomes a method record with the governed BOUND_UNLISTED verification text; governed Reading status for unlisted material; validator S04.3 (producer names, withheld value) and generator guard (no figure on an unlisted-only record)",Numeric signature of the Reading no longer includes the value,Rewritten,Rewritten,Accepted; restoring the value needs a public locator and a rights assessment (Master-first),CLOSED (P4-D)
V-D2,P4 verification,K,checkpoint; navigation contract; diagrams; gates,current state,Checkpoint stale; family route count 108; Measurement footer-only prominence; diagrams with old navigation and counts; weak gates,Second current-state story,INDEPENDENT_VERIFICATION D2,MATERIAL,—,Checkpoint rewritten; navigation contract aligned by the generator; diagrams derived; P4-G03/G04/G05; acceptance rows de-duplicated and browser rows honest,—,—,—,Accepted,"CLOSED (P4-D, P4-F)"
V-D3,P4 verification,A + I,breadcrumbs; domain pages; Home; footer,labels,"'Readings', 'Sources & data', 'Data & Sources', 'Method and measurement' differed from the navigation labels",Two names for one destination,INDEPENDENT_VERIFICATION D3,EDITORIAL,—,Every name of a navigation destination comes from the navigation contract (generator alignment; build _nav_label); rendered-label gate P4-G03,—,Aligned,Aligned,Accepted,"CLOSED (P4-D, P4-F)"
V-D4,P4 verification,H + I,06 limitations part B,limitations,11 Arabic B parts began with a dangling connective; B restated A in five records; EN/AR meaning differed in four,Mechanical split,INDEPENDENT_VERIFICATION D4,MATERIAL,—,Rewrite B as a limit of the measure; align meaning (CLM-018/029/030/037/051); remove connectives,—,Rewritten,Rewritten,Accepted,CLOSED (P4-D)
V-D5,P4 verification,J + H,SIGNATURE/CORE data contracts,chart labels,"Category, series, lane, unit, event and state values had no Arabic (often no readable English) label",Design would author chart text,INDEPENDENT_VERIFICATION D5,MATERIAL,Arabic charts not buildable without authoring,"101 governed bilingual labels (UI-VIS-CAT-*, UI-VIS-UNIT-*, UI-VIS-BASELINE); controlled-input label map; generator adds <field>_label and stops on an unlabelled printed value; month-year periods gain ISO form; indicator and metric labels exposed",visual_design_contracts.json,"Lead-authored, not externally certified",Plain-language labels for codes,Accepted,CLOSED (P4-E)
V-D6,P4 verification,B + J,VIS-MFI-DIVERGENCE,data contract,2015 portfolio value had no grammar state; no units; promised NOMINAL and BREAK_UNIVERSE markers absent; one id for three values,Contract not implementable as stated,INDEPENDENT_VERIFICATION D6,MATERIAL,—,"Per-lane id (row#lane), unit and markers; base state with DISAGREEMENT marker; test_visual_display_labels",—,—,—,Accepted,CLOSED (P4-E)
V-D7,P4 verification,J + K,VIS-INCLUSION-TRANSMISSION; VIS-CAPITAL-CONTEXT,summary; P3 statement,"Summaries described a drawing ('The map links', 'The visual separates') the product does not draw; P3 said the SL list was rendered",Overstated rendering,INDEPENDENT_VERIFICATION D7,MATERIAL,—,Master-first text-first summaries; controlled-input rationale states what Design renders and what the baseline shows; erratum appended to the P3 closure,—,Rewritten,Rewritten,Accepted,"CLOSED (P4-D, P4-F)"
V-D8,P4 verification,B + H,CLM-007; VIS-REMITTANCE-MACRO; /remittances/,definition; period; currentness,'observed' for reported history; currentness bounded by a projection; «تاريخ مبلغ عنه» read as 'a reported date',Evidence-state drift,INDEPENDENT_VERIFICATION D8,MATERIAL,—,Reported history throughout; currentness names the latest reported value and states that estimate and projections are not observations,—,«قيم تاريخية»,Rewritten,Accepted,CLOSED (P4-D)
V-D9,P4 verification,H,04 UI-VIS-*; 11 RV-CWR-002/008; /firms/,Arabic labels,Access label equal to 'Accessibility'; 'outcome' as impact; 'approved' for verified; calques; micro dropped,Arabic meaning drift,INDEPENDENT_VERIFICATION D9,MATERIAL,—,Nine labels and three universe/body phrases rewritten; «المبلغ عنها» in POS titles kept (standard UN/IMF Arabic usage for 'reported'),—,Rewritten,—,Accepted (one item kept with reason),CLOSED (P4-D)
V-D10,P4 verification,A,Home s7,heading,Eyebrow repeated as heading (non-adjacent; AR with '?'),Read twice,INDEPENDENT_VERIFICATION D10,EDITORIAL,—,New heading; P2-G03 extended to any eyebrow/heading repeat in a section,—,Rewritten,Rewritten,Accepted,CLOSED (P4-D)
V-D11,P4 verification,J,build.py,arrows,'←' on English 'Continue from here' links; 'CLM → SRC' pointed back at the record in Arabic,Direction reversed,INDEPENDENT_VERIFICATION D11,EDITORIAL,—,Arrows follow the reading direction,—,Fixed,Fixed,Accepted,CLOSED (P4-D)
V-D12,P4 verification,A + I,/evidence/; Readings; /payments/; /data/; RV-CWR-001,repetition; overstated copy,Hero lead repeated a headed first section; Reading 'Do not infer' block repeated; 'the charts'; July 2025 high hidden; filters and downloads that do not exist,Repetition and overstatement,INDEPENDENT_VERIFICATION D12,EDITORIAL,—,Hero lead only from a heading-less section; Reading lead drops the note when the 'does not establish' section carries it; copy rewritten Master-first; RV-CWR-001 universe no longer repeats its period,—,Rewritten,Rewritten,Accepted,CLOSED (P4-D)
V-D13,P4 verification,A,handoff/*.md,consistency,Two §8A headings; typography rule contradicted; README_FIRST 'ready for' under HOLD; checklist cited a non-existent folder,Handoff contradictions,INDEPENDENT_VERIFICATION D13,EDITORIAL,—,Renumbered §8C; one typography rule in five places; README_FIRST conditional; checklist item generalised,—,—,—,Accepted,CLOSED (P4-F)
V-D14,P4 verification,H,Arabic copy,wording,«ما الذي يوضحه الدليل؟:»; «تشير… بأن»; «جغرافيا تمثل»; «7.4 مليار/مليارات»; two English-only Arabic card titles,Arabic quality,INDEPENDENT_VERIFICATION D14,EDITORIAL,—,Fixed in build and Master; the 7.4 value is withheld (V-D1),—,Rewritten,—,Accepted,CLOSED (P4-D)
V-D15,P4 verification,F + J,Findex locators; detached captions; currentness template; citation text,various,"Three Findex locators lacked ?locations=YE; captions carry a relative link; RV-CWR-004 would plot the data year, not the fieldwork span; 86 template currentness fields; citation copy hard-coded in build",Minor locator and presentation issues,INDEPENDENT_VERIFICATION D15,EDITORIAL,—,Locator form aligned (not re-fetched); caption link documented (Design prefixes the origin); RV-CWR-004 annotation binds the fieldwork span; template currentness and citation copy recorded for R8.5,—,—,—,Accepted (two items deferred),"CLOSED (P4-E, P4-F); template currentness and citation copy DEFERRED to R8.5"
V-D16,P4 verification,G,09_READING_SECTIONS,ownership,'One owner' was two copies kept equal by a guard,Claim precision,INDEPENDENT_VERIFICATION D16,EDITORIAL,—,09 copy and titles 2-9 emptied (340 cells); generator derives and stops on text in 09; test proves an owner-only edit regenerates,—,—,—,Accepted,CLOSED (P4-D)
P4-RV-R1,P4 re-verification,K + F,"34 passports EP-CCY-REMIT-RESIDUAL-MODEL-K04, EP-YEM-CASH-FIN-TRANSMISSION-K04",object; publisher; method; display_requirements,Passport payload still named the withheld producer and printed the value,Firewall held on pages but not in a payload the runtime ships,REVERIFICATION R1,MATERIAL,A runtime could print a withheld name or value,"Rewrite passport display fields Master-first; S04.3 extended to shipped governed payloads (passports, evidence objects, visual contracts, interface copy, Page Specs, Readings, sections)",evidence_passports.json,—,—,Accepted,CLOSED (P4-G)
P4-RV-R2,P4 re-verification,K,closure; SHA256SUMS; acceptance matrix,packaging,Closure not yet written; checksums stale; acceptance row 15 FAIL from old caches,Hand-back artefacts incomplete at verification time,REVERIFICATION R2,MATERIAL,—,Write the closure; remove caches; gates run without bytecode; regenerate SHA256SUMS at packaging; re-run acceptance,—,—,—,Accepted,CLOSED (P4 packaging)
P4-RV-R3,P4 re-verification,J + H,9 TABLE_TEXT_FIRST / RETIRE visuals,definition; method; summary; universe_ar,"Text-first and retired visuals still described drawings (visual summary, skyline, matrix, stacked bar, timeline, relationship graph; «بالشكل»)",Overstated rendering,REVERIFICATION R3,MATERIAL,—,"Definitions, methods, summaries and scope rewritten for the text-first form in 06, 11 and 03; 11 encoding_contract keeps the promotion encoding for Design",—,Rewritten,Rewritten,Accepted,CLOSED (P4-G)
P4-RV-R4,P4 re-verification,I + H,/remittances/ s2,body,'The chart breaks the line…' although no chart is drawn,Overstated rendering,REVERIFICATION R4,EDITORIAL,—,Rewrite as a rule about the series,—,Rewritten,Rewritten,Accepted,CLOSED (P4-G)
P4-RV-R5,P4 re-verification,J + H,VIS-PAYMENT-ANATOMY; VIS-REMITTANCE-COST,in-frame text,'Is not' lines and the average-of-quotes note existed only as English design instructions; encoding-only fields unpublished,Design would author in-frame text,REVERIFICATION R5,MATERIAL,—,8 governed bilingual in-frame labels; derived_labels (is_not_label) and frame_labels in the contract; label_fields and encoding_only_fields published per series; caveat declared not printed,visual_design_contracts.json,Lead-authored,—,Accepted,CLOSED (P4-G)
P4-RV-R6,P4 re-verification,H,04 UI-VIS-CAT-*,Arabic labels,"Agreement, tense and calque errors; an undated 'current' list; a ban stated as current",Arabic meaning drift,REVERIFICATION R6,MATERIAL,—,Nine labels corrected (EN where the meaning changed),—,Rewritten,Dated,Accepted,CLOSED (P4-G)
P4-RV-R7,P4 re-verification,B + H + I,06 limitations part B,limitations,"B restated A (CLM-016, CLM-051); CLM-037 Arabic tautology; CLM-036/040 two Arabic wordings of one sentence; two English B parts without a full stop",Mechanical boundary,REVERIFICATION R7,EDITORIAL,—,Rewritten as limits of the measure; one wording for CLM-036/040; full stops,—,Rewritten,Rewritten,Accepted; partial overlaps in CLM-008/012/050 kept (they state the reason behind A),CLOSED (P4-G)
P4-RV-R8,P4 re-verification,H,Arabic copy (12 cells),number agreement,«مليارات» after decimal numbers in some cells and «مليار» in others,Inconsistent grammar,REVERIFICATION R8,EDITORIAL,—,«مليار» after every decimal number,—,Rewritten,—,Accepted,CLOSED (P4-G)
P4-RV-R9,P4 re-verification,C + H,MA-004; CLM-059/060; CWR-008; KfW card,Arabic MSME,MSME rendered «الصغيرة والمتوسطة» (micro dropped); three Arabic terms for micro,Meaning drift,REVERIFICATION R9,MATERIAL,—,«المنشآت الصغرى والصغيرة والمتوسطة» wherever the English says MSME; SMEPS's proper Arabic name kept,—,Rewritten,—,Accepted,CLOSED (P4-G)
P4-RV-R10,P4 re-verification,G,09 section-1 titles,render,Section-1 titles in the index were never rendered; the page used a hard-coded label,Unused governed text,REVERIFICATION R10,EDITORIAL,—,The Reading thesis card is labelled with the governed section-1 title,build.py reading_detail,«ما الذي تسنده الأدلة»,'What the evidence supports',Accepted,CLOSED (P4-G)
P4-RV-N1,P4 re-verification,A,24 pages,section numbering,Numbering started at 02 where a heading-less lead was not rendered,Looks like a missing section,REVERIFICATION N1,EDITORIAL,—,Number the sections a reader sees; gate P2-G03 (01..n),—,—,—,Accepted,CLOSED (P4-G)
P4-RV-N2,P4 re-verification,A,/terms/ s6,heading,Empty <h2>,Broken heading structure,REVERIFICATION N2,EDITORIAL,—,Governed heading added; gate: no empty heading element,—,«تبقى الحقوق لمصدرها»,'Rights stay with the source',Accepted,CLOSED (P4-G)
P4-RV-N3,P4 re-verification,A,Home system summary,repetition,Summary and scope line listed the same system parts,Read twice,REVERIFICATION N3,EDITORIAL,—,The summary points to the scope line instead of repeating it,—,Rewritten,Rewritten,Accepted,CLOSED (P4-G)
P4-RV-N4,P4 re-verification,A + H,/evidence/ s1; /data/ title; /data/ Arabic,headings,H1 and H2 near-identical on /evidence/; /data/ Arabic H1 equal to /evidence/ H2; «دليل» used for 'catalogue',Evidence-versus-Sources distinction blurred,REVERIFICATION N4,EDITORIAL,—,New /evidence/ s1 heading; /data/ title names the original source; «فهرس البيانات»,—,Rewritten,Rewritten,Accepted,CLOSED (P4-G)
P4-RV-N5,P4 re-verification,B,UI-VIS-STATE-REPORTED,label,'(official statistics)' applied to IMF staff calculations and programme newsletters,Mislabelled evidence state,REVERIFICATION N5,MATERIAL,—,Label is 'Reported by the source' / «وارد في المصدر»,—,Rewritten,Rewritten,Accepted,CLOSED (P4-G)
P4-RV-N6,P4 re-verification,H,Arabic CWR-006,Reading note,The Reading lead drops its note when the English 'does not establish' section carries it; the Arabic section carries the same meaning in other words,Two Arabic wordings of one prohibition,REVERIFICATION N6,EDITORIAL,—,Kept: one rule for both editions (decided on the English owner text); nothing is lost,—,—,—,Accepted as is,DISCARD
P5-01,P5.1,Lead (independent recipient review),scripts/audit_public_literals.py reading_objects(),source_object of Reading literals,ids=set(...) iterated; attribution depended on PYTHONHASHSEED,"Provenance record identity not reproducible: 78,686 on /readings/microfinance-structural-divergence/ was attributed to CLM-054 or CLM-057 by seed; seeds 0–5 gave three different file hashes",Independent re-execution; reproduced here before the fix,MATERIAL,The acceptance record could not be reproduced byte for byte; which bound record carries a literal looked arbitrary,"Governed binding order (08 claim_bindings, 08 evidence_bindings, verification claim IDs) with ordered de-duplication; regression test over eight seeds","PUBLIC_LITERAL_CLOSURE.json identical across seeds and equal to the committed file; 78,686 attributed to CLM-054 on every seed",—,—,Accepted,CLOSED (P5)
P5-02,P5.2,F + D,REF-PAY-001; VIS-PAYMENT-RAILS; RV-CWR-009,source record; source_dependencies; release blocker,Event locator https://cby-ye.com/files/667c596ef3bea.pdf had no source record; VIS-PAYMENT-RAILS BOUND_PARTIAL (UNBOUND:REF-PAY-001); RV-CWR-009 release blocker,A credited primary instrument could not be traced to a governed source record,"CBY news page https://cby-ye.com/news/706 (decision number, date, title, provisions, link to the instrument) read in this session; the PDF is a scanned image with no machine-readable text here; reference 343/CBY/2024 recorded from the independent recipient review",MATERIAL,A designed visual could not ship; the rail's regulatory stage had no traceable source,Master-first source record SRC-CBY-DEC-23-2024-001 (FULL_PUBLIC_CARD; rights NOT_ASSESSED; role: rule stage only); VIS-PAYMENT-RAILS bound BOUND_EXACT,VIS-PAYMENT-RAILS CLOSED_TO_SOURCE_ID (record and visual); RV-CWR-009 credit resolves; blocker removed; curated cards 26→27,Arabic card title and boundary authored («لا يثبت الإلزام التنظيمي أنه نُفذ فعليًا…»),English card title and boundary authored ('A regulatory requirement does not establish that it was implemented…'),Accepted; requirement ≠ implementation ≠ use/outcome kept on the card; the reference number stays as recorded until someone reads it from the page image,CLOSED (P5-A)
P5-03,P5.3,B + D,RV-CWR-001 panel 2; 23_REMITTANCES,series; derived paths; BLOCKED_ON_DATA,CBY AR2025 values for 2021–2023 not held; panel 2 BLOCKED_ON_DATA,Indexed-path comparison of CBY and IMF remittance series could not be drawn,"SRC-CBY-AR2025-BOP locator read four times in this session: page 52, 'Balance of Payments (USD million)', row 'Remittances' 2,900.22 / 3,066.58 / 3,240.46 / 3,422.16 / 3,614.05 (2021–2025)",MATERIAL,A signature visual could not ship,Master-first rows RMO-CBY-2021/2022/2023-AR2025 (own vintage; USD million; RMT-001; never joined to IMF or AR2024); panel 2 = two lanes indexed 2021 = 100; generator guard reproduces the CLM-037 growth gap (0.0032 pp),Panel 2 READY; both lanes 100 / 105.74 / 111.73 / 118.0; blockers empty; governed unit label UI-VIS-UNIT-INDEX-2021,«مؤشر، 2021 = 100»; Arabic caveat on each row,"'Index, 2021 = 100'; English caveat on each row",Accepted; the same-year restatement rule (CLM-032) and the no-level-comparison rule (CLM-037) are unchanged,CLOSED (P5-A)
P5-04,P5,Lead,audit/tranche_b_execution/run_stage.py,snapshot STATE,OPENAI_REENTRY_CHECKPOINT.md and design/architecture were rebind/diagram recipients but not in the rollback snapshot,A rolled-back stage left the checkpoint carrying staged hashes,First P5-A attempt rolled back on P4-G01/P4-G05; the checkpoint kept the staged Master hash,MATERIAL,"After a rollback, the current-state document could disagree with the Master",Add both to STATE; add the diagram step to the runner,Second attempt committed; rollback now restores every file the runner writes,—,—,Accepted,CLOSED (P5)
P5-05,P5,B,audit/pre_tranche_c/source_lineage_truth_test.py,dataset-token assertion,The Tranche B assertion 'dataset tokens only as open inputs' fails on the current state (also before P5),"DS-FINDEX-HISTORY-CROSSWALK lists the Evidence Record DS-FINDEX-PUBLIC-HISTORY, which resolves as a member record",Run against the pre-P5 snapshot and the current state,EDITORIAL,None to the public; a false failure in a control test,A DS- token that is itself an Evidence Record ID counts when it resolves as a listed member; every other dataset token must stay an open input,Current-state lineage truth test 8/8; the Tranche B file stays as lineage,—,—,Accepted,CLOSED (P5)
P5-06,P5.3,B,23_REMITTANCES,CBY AR2025 2025 value,"3,614.05 (2025) read from the same table; not ingested",Outside the P5 scope (2021–2023 only); the IMF comparison lane ends in 2024,Page 52 of SRC-CBY-AR2025-BOP,EDITORIAL,None; the panel does not need it,"Consider in Tranche C currentness work, Master-first, as the same vintage",—,—,—,Deferred with destination,DEFERRED (Tranche C currentness)
