review_id,source_commit,source_projection,selector,field,severity,final_editorial_disposition,original_exact,proposed_complete,original_sha256,proposed_sha256,digit_token_multiset_unchanged,word_number_condition,english_action,required_authority,editorial_reason_ar,may_apply_automatically
R33:AR-001,2ddbfb611bb139d9597aec9b6b79153699cc4d94,site-src/content/content/page_sections.json,route=/; section_order=3; field=body_ar,body_ar,MATERIAL,MASTER_FIRST_DEFINITION_CORRECTION,"كان لدى 11.9% من البالغين بعمر 15 سنة فأكثر في المناطق التي شملها المسح حساب لدى مؤسسة مالية أو لدى مقدم خدمة أموال عبر الهاتف المحمول، وفق أحدث قياس ممثل للسكان: مسح المؤشر العالمي للشمول المالي (Global Findex) لعام 2021 في اليمن، الصادر عن البنك الدولي (نُفذ العمل الميداني من 7 نوفمبر 2022 إلى 9 يناير 2023؛ وسنة البيانات لدى البنك الدولي 2022). ولم يشمل المسح مناطق يسكنها نحو 23% من السكان. وفي المسح نفسه، كان لدى 18.3% من الرجال و5.4% من النساء حساب، بفارق 12.9 نقطة مئوية. وبصورة منفصلة، ارتفع عدد أجهزة نقاط البيع التي يُبلغ عنها البنك المركزي اليمني – عدن من 561 في مارس 2025 إلى 1,651 في يونيو 2026، ضمن نطاق إبلاغه. هذه مقاييس مختلفة: أشخاص، وفجوة داخل مسح واحد، وبنية تحتية؛ ولا يحل أي منها محل الآخر.","لا تكفي نسبة واحدة لفهم الشمول المالي في اليمن؛ فكل مقياس يجيب عن سؤال مختلف. وفق مسح المؤشر العالمي للشمول المالي (Global Findex) لعام 2021 الخاص باليمن، بلغت نسبة «امتلاك الحساب» 11.9% بين البالغين بعمر 15 سنة فأكثر في المناطق المشمولة بالمسح. ويشمل تعريف البنك الدولي لهذا المؤشر مَن أفادوا بامتلاك حساب لدى مؤسسة مالية، أو باستخدام خدمات الأموال عبر الهاتف بأنفسهم خلال الأشهر الاثني عشر السابقة. أُجري العمل الميداني من 7 نوفمبر 2022 إلى 9 يناير 2023؛ وسنة البيانات لدى البنك الدولي 2022. ولم تشمل الدراسة مناطق يسكنها نحو 23% من السكان.

وفي المسح نفسه، بلغت النسبة 18.3% بين الرجال و5.4% بين النساء، بفجوة مقدارها 12.9 نقطة مئوية. وفي بيانات إدارية مختلفة، ارتفع عدد أجهزة نقاط البيع التي يبلّغ عنها البنك المركزي اليمني – عدن من 561 في مارس 2025 إلى 1,651 في يونيو 2026، ضمن نطاق إبلاغه.

المقياس الأول يتعلق ببالغين شملهم مسح، والثاني بفجوة بين فئتين في المسح نفسه، والثالث بأجهزة مدرجة في بيانات إدارية. ولا يثبت نمو الأجهزة أن امتلاك الحساب أو الاستخدام بين السكان قد ارتفع.",54727c6bb844560b7cd149a7efabecfa37ff3d55553d494a44aeaf909312c83c,9192f8b6a6b0f2e6ff962d05dda5bd8ce9a2ce73bfd4786125711613efff9b8a,YES,افحص الأعداد المكتوبة بالحروف والمنطق، لا الأرقام فقط,CHANGE_EN_REQUIRED_AND_VERIFY_MASTER,Master: Findex indicator definition + original World Bank FX.OWN.TOTL.ZS metadata,تصحيح تعريف المؤشر وفق البنك الدولي، مع وضع المجتمع والفترة والاستبعاد بجوار القياس ومنع مساواة الأجهزة بالمستخدمين. يتطلب اعتماد Master وEN أولًا.,NO
R33:AR-002,2ddbfb611bb139d9597aec9b6b79153699cc4d94,site-src/content/content/page_sections.json,route=/firms/; section_order=1; field=body_ar,body_ar,MATERIAL,ACCEPT_CONDITIONAL,في مسح أُجري عام 2022 على المنشآت الرسمية في سبع محافظات، ذكرت 22% منها الوصول إلى التمويل بوصفه تحديًا للأعمال، مقابل 50% للكهرباء و46% لنقص الوقود. وبين المنشآت التي شملها جدول عوائق التمويل في التقرير، بعد استبعاد المنشآت التي قالت إنها لا تحتاج إلى قرض، صنّفت 91.84% عوائق التمويل بأنها كبيرة أو متوسطة. وتجيب هذه النتائج، ومسارات الائتمان لدى المنشآت القليلة التي لديها خط ائتمان، وما يورده أحد البرامج عن المنشآت التي دعمها، عن أسئلة مختلفة، ولا يمكن دمجها في نسبة وطنية واحدة.,"في مسح شمل منشآت رسمية في سبع محافظات عام 2022، عدّت 22% من المنشآت الوصول إلى التمويل أحد تحديات الأعمال، مقابل 50% للكهرباء و46% لنقص الوقود. لكن نتيجة أخرى في التقرير نفسه تبدو مختلفة للوهلة الأولى: فقد صنّفت 91.84% من المنشآت المشمولة في جدول عوائق التمويل هذه العوائق بأنها كبيرة أو متوسطة، بعد استبعاد المنشآت التي قالت إنها لا تحتاج إلى قرض.

ليس الرقمان تقديرين متعارضين لمشكلة واحدة؛ فالسؤال وقاعدة الاحتساب مختلفان. وكذلك تختلف عنهما البيانات الخاصة بمسارات الائتمان لدى المنشآت القليلة التي لديها خط ائتمان، والنتائج التي يوردها أحد البرامج عن المنشآت التي دعمها. لكل منها مجتمعها وسؤالها، ولا يجوز جمعها في نسبة وطنية واحدة.",6963be122c92e2f90a11457195f075e2faa4a683d24784a388a1d560a744db2f,8a49d1fe81d2d27c9173591e315ec8c7e6ef4ad59ccdf8815ff6b53d37d31ed0,YES,لا تستبدل الأرقام ولا الوحدات ولا النطاق,CHECK_MEANING_PARITY,Master+EN/AR parity,يعرض سبب اختلاف 22% و91.84% بوضوح ويحافظ على اختلاف قاعدة الاحتساب والتغطية.,NO
R33:AR-003,2ddbfb611bb139d9597aec9b6b79153699cc4d94,site-src/content/content/page_sections.json,route=/readings/same-year-different-number/; section_order=2; field=body_ar,body_ar,MATERIAL,ACCEPT_CONDITIONAL,"يورد تقريران سنويان للبنك المركزي اليمني – عدن قيمتين متباينتين تباينًا واضحًا للحوالات في السنة المرجعية نفسها. فقد قدّر تقرير 2024 الحوالات في عام 2024 بمبلغ 6,245 مليون دولار، ثم أعاد تقرير 2025 عرض قيمة عام 2024 عند 3,422.16 مليون دولار.
الفرق كبير، لكنه لا يثبت أن الحوالات انهارت؛ فالقيمتان تصفان عام 2024 نفسه. وقبل قراءة الفرق حركةً في الاقتصاد، ينبغي فهم ما تغيّر في نسخة النشر أو نطاق الإحصاء أو منهجه.","الرقم الذي يبدو أحدث ليس بالضرورة قياسًا لسنة أحدث. فقد قدّر التقرير السنوي 2024 للبنك المركزي اليمني – عدن الحوالات في عام 2024 بمبلغ 6,245 مليون دولار. ثم نشر التقرير السنوي 2025 قيمة أخرى للسنة نفسها: 3,422.16 مليون دولار.

هذا اختلاف بين إصدارين عن عام 2024 نفسه، وليس هبوطًا بين عامين. ولا يكشف فرق المبلغين وحده عن مسار الحوالات الفعلي في عام 2024؛ فتفسيره يتطلب أولًا معرفة ما إذا تغيّر نطاق الإحصاء أو منهجه أو طريقة عرضه بين نسختَي النشر.",4e2e9d67d4b4d25a3585acf3f8007506fd2f46e137986bea135e2ee4f3614c0e,018a0bd3510d9074d1ffca45c12415320dc5821cc70a431abb73c52c4cb38bcf,YES,لا تستبدل الأرقام ولا الوحدات ولا النطاق,CHECK_MEANING_PARITY,Master+EN/AR parity,يفصل مراجعة مبلغ السنة نفسها عن تغير التدفق عبر السنوات بلا ادعاء سبب غير مثبت.,NO
R33:AR-004,2ddbfb611bb139d9597aec9b6b79153699cc4d94,site-src/content/content/page_sections.json,route=/readings/gender-gap-measured-causes-open/; section_order=2; field=body_ar,body_ar,MATERIAL,SOURCE_DEFINITION_CHECK,"في أحدث موجة من مسح Findex العالمي في اليمن، كان 18.3% من الرجال و5.4% من النساء بعمر 15 سنة فأكثر، في المناطق التي شملها المسح، يملكون حسابًا، بفجوة قدرها 12.9 نقطة مئوية. وهذه مقارنة سليمة داخل موجة مسح واحدة؛ إنها تفاوت مقاس، لكنها ليست في حد ذاتها تفسيرًا.
وتقع الفجوة أيضًا داخل منظومة منخفضة الوصول أصلًا؛ إذ يبلغ امتلاك الحساب إجمالًا 11.9% في الموجة نفسها، ومستوى الرجال المقاس منخفض بدوره. ولذلك يصبح السؤال الأدق:
> لماذا تصل منظومة مالية منخفضة الوصول أصلًا إلى النساء بدرجة أقل بكثير من الرجال؟
وهذا ينقل الاهتمام من «إصلاح النساء» إلى الظروف التي يتشكل فيها الوصول.
تُتداوَل ثلاثة أرقام لنسبة النساء اللواتي يملكن حسابًا، اثنان منها فقط قياسان. فقد قدّرت موجة 2021 من المؤشر العالمي للشمول المالي (Findex)، التي نُفذ عملها الميداني في اليمن خلال 2022–2023، أن 5.4% من النساء بعمر 15 سنة فأكثر يملكن حسابًا، وهو تقدير مسحي مرجّح للمناطق التي شملها المسح؛ وقدّرت موجة 2014 النسبة بـ1.7% (البنك الدولي، Little Data Book on Financial Inclusion 2015). أما وثيقة تقييم مشروع FMIIP الممول من البنك الدولي فتذكر أن «اثنين في المئة» من النساء يملكن حسابًا مصرفيًا، من دون تاريخ ولا مصدر، ولذلك لا يُستخدم هنا قياسًا. والقياسان من موجتين مختلفتين، ولا يُربط بينهما هنا لاستخلاص اتجاه، ولا يفسر أيٌّ منهما الفجوة.","في أحدث موجة من مسح Findex العالمي في اليمن، امتلك 18.3% من الرجال و5.4% من النساء بعمر 15 سنة فأكثر حسابًا في المناطق التي شملها المسح. الفجوة بينهما 12.9 نقطة مئوية. هذه مقارنة صحيحة داخل موجة واحدة؛ لكنها تقيس تفاوتًا ولا تفسر سببه.

ويحتاج الرقم إلى سياقه. ففي الموجة نفسها بلغت نسبة امتلاك الحساب بين البالغين عمومًا 11.9%، كما أن النسبة المقاسة بين الرجال منخفضة بدورها. لكن معرفة هذه النسب لا تكشف السبب: ما الذي يفسّر انخفاض امتلاك الحساب لدى النساء مقارنة بالرجال في المناطق المشمولة بالمسح؟ يحتاج الجواب إلى أدلة مستقلة عن العوائق والظروف المرتبطة بامتلاك الحساب، لا إلى افتراض سببي مسبق.

وترد في المواد المنشورة ثلاثة أرقام عن امتلاك النساء للحساب، لكن اثنين منها فقط ناتجان عن قياس. قدّرت موجة 2021 من المؤشر العالمي للشمول المالي (Findex)، التي نُفذ عملها الميداني في اليمن خلال 2022–2023، النسبة بـ5.4% من النساء بعمر 15 سنة فأكثر، وهو تقدير مسحي مرجّح للمناطق المشمولة. وقدّرت موجة 2014 النسبة بـ1.7% (البنك الدولي، Little Data Book on Financial Inclusion 2015). أما وثيقة تقييم مشروع FMIIP الممول من البنك الدولي فتذكر أن «اثنين في المئة» من النساء يملكن حسابًا مصرفيًا، من دون تاريخ أو مصدر، فلا يُستخدم هذا الرقم قياسًا. ولا يُستخلص هنا من النسبتين اتجاه زمني، ولا تفسر أيٌّ منهما أسباب الفجوة.",08c56f8ae12943e74e78a15180fb5c1c0fb2013a320966995cd652ca921130cc,161db68c60e2104e3403df5b8e2421181642e0c461330a83c384405302b111fd,YES,افحص الأعداد المكتوبة بالحروف والمنطق، لا الأرقام فقط,REVIEW_EN_AND_MASTER_FIRST,Findex+Master,فجوة النوع مقاسة، وليست سببًا أو دليلًا على وصول كل الخدمات؛ يُلزم التدقيق في تعريف Findex، ومرجعية 2014، وحدود الاستدلال السببي.,NO
R33:AR-005,2ddbfb611bb139d9597aec9b6b79153699cc4d94,site-src/content/content/page_sections.json,route=/readings/after-transfer-persistence/; section_order=2; field=body_ar,body_ar,MATERIAL,ACCEPT_CONDITIONAL,"قد تنجح عملية التحويل قبل أن تبدأ علاقة مالية. فيمكن تحديد المستفيد المقصود، واعتماد الدفعة، وإيصال الأموال، وتمكين المستفيد من الوصول إليها، وفتح حساب صالح للاستخدام، وتوسيع قناة صرف جديدة إلى أماكن يصعب فيها توزيع النقد. وهذه نتائج حقيقية ينبغي قياسها والاعتراف بها كما هي. أما الشمول المالي فيطرح سؤالًا آخر: ماذا يحدث بعد وصول المال؟
تصف مواد البنك الدولي ومبادرة G2Px الصادرة في مايو 2024 تجربة للدفع الرقمي ضمن برنامج التحويلات النقدية غير المشروطة في اليمن، نُفذت في ثماني مديريات، وأفاد شركاء البرنامج بأنها شملت 45,460 مستفيدًا. وركزت التجربة على الدفع إلى حسابات كاملة الوظائف وعلى حرية المستفيد في الاختيار. وهذا يتجاوز مجرد تغيير أداة الصرف؛ فالحساب الكامل الوظائف يستطيع، من حيث التصميم، أن يستقبل الأموال ويحتفظ بالقيمة ويُجري المدفوعات، والاختيار مهم لأن نظامًا يضع المستفيد في مركزه لا ينبغي أن يعامله متلقيًا سلبيًا لدفعة برنامجية.
لكن الإمكانية لا تعني الاستمرار. فالأدلة المتاحة عن اليمن لا تخبرنا بعدُ ما إذا كان المستفيدون قد استخدموا هذه الحسابات بين دفعة وأخرى، أو أبقوا فيها أرصدة، أو تلقوا فيها أموالًا من خارج البرنامج، أو دفعوا منها لتجار أو سددوا فواتير، أو أجروا تحويلات بمبادرتهم، أو بدّلوا مقدم الخدمة، أو واصلوا استخدام الحساب بعد أن ضعفت دفعات البرنامج التي دفعتهم إليه أو انتهت. وهذه هي الملاحظة المفقودة.","يمكن أن تنجح الدفعة من دون أن تنشأ بعدها علاقة مالية مستمرة. فقد ينجح البرنامج في تحديد المستفيد المقصود، واعتماد الدفعة، وإيصال الأموال إليه، وتمكينه من الوصول إليها. وقد يفتح له حسابًا صالحًا للاستخدام ويوسّع قناة الصرف إلى مناطق يصعب فيها توزيع النقد. هذه نتائج ينبغي قياسها والاعتراف بها. لكن سؤال الشمول المالي يبدأ من نقطة أخرى: ماذا يحدث بعد وصول المال؟

تصف مواد البنك الدولي ومبادرة G2Px الصادرة في مايو 2024 تجربة للدفع الرقمي ضمن برنامج التحويلات النقدية غير المشروطة في اليمن. نُفذت التجربة في ثماني مديريات، وأفاد شركاء البرنامج بأنها شملت 45,460 مستفيدًا. وقد ركزت على إيداع الدفعات في حسابات كاملة الوظائف وعلى حرية المستفيد في الاختيار. وهذا أوسع من مجرد تبديل أداة الصرف: فالحساب كامل الوظائف يستطيع، بحسب تصميمه، استقبال الأموال والاحتفاظ بالقيمة وإجراء المدفوعات. أما الاختيار فيعني أن يُعامل المستفيد صاحب قرار، لا متلقيًا سلبيًا لدفعة برنامجية.

غير أن إمكان الاستخدام شيء واستمراره شيء آخر. فالأدلة المتاحة عن اليمن لا تُظهر بعدُ ما إذا كان المستفيدون قد استخدموا حساباتهم بين دفعة وأخرى، أو احتفظوا بأرصدة، أو تلقوا أموالًا من خارج البرنامج، أو دفعوا للتجار وسددوا الفواتير، أو بادروا بتحويلات، أو انتقلوا إلى مقدم خدمة آخر. ولا تبين ما إذا كانوا واصلوا استخدام الحساب بعد أن تراجعت دفعات البرنامج أو انتهت. هذه هي الملاحظة التي لا تزال تنقصنا.",4906d4f83e62e3c4c7e9a87f6362cf66b253f6534bf6e621a05afbc7979e2047,8a1e2e3dd300128dfea9798f5025e31ded529c1b2c3ee7f30d1e178149f7548e,YES,لا تستبدل الأرقام ولا الوحدات ولا النطاق,CHECK_MEANING_PARITY,Master+EN/AR parity,تقسيم مناسب بين وصول الدفعة وإمكان الحساب واستمرارية الاستخدام؛ يجب إظهار نسبة المستفيدين ضمن نطاق البرنامج لا السكان.,NO
R33:AR-008,2ddbfb611bb139d9597aec9b6b79153699cc4d94,site-src/content/content/page_sections.json,route=/data/; section_order=1; field=body_ar,body_ar,EDITORIAL,MASTER_FIRST_RIGHTS_CLARIFICATION,ابحث عن مصدر أصلي بعنوانه أو بمرجعه، أو تصفح التقارير والمراجع المنهجية المختارة، أو افتح السجل الكامل للمصادر. ويحتفظ كل سجل مصدر برابطه العام، وبعنوانه وجهته الناشرة وتاريخه حيثما سُجّلت؛ ولم تُقيَّم بعدُ شروط إعادة الاستخدام لأي مصدر. أما الأرقام نفسها فتحملها سجلات الأدلة التي تستشهد بالمصدر.,ابحث عن المصدر الأصلي بعنوانه أو مرجعه، أو تصفّح التقارير والمراجع المنهجية المختارة، أو افتح سجل المصادر كاملًا. ويعرض سجل المصدر الرابط والعنوان والناشر والتاريخ حيث تتوافر هذه البيانات، إلى جانب ما سُجّل من قيود على الاستخدام وإعادة النشر. ولا تُعد إتاحة رابط المصدر إذنًا بإعادة توزيع ملفاته أو جداوله أو رسومه؛ تحقق من شروط الناشر قبل إعادة استخدامها. أما الأرقام فترد في سجلات الأدلة المرتبطة بالمصدر.,357f3ddea2c06b973a71d47ec0372c78ae80953dcdd681e00c20b6242d0e49c8,a90d302b2bc4bc6dab708efccb877264e25cf0049ed3eae52aec01d62f794505,YES,لا تستبدل الأرقام ولا الوحدات ولا النطاق,CHANGE_EN_REQUIRED_AND_VERIFY_RIGHTS,Master Source Library + rights and publication states,القول إن شروط إعادة استخدام أي مصدر لم تُقيّم لا ينسجم مع تسجيل رخصة بحثية مقيدة لمصدر واحد. تدقيق Master ونسخة English أولًا.,NO
R33:AR-009,2ddbfb611bb139d9597aec9b6b79153699cc4d94,site-src/content/content/page_sections.json,route=/data/; section_order=3; field=body_ar,body_ar,EDITORIAL,ACCEPT_CONDITIONAL,قد يكتسب الرقم معنى مختلفًا إذا أُعيد استخدامه من دون وحدته، أو المجتمع أو قاعدة الاحتساب، أو الفترة، أو الجغرافيا، أو المصدر. لذلك انقل مع أي رقم تنسخه أو تستشهد به مرجع سجل الدليل الخاص به، كي يبقى معناه مرتبطًا بقيمته.,قد يُفهم الرقم على غير معناه إذا نُقل من دون وحدته، أو المجتمع الذي ينطبق عليه، أو قاعدة الاحتساب، أو الفترة، أو النطاق الجغرافي، أو المصدر. لذلك انقل مع أي رقم تنسخه أو تستشهد به مرجع سجل الدليل الخاص به، كي يبقى معناه مرتبطًا بقيمته.,57c340cc6db5e5f4f9122b00485eca6c228b57bdce842bd1cf54f560c0a00053,f70e3e84b31d17642812f867e5fe6dba0f8e1e4fce54abc5c3ecd0de864af6d4,YES,لا تستبدل الأرقام ولا الوحدات ولا النطاق,CHECK_MEANING_PARITY,Master+EN/AR parity,«قد يُفهم الرقم على غير معناه» أوضح وأكثر دقة من «قد يكتسب معنى مختلفًا».,NO
R33:AR-010,2ddbfb611bb139d9597aec9b6b79153699cc4d94,site-src/content/content/page_sections.json,route=/data/; section_order=4; field=body_ar,body_ar,EDITORIAL,ACCEPT_CONDITIONAL,كون السجل متاحًا للعامة لا يعني تلقائيًا أنه ممثل وطنيًا أو حديث أو قابل للمقارنة مع سجل آخر أو متاح لإعادة التوزيع بلا قيود. الإتاحة تعني أن عرض السجل ممكن، لكنها لا تعني أن إعادة توزيع البيانات الأصلية مسموحة، ولا تلغي حدوده المنهجية.,إتاحة السجل للجمهور لا تعني تلقائيًا أنه ممثل على المستوى الوطني، أو حديث، أو قابل للمقارنة مع سجل آخر أو متاح لإعادة التوزيع بلا قيود. الإتاحة تعني أن عرض السجل ممكن، لكنها لا تعني أن إعادة توزيع البيانات الأصلية مسموحة، ولا تلغي حدوده المنهجية.,447a0af4313a9d8fd78bbef843cd849ace71a1829ee07004ed27f9d8adb36ba1,698388aee27f311934b0523c05d015e6ef2dbde8633c34fdf86612b6739c1510,YES,لا تستبدل الأرقام ولا الوحدات ولا النطاق,CHECK_MEANING_PARITY,Master+EN/AR parity,تصحيح تركيب «كون السجل» وتوضيح أن الإتاحة لا تعني إعادة توزيع البيانات.,NO
R33:AR-012,2ddbfb611bb139d9597aec9b6b79153699cc4d94,site-src/content/content/page_sections.json,route=/measurement/; section_order=1; field=body_ar,body_ar,EDITORIAL,REVISE_AND_VALIDATE,تربط هذه الأولويات فجوات الأدلة بأسئلة قرار محددة، ولا تمثل ترتيبًا للأولويات الوطنية، ولا تستند إلى درجة خفية. يوضح كل بند القرار المتأثر، والدليل المفقود، وقيود إمكانية التنفيذ والحساسية، وما الذي يمكن معرفته إذا توفر ذلك الدليل. وتصف تسميات الأولوية ترتيب فجوات الأدلة داخل هذا المورد فقط؛ فهي ليست ترتيبًا حكوميًا أو تمويليًا أو للسياسات.,تربط هذه الأولويات فجوات الأدلة بأسئلة قرار محددة، ولا تمثل ترتيبًا للأولويات الوطنية، ولا تقوم على درجات حسابية غير منشورة. يوضح كل بند القرار المتأثر، والدليل المفقود، وقيود إمكانية التنفيذ والحساسية، وما الذي يمكن معرفته إذا توفر ذلك الدليل. وتعبّر تسميات الأولوية عن ترتيب فجوات الأدلة داخل هذا المورد وحده؛ فهي ليست ترتيبًا حكوميًا أو تمويليًا أو للسياسات.,07237e688a2beb3b7b9e4ed4c6d3379ad931e120b93b58c58e2c5a42956d5716,3162e9c140ace8f6284545c53fa9e7f32dfbd0615bde91995e2410c37fbe3d4a,YES,لا تستبدل الأرقام ولا الوحدات ولا النطاق,CHECK_MEANING_PARITY,Master+EN/AR parity,«درجة حسابية غير معلنة» لا تتضح إلا بوصف طريقة ترتيب الأولويات؛ اختصار العبارة وتقليل دفاعيتها.,NO
R33:AR-013,2ddbfb611bb139d9597aec9b6b79153699cc4d94,site-src/content/content/page_sections.json,route=/measurement/; section_order=2; field=body_ar,body_ar,EDITORIAL,ACCEPT_CONDITIONAL,بند القياس هو سجل يربط الدليل بالقرار، وليس توصية للحكومة أو قائمة أمنيات. فهو يحدد الصفحات والقرارات المتأثرة، والدليل المفقود حاليًا، وقيود إمكانية التنفيذ والحساسية، وأساس ترتيبه بين أولويات الأدلة في هذا المورد، وما الذي سيتغير إذا توفر الدليل.,بند القياس هو سجل يربط الدليل بالقرار، ولا يمثل توصية للحكومة أو قائمة مقترحات عامة لجمع البيانات. فهو يحدد الصفحات والقرارات المتأثرة، والدليل المفقود حاليًا، وقيود إمكانية التنفيذ والحساسية، وأساس ترتيبه بين أولويات الأدلة في هذا المورد، وما الذي سيتغير إذا توفر الدليل.,078100b01ee4cb6250e5fea1391b25380c7225b32567da8b355d378caf9b30a1,e6c184d070aada84763180269731fd19f28105c54c57b721952fe8e5ec56b20c,YES,لا تستبدل الأرقام ولا الوحدات ولا النطاق,CHECK_MEANING_PARITY,Master+EN/AR parity,استبدال «قائمة أمنيات» يرفع السجل المؤسسي ويحافظ على عدم كونه توصية حكومية.,NO
R33:AR-016,2ddbfb611bb139d9597aec9b6b79153699cc4d94,site-src/content/content/page_sections.json,route=/methodology/; section_order=9; field=body_ar,body_ar,EDITORIAL,ACCEPT_CONDITIONAL,قبل وضع القيم على مقياس واحد، يُتحقَّق من التعريف والفترة والجغرافيا والمجتمع أو قاعدة الاحتساب والوحدة ونطاق المصدر والمنهج. يبقى عدم التوافق الجوهري ظاهرًا وقد يمنع إنشاء مقياس مشترك. الهدف ليس منع المقارنة، بل منع المقارنة الزائفة.,قبل وضع القيم على مقياس واحد، يُتحقَّق من التعريف والفترة والجغرافيا والمجتمع أو قاعدة الاحتساب والوحدة ونطاق المصدر والمنهج. ويُذكر أي عدم توافق جوهري صراحةً، وقد يحول دون إنشاء مقياس مشترك. الهدف ليس منع المقارنة، بل منع المقارنة الزائفة.,30162c882618adb6e66be3be46efea8a20117bc689664eb314c85ea4cffb907c,fd011969006195bb07e3d3625fa70c5c654f3e5dfa97ad46190e42108b0733dd,YES,لا تستبدل الأرقام ولا الوحدات ولا النطاق,CHECK_MEANING_PARITY,Master+EN/AR parity,يحسن إظهار عدم قابلية المقارنة بوصفها نتيجة معلنة.,NO
R33:AR-019,2ddbfb611bb139d9597aec9b6b79153699cc4d94,site-src/content/content/page_sections.json,route=/firms/; section_order=4; field=heading_ar,heading_ar,EDITORIAL,ACCEPT_CONDITIONAL,خطوط الائتمان نادرة في هذه العينة، ولا يُعرف مصدرها إلا لدى 18 منشأة,خطوط الائتمان نادرة في هذه العينة، ولا تتوافر إجابات عن مصادرها إلا من 18 منشأة,0aa8512855f05cb793e93b797abf01c2df1bc89a1675002314f3edf39be57f8c,5f912be46a1eabbccc7a204c71764de6d222b64a08bb9cb2b0630dbfc73ba759,YES,لا تستبدل الأرقام ولا الوحدات ولا النطاق,CHECK_MEANING_PARITY,Master+EN/AR parity,يفصل ردود سؤال مصدر الائتمان عن العدد الكلي للمنشآت ذات خطوط ائتمان.,NO
R33:AR-022,2ddbfb611bb139d9597aec9b6b79153699cc4d94,site-src/content/content/page_sections.json,route=/providers/; section_order=3; field=body_ar,body_ar,MATERIAL,MASTER_FIRST_PROVIDER_CLASSIFICATION,تضم قائمة البنوك المرخصة الصادرة عن البنك المركزي اليمني – عدن، كما اطُّلع عليها في 3 أكتوبر 2026، 26 بنكًا، منها 12 بنكًا مصنفة بنوكَ تمويل أصغر استنادًا إلى تسمياتها في المصدر. هذه أوضاع رسمية للإدراج والتصنيف؛ ولا تثبت أن كل مؤسسة تعمل حاليًا، أو أي الفروع نشطة، أو المنتجات المتاحة، أو الحصة السوقية، أو المشاركة في أنظمة الدفع، أو الوصول إلى الفئات الأقل خدمة.,تضم قائمة البنوك المرخصة الصادرة عن البنك المركزي اليمني – عدن، كما اطُّلع عليها في 3 أكتوبر 2026، 26 بنكًا. ويستند وصف 12 منها في هذا المورد بوصفها بنوك تمويل أصغر إلى تسمياتها الواردة في القائمة؛ ولا يُقدَّم هذا الوصف على أنه تحقق مستقل من صفتها التنظيمية أو نشاطها الفعلي. وتثبت القائمة ورود الأسماء في مصدر الجهة الناشرة ضمن نطاقه، ولا تثبت أن كل بنك يعمل حاليًا، أو أن فروعه نشطة، أو طبيعة المنتجات المتاحة، أو الحصص السوقية، أو مشاركته في أنظمة الدفع، أو مدى وصوله إلى الفئات الأقل حصولًا على الخدمات.,f4e1497da088b033c90f6ab6b49e671952028b20f73d0b5e4ebc25b216c6cdb0,897198c7a46d2c98c87002dee73fe2fc74991f924240db270627d871c6249a66,YES,لا تستبدل الأرقام ولا الوحدات ولا النطاق,CHANGE_EN_REQUIRED_AND_VERIFY_MASTER,Master: provider universe and source classification method,التصنيف المستخلص من التسميات ليس حكم ترخيص مستقلًا؛ لا يتحول الإدراج إلى تشغيل أو انتشار وطني. الصياغة مشروطة بمراجعة صفات المصدر في Master.,NO
R33:AR-023,2ddbfb611bb139d9597aec9b6b79153699cc4d94,site-src/content/content/page_sections.json,route=/providers/; section_order=2; field=heading_ar,heading_ar,EDITORIAL,ACCEPT_CONDITIONAL,قائمة مَن هذه؟,من أصدر هذه القوائم؟ وما نطاقها؟,51edbb56b1404796f968120ce0a8159ce53a96ce3eba3f7379b3e8f63c871aec,d2321e416a4ae536234bee550e6f358a4432f0fe098052026e4493bf425769ad,YES,لا تستبدل الأرقام ولا الوحدات ولا النطاق,CHECK_MEANING_PARITY,Master+EN/AR parity,العنوان البديل يناسب فقرة نطاق القوائم المتعددة وجهة إصدارها.,NO
R33:AR-026,2ddbfb611bb139d9597aec9b6b79153699cc4d94,site-src/content/content/page_sections.json,route=/readings/; section_order=1; field=body_ar,body_ar,EDITORIAL,REVISE_AND_VALIDATE,قراءات تحليلية تنطلق من الأدلة عند النقاط التي تغيّر فيها بيانات الشمول المالي في اليمن السؤال نفسه، لا الإجابة فقط. ويمكن تتبّع كل قراءة إلى الأدلة التي قامت عليها.,تعالج هذه القراءات أسئلة في الشمول المالي في اليمن، وتوضح كيف يمكن للأدلة أن تغيّر طريقة طرح السؤال، لا الإجابة وحدها. ويمكن تتبّع كل قراءة إلى الأدلة التي تستند إليها.,94a0ecc87d6baf5c4f5f146553003783d0b563c6ca7327007c297f29a43cac90,8bc09f8ee1a9f1c192a0716102addbf5af891b54bfef3e51f838f5b320a1f04c,YES,لا تستبدل الأرقام ولا الوحدات ولا النطاق,CHECK_MEANING_PARITY,Master+EN/AR parity,عبارة «تدفعنا» تُدخل صوتًا تحريريًا ذاتيًا غير لازم؛ احتفظ بالحجة واستبدلها بوصف مؤسسي مباشر.,NO
R33:AR-028,2ddbfb611bb139d9597aec9b6b79153699cc4d94,site-src/content/content/page_sections.json,route=/readings/digital-workaround-not-yet-durable-inclusion/; section_order=3; field=heading_ar,heading_ar,EDITORIAL,REVISE_AND_VALIDATE,قد يوجد الحساب من دون أن تنشأ علاقة مالية,وجود حساب لا يثبت استمرار استخدامه,487f5ac15a0d59052353a24093e3eae3ad4cce05ee8d7d9c221e330ce7cce4fe,b6b9bac0534666e2433e0d2addf7d6dc96ea7bd3003b94780a5bd9fc23539d8a,YES,لا تستبدل الأرقام ولا الوحدات ولا النطاق,CHECK_MEANING_PARITY,Master+EN/AR parity,«فتح الحساب» يفترض حدث فتح لا يثبته عنوان «وجود حساب»؛ الصياغة الأدق تفصل الوجود عن الاستمرار.,NO
R33:AR-029,2ddbfb611bb139d9597aec9b6b79153699cc4d94,site-src/content/content/page_sections.json,route=/readings/finance-constraint-different-questions/; section_order=3; field=heading_ar,heading_ar,EDITORIAL,ACCEPT_CONDITIONAL,سؤالان ومجموعتان من المنشآت,سؤالان وقاعدتا احتساب مختلفتان,956b26f1117fcd54ad920ef5ca4635fe0b76dc11607ed89bc9425d17d371b478,d3ebdaedc35523326f5cc97d11784c4abef211a7676a4ff56ee504aa2deffaa6,YES,لا تستبدل الأرقام ولا الوحدات ولا النطاق,CHECK_MEANING_PARITY,Master+EN/AR parity,يفسر اختلاف النسب على مستوى قواعد الاحتساب بدل الإيحاء بوجود مجموعتين منفصلتين بالضرورة.,NO
R33:AR-031,2ddbfb611bb139d9597aec9b6b79153699cc4d94,site-src/content/content/page_sections.json,route=/readings/gender-gap-measured-causes-open/; section_order=3; field=heading_ar,heading_ar,EDITORIAL,ACCEPT_CONDITIONAL,الآلية ما تزال مفتوحة,أسباب الفجوة لم تُحسم بعد,11492452d80936ceef214f04d7583cdded20239166de7557ac168a1440158d91,73bd3b6e644c40b84853c87053a91edf32fb3cb71af3959e1f75afb1c81cb458,YES,لا تستبدل الأرقام ولا الوحدات ولا النطاق,CHECK_MEANING_PARITY,Master+EN/AR parity,عنوان صريح، ولا يدعي أن أسباب الفجوة رُصدت.,NO
R33:AR-035,2ddbfb611bb139d9597aec9b6b79153699cc4d94,site-src/content/content/page_sections.json,route=/about/; section_order=1; field=body_ar,body_ar,EDITORIAL,REVISE_AND_VALIDATE,توضح هذه الصفحة سبب وجود هذا المورد، وما تضيفه CauseWay وما لا تدّعيه، ومن يبقى المرجع للبيانات، وكيف تتحقق مما تجده هنا وتعترض عليه وتعيد استخدامه. ولا يتخذ هذا المورد القرارات نيابة عن المستخدمين ولا يحاكي نتائج السياسات.,توضح هذه الصفحة سبب وجود هذا المورد، وما تضيفه CauseWay وحدود دورها، والجهات التي تبقى مرجعًا لما نشرته من بيانات، وكيف تتحقق مما تجده هنا، وتبلّغ عن خطأ أو تطلب تصحيحًا، وتعيد استخدام المحتوى وفق شروطه. ولا يتخذ هذا المورد القرارات نيابة عن المستخدمين ولا يحاكي نتائج السياسات.,ca5951b6bcdb0d291412ca27e0537fb8c0f82146a5cffa9ec7d1db7db1fbfc25,14bdd2f507504b6ef89b20b906d28f0ab5792118f81c812ef8dc86cfa752991d,YES,لا تستبدل الأرقام ولا الوحدات ولا النطاق,CHECK_MEANING_PARITY,Master+EN/AR parity,«تعترض عليه» قد توحي باعتراض مؤسسي، والأفضل ربطه بالإبلاغ عن خطأ أو طلب تصحيح مع احترام شروط إعادة الاستخدام.,NO
R33:AR-036,2ddbfb611bb139d9597aec9b6b79153699cc4d94,site-src/content/content/page_sections.json,route=/about/; section_order=5; field=body_ar,body_ar,EDITORIAL,RETAIN_CURRENT,لا يصنع هذا المورد يقينًا لا تحتمله الأدلة؛ فهو يميز بين الأشخاص والحسابات، وبين الوصول والاستخدام، وبين البنية التحتية والنتائج، وبين المستهدفات والنتائج المرصودة، وبين الترخيص والوجود التشغيلي. وحين لا تكفي الأدلة، لا تُخفى الفجوة؛ بل يوضح ما الدليل المطلوب لاحقًا ولماذا يهم ذلك للقرار.,,fd7bbcfdbc7e65722ef24dff3ffc21e23d4de4857f9281b2c05038f280cf989b,,YES,لا تستبدل الأرقام ولا الوحدات ولا النطاق,CHECK_MEANING_PARITY,Master+EN/AR parity,النص الحالي أوجز وأكثر انضباطًا من البديل، فلا يغير.,NO
R33:AR-037,2ddbfb611bb139d9597aec9b6b79153699cc4d94,site-src/content/content/page_sections.json,route=/rights/; section_order=2; field=heading_ar,heading_ar,BLOCKER,MASTER_FIRST_HEADING_CORRECTION,الاستشهاد، والإفادة من الوقائع والأرقام، وإعادة التوزيع: ثلاثة أذونات منفصلة,صلاحية الدليل، والاستشهاد به، واستخدام الوقائع والأرقام، وإعادة نشر المواد: مسائل منفصلة,ae40146c24b257ec8fde19f05ad7b17cc8ea7533d2b7ee7f76310c253833fc55,a63e4285f1a13d83edb0cc22e6c6dffe9ca1ad409ab6f9b21aed1200b92565be,YES,العدد المكتوب بالحروف «ثلاثة» غير صحيح في العنوان؛ استبداله يحتاج موافقة تحريرية صريحة,ALIGN_EN_HEADING_TO_FOUR_DISTINCTIONS,Rights+Master,الأمر ليس ثلاثة أذونات: صلاحية الاستدلال صفة معرفية، والاستشهاد، والاستعمال الوقائعي، وإعادة النشر مسائل منفصلة.,NO
R33:AR-039,2ddbfb611bb139d9597aec9b6b79153699cc4d94,site-src/content/content/page_sections.json,route=/privacy/; section_order=1; field=body_ar,body_ar,EDITORIAL,ACCEPT_CONDITIONAL,كيف يتعامل هذا المورد مع معلومات الزوار.,توضح هذه الصفحة كيفية التعامل مع معلومات زوار هذا المورد.,21a6c29ac96dead9b598da2192e85742d605aeb69cb96bd2fea88f73d616727d,f68ba81f823e99e0c9cfc9fc059d47982d28c3ecfae8fcad22af0e774bb9afce,YES,لا تستبدل الأرقام ولا الوحدات ولا النطاق,CHECK_MEANING_PARITY,Master+EN/AR parity,يصلح مبتدأ الفقرة ويترك محتواها دون إضافة التزام في الخصوصية.,NO
R33:AR-042,2ddbfb611bb139d9597aec9b6b79153699cc4d94,site-src/content/content/page_sections.json,route=/evidence/CLM-001/; section_order=1; field=body_ar,body_ar,EDITORIAL,SOURCE_DEFINITION_CHECK,تظل أحدث مشاهدة سكانية ممثلة ينشرها البنك الدولي لامتلاك الحساب في اليمن عند 11.9%. ويعرضها موقع بيانات البنك الدولي لسنة 2022، وهي مستمدة من دراسة اليمن ضمن موجة Global Findex 2021 التي نُفذت ميدانيًا من 7 نوفمبر 2022 إلى 9 يناير 2023. وتضيف نسخة Global Findex 2025 مشاهدات لعام 2024 في اقتصادات عديدة، لكنها لا تضيف مشاهدة أحدث لليمن. وللسياق، يبلغ رقم البنك الدولي لموجة المسح نفسها في الاقتصادات منخفضة الدخل الـ19 التي شملتها الموجة، ومنها اليمن، 35.2%.,بحسب أحدث تقدير مسحي متاح ينشره البنك الدولي، بلغت نسبة امتلاك الحساب 11.9% لدى البالغين في المناطق التي شملها مسح اليمن. ويعرضها موقع بيانات البنك الدولي لسنة 2022، وهي مستمدة من دراسة اليمن ضمن موجة Global Findex 2021 التي نُفذت ميدانيًا من 7 نوفمبر 2022 إلى 9 يناير 2023. وتضيف نسخة Global Findex 2025 مشاهدات لعام 2024 في اقتصادات عديدة، لكنها لا تضيف مشاهدة أحدث لليمن. وللسياق، يبلغ رقم البنك الدولي لموجة المسح نفسها في الاقتصادات منخفضة الدخل الـ19 التي شملتها الموجة، ومنها اليمن، 35.2%.,dcb70902d68cf908f3705d8219a73cced77e753a7206aaad606318d3326ed503,6e39bb9e860dbbb08a47be6be6f1449ef202742dda31106e2e6e70b6ca65d14a,YES,افحص الأعداد المكتوبة بالحروف والمنطق، لا الأرقام فقط,REVIEW_EN_AND_MASTER_FIRST,Findex+Master,إلصاق قيد المناطق المشمولة بالنسبة 11.9% تحسن صحيح؛ يظل تعريف المؤشر والاستبعاد الجغرافي مرتبطين بالـMaster.,NO
R33:AR-043,2ddbfb611bb139d9597aec9b6b79153699cc4d94,site-src/content/content/interface_copy.json,ui_id=UI-HERO-THIS-RESOURCE-PRESENTS-THE-STRONGEST,label_ar,MATERIAL,ACCEPT_CONDITIONAL,يقدّم هذا المورد الإجابة التي تسندها الأدلة أكثر من سواها، ويُظهر نطاقها وحدودها ومصدرها لتتمكن من التحقق منها.,يقدّم هذا المورد أقوى إجابة تسندها الأدلة، ويبيّن نطاقها وحدودها ومصدرها لتتمكن من التحقق منها.,dd3ee5e480d437ba440644b6c56fd6893392b9ab823276f73373c857e973b062,aff146e4b22fb217458e2cadd7f04491911ef896c38e9a4faee5f0995570ac3c,YES,لا تستبدل الأرقام ولا الوحدات ولا النطاق,CHECK_MEANING_PARITY,Master+EN/AR parity,التعبير البديل أجلى وأكثر قابلية للفهم ضمن خطاب المنتج.,NO
R33:AR-045,2ddbfb611bb139d9597aec9b6b79153699cc4d94,site-src/content/content/interface_copy.json,ui_id=UI-READING-PATH-RECORD-PARTIAL,label_ar,MATERIAL,REVISE_AND_VALIDATE,لم يُتتبّع بالكامل إلى مصدر بعدُ,لم تكتمل بعدُ إحالات هذا السجل إلى مصادره الأصلية,c09b86a27a947a925201428eac62113b762cca3ec72608bec404eed0e3ec06ad,9b5eff77d3ef4dfc233f4d073534434a8fa8869500a5f0c198dc8e412f905f79,YES,لا تستبدل الأرقام ولا الوحدات ولا النطاق,CHECK_MEANING_PARITY,Master+EN/AR parity,البديل المتحفظ لا يفترض مصدرًا واحدًا أو اكتمالًا غير محقق.,NO
R33:AR-049,2ddbfb611bb139d9597aec9b6b79153699cc4d94,site-src/content/content/interface_copy.json,ui_id=UI-VIS-CAT-PRV-NAMED-COMPLETE,label_ar,EDITORIAL,ACCEPT_CONDITIONAL,الأسماء مكتملة لقائمة المصدر,جميع الأسماء الواردة في قائمة المصدر,8ca2d1ad99a1bad6ff651aea013aa4abc67141b2e92d90137879f7cd7cbf1b2a,8ffc4ddc45fd6dc777395fc14ef2d37b17a526ae4603260ac3fb752865de6796,YES,لا تستبدل الأرقام ولا الوحدات ولا النطاق,CHECK_MEANING_PARITY,Master+EN/AR parity,يحصر الاكتمال في أسماء القائمة المنشورة لا في سوق الجهات العاملة.,NO
R33:AR-053,2ddbfb611bb139d9597aec9b6b79153699cc4d94,site-src/content/content/interface_copy.json,ui_id=UI-VIS-NOMINAL,label_ar,EDITORIAL,ACCEPT_CONDITIONAL,اسمية — لم تُعدَّل لمراعاة تغيّر الأسعار أو سعر الصرف,قيم اسمية — لم تُعدّل لمراعاة تغيّر الأسعار أو سعر الصرف,a6714504e71e31493b8d7acf1555d0ab739d2f162f70397132c80223bcaad4de,b11955f2743391f5b3102de469c9e42212bb0833617ea40ec1b83ba35212fd82,YES,لا تستبدل الأرقام ولا الوحدات ولا النطاق,CHECK_MEANING_PARITY,Master+EN/AR parity,تسمية أكثر وضوحًا للقيم النقدية الاسمية دون تغيير وحدة أو تعريف.,NO
R33:AR-056,2ddbfb611bb139d9597aec9b6b79153699cc4d94,site-src/content/content/interface_copy.json,ui_id=UI-DATA-REUSE-TERMS-ONCE,label_ar,EDITORIAL,MASTER_FIRST_RIGHTS_CLARIFICATION,يربط هذا المورد بالمصادر الأصلية ويقتبس منها باختصار. ولم يُقيّم شروط إعادة استخدام أي مصدر؛ فتحقّق من شروط كل مصدر قبل إعادة استخدام محتواه.,يحيل هذا المورد إلى المصادر الأصلية ويقتبس منها باختصار. ولا تعني إتاحة رابط المصدر السماح بإعادة نشر محتواه. تحقّق من الشروط المسجلة للمصدر، ومن شروط الناشر الأصلي، قبل إعادة استخدام أي مادة منه.,bd8ccccb8ba2fe09db431142ebc625c91c01d2bd1ae9cc0402ee4dff31f71266,077d1b833ef4ff4b61f6d3da6dfd82e23f5399c759e61ecbb68239e91fffb690,YES,لا تستبدل الأرقام ولا الوحدات ولا النطاق,CHANGE_EN_REQUIRED_AND_VERIFY_RIGHTS,Master Source Library + rights and publication states,التحذير الحقوقي ينبغي أن يفصل بين العرض والاستشهاد ونشر المصدر الأصلي؛ مراجعة حقوق الـMaster مطلوبة.,NO
R33:AR-058,2ddbfb611bb139d9597aec9b6b79153699cc4d94,site-src/content/content/interface_copy.json,ui_id=UI-DOM-WHAT-MEASUREMENT-WOULD-CHANGE-THE,label_ar,MATERIAL,ACCEPT_CONDITIONAL,ما القياس الذي سيغيّر القرار؟,ما القياس الذي قد يغيّر القرار؟,f93aadd53425f123ecac302680df3111736a67c5c42ed4e4d83a18d6c972cf5f,b524258a5decc90dd17baebaf926384a7794a44c842e4c6466da5d79e8ff2123,YES,لا تستبدل الأرقام ولا الوحدات ولا النطاق,CHECK_MEANING_PARITY,Master+EN/AR parity,«قد» يحفظ الطبيعة الاحتمالية لما يتيحه قياس مستقبلي.,NO
R33:AR-060,2ddbfb611bb139d9597aec9b6b79153699cc4d94,site-src/content/content/interface_copy.json,ui_id=UI-VERIFY-PARTIAL,label_ar,MATERIAL,ACCEPT_CONDITIONAL,تستند بعض أرقام هذا السجل إلى المصدر أو المصادر المدرجة في هذه الصفحة، ولم تُربط مدخلات أخرى بعدُ بمصدر أصلي محدد. فطابِق كل رقم مع أحد المصادر المدرجة قبل إعادة استخدامه، وعامِل الرقم الذي لا تجد له مقابلًا على أنه غير متحقق منه.,تستند بعض أرقام هذا السجل إلى المصادر المدرجة في الصفحة، بينما لم تُربط مدخلات أخرى بعدُ بمصدر أصلي محدد. وقبل إعادة استخدام رقم، راجع المصدر المرتبط به وتحقق من مطابقته. وإذا تعذرت مطابقته بمصدر أصلي، فلا تتعامل معه بوصفه رقمًا متحققًا منه.,c3652583f2729a641fe98c6c19e52b0c5bd0242ff722f36c9ccc4b8ffa484bd0,376c63ea07746a753da65434005f72c90e72f4af54c1119991e91e59d8b474d7,YES,لا تستبدل الأرقام ولا الوحدات ولا النطاق,CHECK_MEANING_PARITY,Master+EN/AR parity,يبقي الرقم غير القابل للمطابقة في حالة غير متحقق منها ولا يدعي صفرًا أو بطلانًا.,NO
R33:AR-061,2ddbfb611bb139d9597aec9b6b79153699cc4d94,site-src/content/content/interface_copy.json,ui_id=UI-EVID-READING-GUIDANCE,label_ar,MATERIAL,REVISE_AND_VALIDATE,يُقرأ هذا الدليل ضمن التعريف، والمجتمع الذي ينطبق عليه الرقم، وقاعدة الاحتساب عند الاقتضاء، والفترة، والنطاق الجغرافي، والطريقة المبينة في الصفحة. وقبل إعادة استخدامه أو مقارنته، راجع المصدر والحدود وحداثة الدليل وسجل التصحيح. وإذا كانت قيمة أو وصلة مصدر غير متاحة، تُذكر الفجوة صراحةً بدل ملئها بالاستنتاج. ولا يستضيف هذا المورد ملفات المصادر؛ وحيثما وُجد رابط للمصدر الأصلي، تحقق من شروط الناشر قبل إعادة النشر.,لفهم ما يعرضه هذا السجل، راجع ما يقيسه الدليل، والمجتمع الذي تنطبق عليه القيم، وقاعدة الاحتساب عند الاقتضاء، والفترة والنطاق الجغرافي والطريقة المبينة في الصفحة. وقبل إعادة استخدام أي قيمة أو مقارنة الدليل بغيره، راجع المصدر وحدود القياس وتاريخ الدليل وسجل التصحيحات. وإذا لم تتوافر قيمة أو رابط لمصدر، فيجب إظهار هذه الفجوة صراحةً من دون تعويضها باستنتاج. ولا يستضيف هذا المورد ملفات المصادر؛ وحيثما وُجد رابط للمصدر الأصلي، فتحقّق من شروط الناشر قبل إعادة نشر أي مادة منه.,5852a06a8d78b87a9b190fa7f482c2cfd17cb678415a34e44b6fcc74a3227388,df8a9cd09c4d3c92f5ee2578c0d67a8397f7185fe47c153bc41581aa6688414f,YES,لا تستبدل الأرقام ولا الوحدات ولا النطاق,CHECK_MEANING_PARITY,Master+EN/AR parity,تحسين لغة التحقق مفيد لكن تجب معاينة جميع الصفحات التي تشترك في UI-ID وتجنب إسقاط أحكام على سجلات التحقق الجزئي.,NO
R33:AR-062,2ddbfb611bb139d9597aec9b6b79153699cc4d94,site-src/content/content/page_sections.json,route=/evidence/CLM-002/; section_order=1; field=body_ar,body_ar,EDITORIAL,SOURCE_DEFINITION_CHECK,في موجة 2021 من المؤشر العالمي للشمول المالي (Global Findex) الخاصة باليمن (العمل الميداني من 7 نوفمبر 2022 إلى 9 يناير 2023؛ سنة البيانات لدى البنك الدولي 2022)، بلغت نسبة من يملكون حسابًا 18.3% بين الرجال و5.4% بين النساء بعمر 15 سنة فأكثر في المناطق التي شملها المسح، بفارق 12.9 نقطة مئوية.,في موجة 2021 من المؤشر العالمي للشمول المالي (Global Findex) الخاصة باليمن (العمل الميداني من 7 نوفمبر 2022 إلى 9 يناير 2023؛ سنة البيانات لدى البنك الدولي 2022)، بلغت نسبة امتلاك الحساب 18.3% بين الرجال و5.4% بين النساء من البالغين بعمر 15 سنة فأكثر في المناطق التي شملها المسح، بفارق 12.9 نقطة مئوية.,d8525c2d5336d88d1240b8c7043de46c0430effc533e9203ac91bf51b5893176,77088b49eb7c01f1e29394516bff2fb082ded695a0caee8d101c6a891192b263,YES,افحص الأعداد المكتوبة بالحروف والمنطق، لا الأرقام فقط,REVIEW_EN_AND_MASTER_FIRST,Findex+Master,قد يتطلب تعريف امتلاك الحساب توضيح الاستعمال الشخصي لخدمة الأموال عبر الهاتف خلال عام سابق. لا تُغيّر المؤشر من JSON.,NO
R33:AR-NEW-001,2ddbfb611bb139d9597aec9b6b79153699cc4d94,site-src/content/content/page_sections.json,route=/rights/; section_order=6; field=body_ar,body_ar,MATERIAL,ACCEPT_GRAMMAR_OWNER_ACK,"تتيح CauseWay المحتوى الذي تملكه في هذا المورد بموجب رخصة المشاع الإبداعي «نَسب المُصنَّف 4.0 دولي» (CC BY 4.0؛ صك الرخصة https://creativecommons.org/licenses/by/4.0/deed.ar، والنص القانوني https://creativecommons.org/licenses/by/4.0/legalcode.ar). تشمل الرخصة: نصوص CauseWay وتحليلاتها بالعربية والإنجليزية، وتصاميمها المرئية، وسجلات الأدلة المجمَّعة والأرقام التي تحتسبها CauseWay، وبنية ملفات البيانات المُصدَّرة وشروحها عند نشرها. وفي الأرقام التي تحتسبها CauseWay من بيانات جهات أخرى، تشمل الرخصة عملية الاحتساب وطريقة العرض، وتبقى البيانات الأصلية خاضعة لشروط ناشريها. ولا تشمل الرخصة: مواد الجهات الأخرى، فالوثائق والبيانات والجداول والرسوم والنصوص التي تنشرها جهات أخرى تبقى خاضعة لشروط ناشريها، بما في ذلك حين يوردها هذا المورد أو يقتبسها أو يترجمها، ولا يستضيف هذا المورد نسخًا من ملفاتها؛ واسم CauseWay وشعارها وعلاماتها؛ والشيفرة البرمجية للمستودع الذي يبني هذا المورد، فهي خارج نطاق هذه الرخصة. الأرقام المشتقة من البيانات الجزئية للمسوح: فترات الثقة التي يستخرجها هذا المورد من ملف المستجيبين في مسح Global Findex لليمن (سجل الدليل CLM-026) محسوبة من ملف حصلت عليه CauseWay بموجب رخصة البحث للبيانات الجزئية لدى البنك الدولي؛ ولا يُنشر إلا تقديرات تجميعية، ولا تُنشر أي بيانات على مستوى المستجيبين. استشهد بالبيانات كما تشترط تلك الرخصة: Demirgüç-Kunt وKlapper وSinger وAnsar (2022)، The Global Findex Database 2021: Financial Inclusion, Digital Payments, and Resilience in the Age of COVID-19، واشنطن العاصمة: البنك الدولي. ولا تمتد رخصة CC BY 4.0 إلى البيانات الجزئية الأصلية، التي لا يستضيفها هذا المورد ولا يعيد توزيعها. ويجوز لك مشاركة محتوى CauseWay وتعديله لأي غرض، بشرط أن تنسبه إلى CauseWay، وأن تضع رابطًا إلى الرخصة، وأن تبيّن ما إذا كنت قد أجريت تغييرات: اذكر العنوان، والمؤلف (CauseWay)، والمصدر (هذا المورد ورابط الصفحة)، والرخصة (CC BY 4.0)، والتغييرات التي أجريتها. وعند إعادة استخدام رقم، استعمل سطرين: أولًا هذا المورد (أدلة الشمول المالي في اليمن، والسجل، وCauseWay، والإصدار، ورابط الصفحة)، ثم المصدر الأصلي الذي يسمّيه السجل (الناشر، والعنوان، والسنة، والرابط). وتذكر هذه الصفحة الرخصة التي تطبقها CauseWay على محتواها الخاص، ولا تفيد بأن أي حقوق لجهات أخرى قد سُوّيت.","تتيح CauseWay المحتوى الذي تملكه في هذا المورد بموجب رخصة المشاع الإبداعي «نَسب المُصنَّف 4.0 دولي» (CC BY 4.0؛ صك الرخصة https://creativecommons.org/licenses/by/4.0/deed.ar، والنص القانوني https://creativecommons.org/licenses/by/4.0/legalcode.ar). تشمل الرخصة: نصوص CauseWay وتحليلاتها بالعربية والإنجليزية، وتصاميمها المرئية، وسجلات الأدلة المجمَّعة والأرقام التي تحتسبها CauseWay، وبنية ملفات البيانات المُصدَّرة وشروحها عند نشرها. وفي الأرقام التي تحتسبها CauseWay من بيانات جهات أخرى، تشمل الرخصة عملية الاحتساب وطريقة العرض، وتبقى البيانات الأصلية خاضعة لشروط ناشريها. ولا تشمل الرخصة: مواد الجهات الأخرى، فالوثائق والبيانات والجداول والرسوم والنصوص التي تنشرها جهات أخرى تبقى خاضعة لشروط ناشريها، بما في ذلك حين يوردها هذا المورد أو يقتبسها أو يترجمها، ولا يستضيف هذا المورد نسخًا من ملفاتها؛ واسم CauseWay وشعارها وعلاماتها؛ والشيفرة البرمجية للمستودع الذي يبني هذا المورد، فهي خارج نطاق هذه الرخصة. الأرقام المشتقة من البيانات الجزئية للمسوح: فترات الثقة التي يستخرجها هذا المورد من ملف المستجيبين في مسح Global Findex لليمن (سجل الدليل CLM-026) محسوبة من ملف حصلت عليه CauseWay بموجب رخصة البحث للبيانات الجزئية لدى البنك الدولي؛ ولا تُنشر إلا تقديرات تجميعية، ولا تُنشر أي بيانات على مستوى المستجيبين. استشهد بالبيانات كما تشترط تلك الرخصة: Demirgüç-Kunt وKlapper وSinger وAnsar (2022)، The Global Findex Database 2021: Financial Inclusion, Digital Payments, and Resilience in the Age of COVID-19، واشنطن العاصمة: البنك الدولي. ولا تمتد رخصة CC BY 4.0 إلى البيانات الجزئية الأصلية، التي لا يستضيفها هذا المورد ولا يعيد توزيعها. ويجوز لك مشاركة محتوى CauseWay وتعديله لأي غرض، بشرط أن تنسبه إلى CauseWay، وأن تضع رابطًا إلى الرخصة، وأن تبيّن ما إذا كنت قد أجريت تغييرات: اذكر العنوان، والمؤلف (CauseWay)، والمصدر (هذا المورد ورابط الصفحة)، والرخصة (CC BY 4.0)، والتغييرات التي أجريتها. وعند إعادة استخدام رقم، استعمل سطرين: أولًا هذا المورد (أدلة الشمول المالي في اليمن، والسجل، وCauseWay، والإصدار، ورابط الصفحة)، ثم المصدر الأصلي الذي يسمّيه السجل (الناشر، والعنوان، والسنة، والرابط). وتذكر هذه الصفحة الرخصة التي تطبقها CauseWay على محتواها الخاص، ولا تفيد بأن أي حقوق لجهات أخرى قد سُوّيت.",4b0beb6aa48d65d1f980e3ef3cc2becf09530f08e1e20d2d82439a6315ec742f,781a8983991b8e25957ce44f64d2a53580fa8a9ec7a67e59c9c81ef51b0d9649,YES,لا تستبدل الأرقام ولا الوحدات ولا النطاق,CHECK_MEANING_PARITY,Rights+Master,تصحيح مطابقة الفعل مع «تقديرات» مقبول، من دون أي تغيير لرخصة CC BY 4.0 أو إعلان تحقق قانوني.,NO
ED-034,2ddbfb611bb139d9597aec9b6b79153699cc4d94,site-src/content/content/page_sections.json,route=/methodology/; section_order=7; section_role=التحليل,body_ar,BLOCKER,MASTER_FIRST_STATISTICAL_METHOD,"تنطوي تقديرات المسوح على قدر من عدم اليقين مصدره المعاينة ونطاق التغطية. فإذا نشر المصدر فترة ثقة أو خطأً معياريًا عُرض مع التقدير، وإذا لم ينشره فلا تُضاف فترة ثقة ولا خطأ معياري ولا اختبار دلالة ما لم يمكن إعادة احتسابها من أوزان المسح وتصميمه. وفي موجة Global Findex 2021 في اليمن يعيد هذا المورد احتسابها فعلًا: فملف المستجيبين المنشور للباحثين يحمل وزن المسح، ومن ثَمّ تُستخرج فترة ثقة 95% لكل نسبة منشورة بالطريقة القائمة على تصميم المسح لنسبة موزونة، وتُعرض مع القيمة. ولا يحمل ذلك الملف معرّف وحدة المعاينة، لذلك لا تُحتسب آثار التجمّع العنقودي وقد تكون الفترات المستخرجة أوسع في الواقع لا أضيق؛ والطريقة وكل فترة مسجّلتان مع قيمتهما، ولا يُعاد نشر ملف المستجيبين نفسه أبدًا. وتحتفظ القيمة المشتقة، كالفرق بين نسبتين، بدقة مدخلاتها من دون منازل عشرية إضافية، ولا تُقرأ الفروق الطفيفة بين التقديرات على أنها ترتيب. وتُعرض نسب المؤشر العالمي للشمول المالي (Global Findex) بمنزلة عشرية واحدة، مقرّبةً من القيم غير المقرّبة لدى البنك الدولي، والفجوة بين فئتين هي الفرق بين النسبتين المعروضتين. وتطابق المنزلة العشرية الواحدة جدول البنك الدولي نفسه الخاص باليمن في كتيّب البيانات الموجز عن الشمول المالي (The Little Data Book on Financial Inclusion) لعام 2015. وهي اصطلاح في العرض، لا ادعاء بدقة تبلغ عُشر النقطة؛ ففي عينة من نحو 1,000 بالغ، وبعدد أقل في كل فئة، يتجاوز خطأ المعاينة ذلك بكثير.","تنطوي تقديرات المسوح على قدر من عدم اليقين مصدره المعاينة ونطاق التغطية. فإذا نشر المصدر فترة ثقة أو خطأً معياريًا عُرض مع التقدير، وإذا لم ينشره فلا تُضاف فترة ثقة ولا خطأ معياري ولا اختبار دلالة ما لم يمكن إعادة احتسابها من أوزان المسح وتصميمه. وفي موجة Global Findex 2021 في اليمن يعيد هذا المورد احتسابها فعلًا: فملف المستجيبين المنشور للباحثين يحمل وزن المسح، ومن ثَمّ تُحتسب فترة ثقة 95% لكل نسبة منشورة باستخدام الأوزان والمعلومات المتاحة، وتُعرض مع القيمة وشرح افتراضات حسابها. لكن الملف لا يحمل معرّف وحدة المعاينة، لذلك لا يمكن منه وحده احتساب أثر التجمّع العنقودي أو الجزم باتجاه هذا الأثر وحجمه. ولا يجوز وصف هذه الفترات بأنها مصحّحة بالكامل لتصميم المسح قبل التحقق من معلومات التصميم وطريقة التقدير؛ والطريقة وكل فترة مسجّلتان مع قيمتهما، ولا يُعاد نشر ملف المستجيبين نفسه أبدًا. وتحتفظ القيمة المشتقة، كالفرق بين نسبتين، بدقة مدخلاتها من دون منازل عشرية إضافية، ولا تُقرأ الفروق الطفيفة بين التقديرات على أنها ترتيب. وتُعرض نسب المؤشر العالمي للشمول المالي (Global Findex) بمنزلة عشرية واحدة، مقرّبةً من القيم غير المقرّبة لدى البنك الدولي، والفجوة بين فئتين هي الفرق بين النسبتين المعروضتين. وتطابق المنزلة العشرية الواحدة جدول البنك الدولي نفسه الخاص باليمن في كتيّب البيانات الموجز عن الشمول المالي (The Little Data Book on Financial Inclusion) لعام 2015. وهي اصطلاح في العرض، لا ادعاء بدقة تبلغ عُشر النقطة؛ ففي عينة من نحو 1,000 بالغ، وبعدد أقل في كل فئة، يتجاوز خطأ المعاينة ذلك بكثير.",241daca5c86d06850c9343d1436f8a4798a255737917d14ef888dc54c6bcc514,9c0144cc6e597dc73efae01f22017e5cc5cbd9cd4954576d3ee9b1971a4f8257,YES,Manual review required for words and values,CHANGE_EN_AND_STATISTICS_QA,Master CLM-026 statistical derivation + original microdata design documentation,القول إن غياب متغير العناقيد يجعل الفترات الحقيقية أوسع بالضرورة استنتاج إحصائي غير مضمون؛ وكذلك ادعاء تصحيح التصميم الكامل يحتاج دليلًا.,NO
ED-035,2ddbfb611bb139d9597aec9b6b79153699cc4d94,site-src/content/content/page_sections.json,route=/providers/; section_order=1,body_ar,MATERIAL,MASTER_FIRST_TEMPORAL_PRECISION,تضم قائمة البنوك المرخصة الصادرة عن البنك المركزي اليمني – عدن، كما اطُّلع عليها في 3 أكتوبر 2026، 26 بنكًا، وتضم قائمته لعام 2026 لشركات الصرافة والحوالات 100 شركة صرافة و231 منشأة صرافة فردية و111 وكيلًا للحوالات. وتبين هذه المصادر من يحمل أي صفة رسمية لدى تلك السلطة في تاريخ محدد. أما التشغيل والنشاط والوصول وجودة الخدمة فتحتاج إلى أدلة إضافية.,تضم قائمة البنوك المرخصة الصادرة عن البنك المركزي اليمني – عدن، كما اطُّلع عليها في 3 أكتوبر 2026، 26 بنكًا، وتضم قائمته لعام 2026 لشركات الصرافة والحوالات 100 شركة صرافة و231 منشأة صرافة فردية و111 وكيلًا للحوالات. وتبين القوائم الأسماء والأوصاف الرسمية كما نشرتها تلك الجهة وفي حدود نطاقها. أما تاريخ الاطلاع على القائمة فلا يثبت وحده أن هذه الأوصاف كانت نافذة في ذلك اليوم. أما التشغيل والنشاط والوصول وجودة الخدمة فتحتاج إلى أدلة إضافية.,1dd06f0549b818d5b770715dd5214d0defd0ccf91346dbc530dc8a49b1cb12d4,d7418972ecd5645b1c0f5ad0a479688b4b679f36c21d635553379807f4b10117,YES,Manual review required for words and values,CHANGE_EN_REQUIRED,Master provider source dates and status event semantics,تاريخ الاطلاع على كشف غير مؤرخ ليس تاريخ سريان الترخيص أو الحالة التشغيلية.,NO
ED-036,2ddbfb611bb139d9597aec9b6b79153699cc4d94,site-src/content/content/page_sections.json,route=/finance/; section_order=4; section_role=التحليل,body_ar,MATERIAL,MASTER_FIRST_PROVIDER_CLASSIFICATION,يحدد وصف المصدر 12 من البنوك الـ26 الواردة في قائمة البنوك المرخصة الصادرة عن البنك المركزي اليمني – عدن، كما اطُّلع عليها في 3 أكتوبر 2026، بوصفها بنوك تمويل أصغر، والورود في القائمة يثبت الإدراج لا التشغيل ولا مدى الانتشار. أما الأرقام التاريخية للتمويل الأصغر فمصدرها مجموعات من الجهات المُبلِّغة يتغير أعضاؤها — فمجموعة 2014 مثلًا تضم تسعة مقدمي خدمة — ولذلك لا تشكل أعداد مقدمي الخدمة وإجمالياتهم في فترات مختلفة سلسلة متصلة واحدة.,يضم كشف البنوك المرخصة الصادر عن البنك المركزي اليمني – عدن، كما اطُّلع عليه في 3 أكتوبر 2026، 26 بنكًا. ويستند وصف 12 منها في هذا المورد كبنوك تمويل أصغر إلى تسميات المؤسسات كما وردت في الكشف، ولا يثبت هذا الوصف وحده تصنيفًا تنظيميًا مستقلًا أو نشاطًا فعليًا أو انتشارًا جغرافيًا. أما الأرقام التاريخية للتمويل الأصغر فمصدرها مجموعات من الجهات المُبلِّغة يتغير أعضاؤها — فمجموعة 2014 مثلًا تضم تسعة مقدمي خدمة — ولذلك لا تشكل أعداد مقدمي الخدمة وإجمالياتهم في فترات مختلفة سلسلة متصلة واحدة.,2c90614b9afa8f0c3104db4bf56ddb9afe3a0c913c1ca5686baf98b45ce53fbc,b301d68f009fda75724f1618eb56d38bc341481b33ffc81c2c28e349f022b4df,YES,Manual review required for words and values,CHANGE_EN_REQUIRED,Master provider classification and source universe,منع تحويل الاستدلال من تسمية المؤسسة إلى تصنيف تنظيمي أو دليل تشغيل، مع حفظ الكون 26/12.,NO
ED-037,2ddbfb611bb139d9597aec9b6b79153699cc4d94,site-src/content/content/page_sections.json,route=/readings/where-bank-balance-sheets-sit/; section_order=2,body_ar,MATERIAL,MASTER_FIRST_CLAIM_BOUNDARY,"يكشف موضع أصول المنظومة المصرفية شيئًا عمّن تخدمه. فالنشرة الشهرية للبنك المركزي اليمني – عدن لشهر مايو 2026 (العدد رقم 54) تعرض الميزانية المجمعة للبنوك التجارية والإسلامية، وهي بحسب تعريفها جميع المؤسسات المالية التجارية والإسلامية العاملة في الجمهورية اليمنية التي تقبل الودائع. وفي نهاية مايو 2026 بلغت أصولها الإجمالية 13,362.1 مليار ريال، منها قروض وسلفيات للحكومة — وهي وفق تعريف النشرة أذون الخزانة وسندات الخزانة والصكوك الإسلامية — قدرها 2,145.0 مليار، وقروض وسلفيات للقطاع الخاص قدرها 1,350.4 مليار، وأصول خارجية قدرها 4,448.0 مليار، واحتياطيات قدرها 2,538.8 مليار. ويعادل الائتمان الممنوح للقطاع الخاص 10.1% من الأصول الإجمالية، ويشمل هذا البند الأسر إلى جانب المنشآت.
ولا تذكر النشرة أيَّ أجزاء من اليمن تغطيها أرقامها.","تُظهر الميزانية المصرفية كيف تتوزع الأصول بين بنود مختلفة، لكنها لا تكشف وحدها مَن تصل إليه الخدمات المالية أو مَن يستفيد منها. فالنشرة الشهرية للبنك المركزي اليمني – عدن لشهر مايو 2026 (العدد رقم 54) تعرض الميزانية المجمعة للبنوك التجارية والإسلامية، وهي بحسب تعريفها جميع المؤسسات المالية التجارية والإسلامية العاملة في الجمهورية اليمنية التي تقبل الودائع. وفي نهاية مايو 2026 بلغت أصولها الإجمالية 13,362.1 مليار ريال، منها قروض وسلفيات للحكومة — وهي وفق تعريف النشرة أذون الخزانة وسندات الخزانة والصكوك الإسلامية — قدرها 2,145.0 مليار، وقروض وسلفيات للقطاع الخاص قدرها 1,350.4 مليار، وأصول خارجية قدرها 4,448.0 مليار، واحتياطيات قدرها 2,538.8 مليار. ويعادل الائتمان الممنوح للقطاع الخاص 10.1% من الأصول الإجمالية، ويشمل هذا البند الأسر إلى جانب المنشآت.
ولا تذكر النشرة أيَّ أجزاء من اليمن تغطيها أرقامها.",f162ea12cf4e415a45c2389ddf4f106fd8aad92c4a8b954d5d289566b24e55b6,731125d537ee87f0443dfc97cfd0aeffc06437b5495b560b603f5f64a7019f9f,YES,Manual review required for words and values,CHANGE_EN_REQUIRED,Master CWR-011/claim binding: balance sheet cannot identify recipient universe,التوزيع المحاسبي للأصول لا يعرّف المستفيدين النهائيين؛ يجب ألا يوحي أول سطر بما لا يمكن استنتاجه.,NO
ED-038,2ddbfb611bb139d9597aec9b6b79153699cc4d94,site-src/content/content/interface_copy.json,ui_id=UI-COMPARE-NO-AUTO-AVERAGE-NO-PREFERRED,label_ar,MATERIAL,MASTER_FIRST_COMPARABILITY_RULE,لا متوسطات تلقائية · لا رقم مفضل · لا معامل تحويل مفترض,لا متوسطات آلية · لا ترجيح بلا دليل · لا معامل تحويل مفترض,538efc0dbf5f21d970e209a695584e136d74c9116718f924316dbcbeb5c7f8a5,5604c2b7d466edf85f381cfe515b543b1d37b943312d7a83ebf600e32b7a46f9,YES,Manual review required for words and values,CHANGE_EN_REQUIRED,Master evidence comparison adjudication and UI interaction rules,المقارنة لا تختار رقمًا اعتباطيًا، لكنها قد ترجّح مصدرًا بموجب قواعد السلطة والمنهج.,NO
